User,PostalCode,Country,Latitude,Longitude,distanceToHdV
1,J2T4B7,Canada,45.613837,-72.959814,47409.125699775876
2,J2S7V9,Canada,45.623583,-72.962706,46912.30185570192
3,J2H2T9,Canada,45.382348,-72.733789,58777.477399697804
4,J2X3C5,Canada,45.30354,-73.24116,87204.85881279681
5,J2S6Z5,Canada,45.600663,-72.976692,49354.3455623638
6,J2B5Y8,Canada,45.866007,-72.494418,1815.4899557599556
7,J2B5Y8,Canada,45.866007,-72.494418,1815.4899557599556
8,J2R1R1,Canada,45.637956,-72.92187,43424.618256666916
9,J2H1W4,Canada,45.409243,-72.711862,55389.72337159971
10,J2S0K2,Canada,45.622458,-72.955891,46571.45686973311
11,J2T4M3,Canada,45.63999,-72.933022,43967.12840410959
12,J2L0H1,Canada,45.279153,-72.785313,70952.17731066186
13,J2T1J2,Canada,45.633475,-72.929143,44178.283309091436
14,J2K0M5,Canada,45.188608,-72.755522,79892.48781151044
15,J2T4H2,Canada,45.624855,-72.935785,45183.67866839192
16,J2E1A5,Canada,45.901384,-72.531527,4336.104759932248
17,J2S8R9,Canada,45.595348,-72.976623,49727.39339553325
18,J2E1K2,Canada,45.906972,-72.541124,5298.101622694679
19,J2R1C7,Canada,45.646721,-72.990139,47141.205991995186
20,J2S0N2,Canada,45.63818,-72.97214,46529.99650106498
21,J2R1A4,Canada,45.646968,-73.003911,48021.3607147773
22,J2T3B2,Canada,45.61789,-72.922008,44861.256546271696
23,J2S2R7,Canada,45.620614,-72.957257,46782.20667290896
24,J2S1K2,Canada,45.632462,-72.960445,46172.78483959967
25,J2T0E6,Canada,45.62305,-72.915724,44115.60777268229
26,J2T3N2,Canada,45.619008,-72.936012,45611.666625929945
27,J2S4K3,Canada,45.632141,-72.950503,45578.22336309455
28,J2S1W6,Canada,45.630147,-72.956759,46099.774690918
29,J2S8A9,Canada,45.633645,-72.96968,46671.39611434567
30,J2R1C1,Canada,45.649587,-72.99216,47096.256175256756
31,J2R1R5,Canada,45.639886,-72.920452,43204.38545889162
32,J2R1E2,Canada,45.647369,-72.998611,47651.45951734551
33,J2T0A5,Canada,45.612425,-72.933279,45923.15375412722
34,J2X5E5,Canada,45.303887,-73.225567,86359.32172927477
35,J2S0N4,Canada,45.63818,-72.97214,46529.99650106498
36,J2R1B2,Canada,45.650564,-72.989372,46855.215888068255
37,J2S1H5,Canada,45.6351,-72.975543,46945.19437973134
38,J2R1B6,Canada,45.643714,-72.993787,47563.31235740532
39,J2R1E2,Canada,45.647369,-72.998611,47651.45951734551
40,J2S8V8,Canada,45.641164,-72.946803,44742.1906097124
41,J2S4Y2,Canada,45.631846,-72.955171,45886.770820379905
42,J2T5A8,Canada,45.640209,-72.925241,43474.475897546894
43,J2S7H3,Canada,45.631,-72.962497,46398.26597580284
44,J2S7X3,Canada,45.642226,-72.955742,45231.83523417456
45,J2T4Z9,Canada,45.619538,-72.938404,45717.140568365765
46,J2R1K7,Canada,45.654552,-72.934463,43085.650882220405
47,J2H0X6,Canada,45.428981,-72.7425,54150.62672354809
48,J2T1B5,Canada,45.63199,-72.937627,44798.0007861481
49,J2R1C7,Canada,45.646721,-72.990139,47141.205991995186
50,J2T2G3,Canada,45.623217,-72.931817,45060.94651395309
51,J2T1M5,Canada,45.62724,-72.93725,45104.97226146319
52,J2W2C2,Canada,45.370954,-73.256496,82672.5319092364
53,J2R1H9,Canada,45.638699,-73.032556,50394.34451621107
54,J2H2T9,Canada,45.382348,-72.733789,58777.477399697804
55,J2R1B3,Canada,45.650256,-72.988979,46848.51695661201
56,J2J2L3,Canada,45.420415,-72.746038,55138.904010312835
57,J2T0E4,Canada,45.626031,-72.911942,43676.033330016275
58,J2S4Y2,Canada,45.631846,-72.955171,45886.770820379905
59,J2S3J5,Canada,45.623307,-72.947759,46016.998292901415
60,J2S0H3,Canada,45.592203,-72.974923,49851.4478515383
61,J2S6J1,Canada,45.626122,-72.965244,46896.67788847456
62,J2R1G7,Canada,45.648736,-73.020239,48987.41373660071
63,J2S4A7,Canada,45.637577,-72.947943,45052.94545647988
64,J2R1G1,Canada,45.671401,-72.92646,41497.45089062227
65,J2S4G1,Canada,45.632593,-72.949639,45494.236551963906
66,J2S8M3,Canada,45.60652,-72.987822,49622.541498844264
67,J2G6M7,Canada,45.413647,-72.745132,55814.41126536458
68,J2X5N2,Canada,45.276363,-73.202023,87486.12713842484
69,J2W1S9,Canada,45.371063,-73.30141,85241.15625249181
70,J2H3C4,Canada,45.383662,-72.71603,58195.88148118272
71,J2S5V2,Canada,45.624213,-72.953113,46280.65496551406
72,J2S8C2,Canada,45.633176,-72.947611,45329.54124555928
73,J2L0S8,Canada,45.265284,-72.686601,70296.70421226726
74,J2K0L5,Canada,45.21612,-72.75254,76878.5194579786
75,J2S5C9,Canada,45.628056,-72.950463,45854.25725636986
76,J2S8W3,Canada,45.643604,-72.956308,45177.29421480843
77,J2N2Y5,Canada,45.276137,-72.97253,77308.98618869124
78,J2L2R4,Canada,45.313545,-72.671401,64794.16233032034
79,J2G8L6,Canada,45.416053,-72.739238,55398.86298236893
80,J2T1Y9,Canada,45.615966,-72.949416,46631.67030202209
81,J2S4Y2,Canada,45.631846,-72.955171,45886.770820379905
82,J2L2W4,Canada,45.320457,-72.664373,63922.07262564436
83,J2H0X6,Canada,45.428981,-72.7425,54150.62672354809
84,J2S3S9,Canada,45.61022,-72.97354,48494.68393478915
85,J2N3C6,Canada,45.262067,-72.982028,79039.10270256606
86,J2N2Y5,Canada,45.276137,-72.97253,77308.98618869124
87,J2T5C2,Canada,45.615881,-72.926828,45291.479179198155
88,J2T5H2,Canada,45.585552,-72.944021,48539.407786607204
89,J2S1W2,Canada,45.631317,-72.955072,45916.35298103205
90,J2T0A1,Canada,45.612986,-72.956023,47239.87500911318
91,J2X2R8,Canada,45.292347,-73.232406,87675.85670452945
92,J2S3Y6,Canada,45.602128,-72.977088,49275.03201984823
93,J2S7H2,Canada,45.630324,-72.961127,46358.48059919262
94,J2S8B1,Canada,45.686902,-72.954883,42434.587207226505
95,J2K0E5,Canada,45.215236,-72.727574,76467.15222214641
96,J2J0V2,Canada,45.387682,-72.777554,59440.98358641575
97,J2N1Y8,Canada,45.270443,-72.984461,78320.85472049753
98,J2T1R7,Canada,45.615175,-72.958111,47212.36901690528
99,J2S6J2,Canada,45.626122,-72.965244,46896.67788847456
100,J2S6T9,Canada,45.609185,-72.976591,48752.330366437265
101,J2X3N3,Canada,45.306707,-73.238792,86819.34703206146
102,J2J2M3,Canada,45.419872,-72.743406,55119.81753804549
103,J2B0G8,Canada,45.851827,-72.470649,3375.954107935777
104,J2T5G9,Canada,45.601132,-72.96861,48835.720449673456
105,J2T0A1,Canada,45.612986,-72.956023,47239.87500911318
106,J2S5Y5,Canada,45.628182,-72.959653,46411.61458107476
107,J2S6B8,Canada,45.625634,-72.961131,46675.66739008752
108,J2J2K3,Canada,45.40796,-72.757589,56761.22572564005
109,J2S4P6,Canada,45.623005,-72.940035,45570.25002190208
110,J2M1P5,Canada,45.363021,-72.607339,58416.35723871725
111,J2T4L8,Canada,45.611542,-72.956807,47388.97223884815
112,J2S7E7,Canada,45.626996,-72.956763,46313.87261054166
113,J2S7J4,Canada,45.638008,-72.962517,45934.59788734594
114,J2W2E9,Canada,45.353878,-73.264463,84440.2840086222
115,J2R1G7,Canada,45.648736,-73.020239,48987.41373660071
116,J2C8V2,Canada,45.861632,-72.511278,2985.315085326388
117,J2J2R9,Canada,45.395393,-72.76533,58284.924474548956
118,J2T2X1,Canada,45.63282,-72.935223,44593.9222034391
119,J2T2Z4,Canada,45.626642,-72.932551,44862.84670539475
120,J2T2Z4,Canada,45.626642,-72.932551,44862.84670539475
121,J2C6Z2,Canada,45.868779,-72.518111,2946.508443999404
122,J2S3N8,Canada,45.623974,-72.94132,45579.914500171464
123,J2T5H2,Canada,45.585552,-72.944021,48539.407786607204
124,J2S5Y2,Canada,45.627316,-72.95853,46400.98942185187
125,J2S0M4,Canada,45.63818,-72.97214,46529.99650106498
126,J2S7J6,Canada,45.637577,-72.947943,45052.94545647988
127,J2G9H1,Canada,45.39913,-72.734339,57031.33326294275
128,J2H1M7,Canada,45.423903,-72.708804,53767.50006885075
129,J2T0E4,Canada,45.626031,-72.911942,43676.033330016275
130,J2S8N1,Canada,45.638095,-72.94447,44802.6734631849
131,J2B0V7,Canada,45.864664,-72.484767,1781.5521424694361
132,J2H0L8,Canada,45.345058,-72.692639,61794.045107958664
133,J2X3H6,Canada,45.304364,-73.239954,87073.46857917043
134,J2S2A9,Canada,45.630596,-72.951631,45752.71625623566
135,J2B8M5,Canada,45.860535,-72.507063,2859.513631603585
136,J2R1K7,Canada,45.654552,-72.934463,43085.650882220405
137,J2S7K9,Canada,45.631334,-72.966826,46645.714590298245
138,J2S3L2,Canada,45.624125,-72.94474,45776.65349578789
139,J2T0A1,Canada,45.612986,-72.956023,47239.87500911318
140,J2R1N8,Canada,45.645941,-72.893183,41131.40562110923
141,J2R1L7,Canada,45.643332,-72.889213,41080.51122242151
142,J2S1P6,Canada,45.632904,-72.955427,45831.3774225088
143,J2S1C3,Canada,45.639388,-72.956616,45473.44810666217
144,J2S4E4,Canada,45.637399,-72.954596,45478.9642555355
145,J2H2J9,Canada,45.395638,-72.703196,56620.60388248751
146,J2R1E7,Canada,45.650121,-72.999441,47538.60813408655
147,J2K3V5,Canada,45.195561,-72.747198,78975.00609422843
148,J2K3V5,Canada,45.195561,-72.747198,78975.00609422843
149,J2G1L7,Canada,45.4107,-72.715168,55319.088614687156
150,J2X1V9,Canada,0,0,8672420.421869809
151,J2S8C8,Canada,45.611278,-72.977862,48685.428053775446
152,J2R1M8,Canada,45.642713,-72.907503,42221.45013173891
153,J2S7B2,Canada,45.611348,-72.984956,49115.95877988069
154,J2J2K3,Canada,45.40796,-72.757589,56761.22572564005
155,J2S4E4,Canada,45.637399,-72.954596,45478.9642555355
156,J2S8T7,Canada,45.631861,-72.948364,45465.3600596994
157,J2S7J4,Canada,45.638008,-72.962517,45934.59788734594
158,J2S1B7,Canada,45.636635,-72.961497,45961.08678774482
159,J2R1M5,Canada,45.640528,-72.910855,42577.27506789171
160,J2T1P3,Canada,45.620506,-72.94019,45755.78643949541
161,J2E0A2,Canada,45.939884,-72.571509,9447.51809213886
162,J2T0E5,Canada,45.61286,-72.940751,46334.401392132015
163,J2T3H5,Canada,45.611131,-72.915535,44981.12016889001
164,J2C4Z9,Canada,45.894868,-72.47216,1833.7237208935744
165,J2S8R1,Canada,45.636982,-72.939473,44569.1859926624
166,J2H1A7,Canada,45.405207,-72.70969,55762.336308767124
167,J2S8M6,Canada,45.640885,-72.961623,45689.85295814161
168,J2S3L7,Canada,45.623048,-72.94637,45950.66959317736
169,J2K0E5,Canada,45.215236,-72.727574,76467.15222214641
170,J2R1T1,Canada,45.645759,-72.976237,46305.80082817603
171,J2S7K1,Canada,45.640198,-72.95964,45609.97573260814
172,J2G6A8,Canada,45.425472,-72.732813,54240.3122221792
173,J2T4T9,Canada,45.641604,-72.935683,44021.92252870094
174,J2S4C7,Canada,45.640994,-72.959829,45569.71287774554
175,J2R1M3,Canada,45.64325,-72.895887,41484.58686585962
176,J2S1E5,Canada,45.601645,-72.974545,49155.72625712943
177,J2T5B6,Canada,45.622874,-72.921875,44492.42606400349
178,J2H1W5,Canada,45.419575,-72.715771,54400.770910431485
179,J2S8W9,Canada,45.643581,-72.95903,45350.53697297055
180,J2J0E4,Canada,45.396028,-72.772255,58424.1167500544
181,J2G4A2,Canada,45.386343,-72.750116,58793.11771517762
182,J2S8X8,Canada,45.636389,-72.945936,45008.49762687274
183,J2R1A4,Canada,45.646968,-73.003911,48021.3607147773
184,J2W1Y9,Canada,45.341892,-73.296924,87193.93279715111
185,J2T1P5,Canada,45.62031,-72.942801,45926.798518445954
186,J2J1T3,Canada,45.406887,-72.754821,56791.796330634694
187,J2R1M6,Canada,45.642047,-72.908591,42333.913701527075
188,J2R1M6,Canada,45.642047,-72.908591,42333.913701527075
189,J2S1A5,Canada,45.634594,-72.972449,46783.14313638121
190,J2X4K1,Canada,45.298051,-73.236289,87403.09690850652
191,J2T4K7,Canada,45.609707,-72.955347,47431.250966915984
192,J2T0B1,Canada,45.597098,-72.96647,48996.835464438554
193,J2S2X7,Canada,45.631766,-72.94235,45102.35253996789
194,J2W1Y9,Canada,45.341892,-73.296924,87193.93279715111
195,J2T0J3,Canada,45.613787,-72.917475,44896.7273812251
196,J2H2T3,Canada,45.394254,-72.693561,56546.89065153035
197,J2R1H6,Canada,45.669529,-72.937866,42349.04461736461
198,J2S1T7,Canada,45.635915,-72.949646,45270.297738670866
199,J2S9E5,Canada,45.61019,-72.986219,49272.695689915
200,J2T0C6,Canada,45.63892,-72.92406,43491.18893154894
201,J2G9B7,Canada,45.413577,-72.711615,54926.424575718505
202,J2S7S7,Canada,45.631334,-72.966826,46645.714590298245
203,J2C5A6,Canada,45.869073,-72.507725,2237.3244701251174
204,J2S6J7,Canada,45.629049,-72.969068,46937.744734014916
205,J2S8T1,Canada,45.639901,-72.948613,44939.191870673225
206,J2S8T1,Canada,45.639901,-72.948613,44939.191870673225
207,J2T1A5,Canada,45.637296,-72.926923,43778.11658339067
208,J2G4G8,Canada,45.389174,-72.72674,57879.171124729175
209,J2J2V9,Canada,45.382802,-72.740008,58891.70916248364
210,J2S8T1,Canada,45.639901,-72.948613,44939.191870673225
211,J2S3Y7,Canada,45.601875,-72.978049,49350.85316840685
212,J2J0T2,Canada,45.387682,-72.777554,59440.98358641575
213,J2J0T2,Canada,45.387682,-72.777554,59440.98358641575
214,J2T5E9,Canada,45.626522,-72.929349,44678.52612639838
215,J2S1E5,Canada,45.601645,-72.974545,49155.72625712943
216,J2S5Z1,Canada,45.627674,-72.960415,46493.09347678037
217,J2T1Y1,Canada,45.618417,-72.945667,46232.95023120125
218,J2A2G3,Canada,45.841658,-72.444785,5306.618425771748
219,J2R1W5,Canada,45.699274,-72.893304,37635.33745789766
220,J2S7V2,Canada,45.593105,-72.976206,49862.98271711375
221,J2G5C8,Canada,45.400921,-72.728991,56702.64101291886
222,J2T5B6,Canada,45.622874,-72.921875,44492.42606400349
223,J2S8P7,Canada,45.59965,-72.980633,49663.337452795
224,J2J2R9,Canada,45.395393,-72.76533,58284.924474548956
225,J2G4B3,Canada,45.386679,-72.741122,58515.088749734015
226,J2K0C7,Canada,45.212493,-72.721723,76651.60624932476
227,J2S3Y4,Canada,45.604713,-72.973084,48851.52304600452
228,J2W2K5,Canada,45.35105,-73.267907,84852.96061275412
229,J2K2X8,Canada,45.203872,-72.746857,78074.57165745452
230,J2S5R5,Canada,45.62952,-72.957994,46218.541969828584
231,J2S6A3,Canada,45.630484,-72.96571,46632.754249369726
232,J2R1G2,Canada,45.648718,-72.983227,46570.523586480966
233,J2S5L9,Canada,45.631382,-72.958343,46114.61599609952
234,J2S4S8,Canada,45.631001,-72.951712,45730.19123066122
235,J2T3M7,Canada,45.620761,-72.936859,45537.6609916307
236,J2S8W3,Canada,45.643604,-72.956308,45177.29421480843
237,J2T3Y7,Canada,45.615335,-72.952449,46858.91581949022
238,J2S6H4,Canada,45.630619,-72.969151,46838.421991133866
239,J2R1A4,Canada,45.646968,-73.003911,48021.3607147773
240,J2T4J8,Canada,45.616352,-72.942946,46215.762711187854
241,J2R2T2,Canada,0,0,8672420.421869809
242,J2T4H8,Canada,45.627892,-72.933018,44803.18836641392
243,J2R2H9,Canada,45.642953,-72.896674,41552.828120763
244,J2S9A3,Canada,45.600447,-72.991485,50265.640375433635
245,J2L0G8,Canada,45.318881,-72.661594,64046.2278039641
246,J2S0N5,Canada,45.63818,-72.97214,46529.99650106498
247,J2S6V9,Canada,45.602888,-72.970688,48835.78948066372
248,J2S8A9,Canada,45.633645,-72.96968,46671.39611434567
249,J2T5A9,Canada,45.640723,-72.927312,43566.09890301812
250,J2S4Z3,Canada,45.634157,-72.963523,46251.894985516206
251,J2S1B5,Canada,45.640344,-72.956696,45415.4396511983
252,J2G6N4,Canada,45.415459,-72.747875,55704.748688410546
253,J2S2B7,Canada,45.627144,-72.955957,46254.174837898645
254,J2C8L7,Canada,45.904776,-72.514233,3555.5586482085064
255,J2S4S5,Canada,45.63033,-72.949902,45664.347782089724
256,J2L1A7,Canada,45.318246,-72.667107,64209.19840640131
257,J2R1R4,Canada,45.638663,-72.920838,43312.73778858615
258,J2S9B6,Canada,45.641214,-72.949716,44920.75622956734
259,J2S4Z3,Canada,45.634157,-72.963523,46251.894985516206
260,J2S7C8,Canada,45.611348,-72.984956,49115.95877988069
261,J2S8W3,Canada,45.643604,-72.956308,45177.29421480843
262,J2S4A9,Canada,45.637449,-72.949347,45148.75043928389
263,J2R1N8,Canada,45.645941,-72.893183,41131.40562110923
264,J2T5J7,Canada,45.612765,-72.933715,45924.223545513465
265,J2S5C5,Canada,45.624917,-72.946196,45810.053027455484
266,J2H1W4,Canada,45.409243,-72.711862,55389.72337159971
267,J2R1L7,Canada,45.643332,-72.889213,41080.51122242151
268,J2W2Y3,Canada,45.341819,-73.293476,87004.87425388089
269,J2S0N5,Canada,45.63818,-72.97214,46529.99650106498
270,J2X5T9,Canada,45.329206,-73.236351,84853.64283246356
271,J2S5V8,Canada,0,0,8672420.421869809
272,J2S5Z7,Canada,45.62565,-72.959275,46560.230948300865
273,J2T3M2,Canada,45.618047,-72.923182,44919.02458413286
274,J2T5L5,Canada,45.613568,-72.932924,45819.26664719207
275,J2S1E4,Canada,45.60369,-72.971749,48843.00037377134
276,J2S7J5,Canada,45.634785,-72.947365,45205.28603201024
277,J2S8L8,Canada,45.605067,-72.983656,49468.28610723969
278,J2T4M9,Canada,45.641426,-72.933777,43916.15668239585
279,J2W1E1,Canada,45.341257,-73.276558,86099.26055057136
280,J2T3H5,Canada,45.611131,-72.915535,44981.12016889001
281,J2S7V9,Canada,45.623583,-72.962706,46912.30185570192
282,J2T5G8,Canada,45.604758,-72.96653,48453.491801967335
283,J2S8R1,Canada,45.636982,-72.939473,44569.1859926624
284,J2R1L2,Canada,45.643958,-72.977172,46479.61659870414
285,J2S1V1,Canada,45.635261,-72.950338,45357.21075101664
286,J2T4G6,Canada,45.612058,-72.957442,47390.8091048406
287,J2M1K2,Canada,45.355401,-72.56932,58846.706199417196
288,J2W1T5,Canada,45.367897,-73.308621,85896.12058434192
289,J2R1G9,Canada,45.649279,-73.001816,47744.71587055939
290,J2S8R8,Canada,45.593794,-72.974029,49683.90344323794
291,J2T4T5,Canada,45.622164,-72.924903,44723.40118283427
292,J2T2K5,Canada,45.618558,-72.932751,45449.2742867447
293,J2X5S6,Canada,45.266632,-73.241885,90323.95802885466
294,J2S1J1,Canada,45.629622,-72.96706,46774.396310942015
295,J2M1N7,Canada,45.345359,-72.574679,60005.247120664935
296,J2B5T9,Canada,45.87827,-72.477462,582.0113498322881
297,J2C8V3,Canada,45.888676,-72.536499,4154.222107036317
298,J2S7S7,Canada,45.631334,-72.966826,46645.714590298245
299,J2S6A3,Canada,45.630484,-72.96571,46632.754249369726
300,J2N0K4,Canada,45.275648,-72.970851,77292.18836176001
301,J2S2J3,Canada,45.630435,-72.947755,45525.17670362104
302,J2R1A8,Canada,45.649462,-72.996817,47407.19499003278
303,J2W3B6,Canada,45.342129,-73.2921,86903.35920394858
304,J2H0T2,Canada,45.428293,-72.702074,53135.946360329544
305,J2H2E2,Canada,45.431415,-72.714421,53122.8267358961
306,J2S1V1,Canada,45.635261,-72.950338,45357.21075101664
307,J2H2M5,Canada,45.430942,-72.740644,53894.21477009828
308,J2K4B2,Canada,45.28035,-72.768438,70401.70530877777
309,J2W1K7,Canada,45.352514,-73.303379,86749.39223610805
310,J2T5A1,Canada,45.618634,-72.937219,45710.50237008518
311,J2X5T4,Canada,45.323493,-73.207547,83792.40177750245
312,J2S5R7,Canada,45.630249,-72.958949,46228.45855649364
313,J2C8B5,Canada,45.90524,-72.516951,3734.737354773697
314,J2L0S8,Canada,45.265284,-72.686601,70296.70421226726
315,J2S4M5,Canada,45.633057,-72.95392,45727.64382239969
316,J2K1J4,Canada,45.208743,-72.740094,77413.64568936861
317,J2T1Z1,Canada,45.615596,-72.949977,46691.565149978975
318,J2C0B5,Canada,45.890836,-72.483049,1135.7153499268736
319,J2T5K5,Canada,45.614778,-72.928047,45443.55054551903
320,J2W1H1,Canada,45.34516,-73.295589,86867.12798448915
321,J2L2E8,Canada,45.30644,-72.636638,65016.437195437335
322,J2C8T8,Canada,45.86461,-72.516466,3077.413172735548
323,J2S8N8,Canada,45.623085,-72.960835,46831.28305701591
324,J2R1S2,Canada,45.655372,-72.918977,42060.8323681927
325,J2G2S4,Canada,45.397898,-72.716789,56709.532907298126
326,J2T5G9,Canada,45.601132,-72.96861,48835.720449673456
327,J2A1N5,Canada,45.839063,-72.429259,6288.560207060012
328,J2H0T2,Canada,45.428293,-72.702074,53135.946360329544
329,J2H2X6,Canada,45.344624,-72.692988,61847.81829823662
330,J2S8X8,Canada,45.636389,-72.945936,45008.49762687274
331,J2A2R3,Canada,45.857728,-72.403445,6755.763635518348
332,J2T4W4,Canada,45.618055,-72.93506,45622.916916417904
333,J2T4B7,Canada,45.613837,-72.959814,47409.125699775876
334,J2R1M8,Canada,45.642713,-72.907503,42221.45013173891
335,J2T0BT,Canada,0,0,8672420.421869809
336,J2T0E4,Canada,45.626031,-72.911942,43676.033330016275
337,J2G8C6,Canada,0,0,8672420.421869809
338,J2S3H8,Canada,45.624481,-72.945997,45828.24057174713
339,J2R2J7,Canada,45.645793,-72.891795,41058.73775966131
340,J2H2X5,Canada,45.343022,-72.684274,61845.49530074327
341,J2T5J7,Canada,45.612765,-72.933715,45924.223545513465
342,J2B0H9,Canada,45.86729,-72.421023,5113.346960592355
343,J2S9E5,Canada,45.61019,-72.986219,49272.695689915
344,J2S9B1,Canada,45.61743,-72.99668,49434.42829120847
345,J2J2Y5,Canada,45.421269,-72.741209,54912.52559496157
346,J2A1N5,Canada,45.839063,-72.429259,6288.560207060012
347,J2T4P8,Canada,45.614749,-72.945378,46475.451106689165
348,J2S4E4,Canada,45.637399,-72.954596,45478.9642555355
349,J2L6L1,Canada,0,0,8672420.421869809
350,J2S8L8,Canada,45.605067,-72.983656,49468.28610723969
351,J2X2S2,Canada,45.289266,-73.229938,87806.05330666459
352,J2G8T6,Canada,45.417524,-72.746475,55450.77010669009
353,J2W1N6,Canada,45.348768,-73.271768,85246.56816462456
354,J2K4J7,Canada,45.241277,-72.838748,76353.54943030543
355,J2K4K9,Canada,45.244701,-72.843193,76124.72146656628
356,J2S0M9,Canada,45.63818,-72.97214,46529.99650106498
357,J2S9A9,Canada,45.601394,-72.991592,50206.55372746358
358,J2H0X5,Canada,45.428981,-72.7425,54150.62672354809
359,J2T1N7,Canada,45.620185,-72.947129,46196.84047807113
360,J2T1R7,Canada,45.615175,-72.958111,47212.36901690528
361,J2S5R7,Canada,45.630249,-72.958949,46228.45855649364
362,J2C5V4,Canada,45.900361,-72.507079,2822.7172738224276
363,J2T5E9,Canada,45.626522,-72.929349,44678.52612639838
364,J2S8B1,Canada,45.686902,-72.954883,42434.587207226505
365,J2S0E6,Canada,45.629532,-72.94526,45434.06448324845
366,J2S6N2,Canada,45.618209,-72.959643,47094.18201507695
367,J2H2T3,Canada,45.394254,-72.693561,56546.89065153035
368,J2S8R7,Canada,45.632438,-72.942675,45076.208186135555
369,J2W2P1,Canada,45.354335,-73.29973,86402.35317262508
370,J2S0M2,Canada,45.63818,-72.97214,46529.99650106498
371,J2S8M5,Canada,45.640885,-72.961623,45689.85295814161
372,J2S8R1,Canada,45.636982,-72.939473,44569.1859926624
373,J2R1B3,Canada,45.650256,-72.988979,46848.51695661201
374,J2W1K7,Canada,45.352514,-73.303379,86749.39223610805
375,J2S7B2,Canada,45.611348,-72.984956,49115.95877988069
376,J2W3B2,Canada,45.353448,-73.307754,86929.55386397774
377,J2H0Z6,Canada,45.397128,-72.686246,56078.13766917779
378,J2T4N6,Canada,45.629243,-72.931056,44589.827083788725
379,J2S4C1,Canada,45.636737,-72.951297,45317.66713970991
380,J2R1G7,Canada,45.648736,-73.020239,48987.41373660071
381,J2T0C3,Canada,45.626501,-72.927083,44543.93048379802
382,J2R1A2,Canada,45.642395,-73.006659,48478.90771607386
383,J2R0C3,Canada,45.62045,-72.94597,46108.18616450735
384,J2S5R7,Canada,45.630249,-72.958949,46228.45855649364
385,J2S8R1,Canada,45.636982,-72.939473,44569.1859926624
386,J2T4K3,Canada,45.620743,-72.929907,45123.24703746219
387,J2T0A9,Canada,45.597442,-72.964337,48845.394912400574
388,J2R1A1,Canada,45.644475,-73.006227,48323.82852153998
389,J2R1R5,Canada,45.639886,-72.920452,43204.38545889162
390,J2S4H8,Canada,45.624652,-72.939025,45393.58078743252
391,J2R1N4,Canada,45.649377,-72.895549,41031.632261270744
392,J2H1R7,Canada,45.422369,-72.70635,53867.49385953439
393,J2C8G2,Canada,45.896431,-72.526579,3727.572785776111
394,J2S4G7,Canada,45.626099,-72.939857,45342.69980528533
395,J2R1C3,Canada,45.642599,-72.992007,47517.7816148991
396,J2R1A5,Canada,45.651035,-72.994989,47192.500000560045
397,J2T0E4,Canada,45.626031,-72.911942,43676.033330016275
398,J2T2Y6,Canada,45.624549,-72.928317,44756.57187041558
399,J2X1J3,Canada,45.311201,-73.239142,86468.79883610444
400,J2W1H7,Canada,45.347604,-73.290948,86416.5955979173
401,J2R1V1,Canada,45.652306,-72.944646,43874.83562132738
402,J2H3A3,Canada,45.394717,-72.680561,56213.951695091724
403,J2S4E3,Canada,45.636494,-72.952807,45427.85580949469
404,J2R1V6,Canada,45.621655,-72.864107,41260.18905156667
405,J2S7E1,Canada,45.639914,-72.955839,45390.03232263946
406,J2S4A2,Canada,45.640715,-72.939796,44336.56892036423
407,J2S4E3,Canada,45.636494,-72.952807,45427.85580949469
408,J2H0H3,Canada,45.389229,-72.689145,56985.760288278136
409,J2T5H1,Canada,45.585552,-72.944021,48539.407786607204
410,J2R1H9,Canada,45.638699,-73.032556,50394.34451621107
411,J2S0M2,Canada,45.63818,-72.97214,46529.99650106498
412,J2S7V2,Canada,45.593105,-72.976206,49862.98271711375
413,J2R1A5,Canada,45.651035,-72.994989,47192.500000560045
414,J2R1S2,Canada,45.655372,-72.918977,42060.8323681927
415,J2R1V8,Canada,45.639605,-72.89372,41616.27595914226
416,J2R1L7,Canada,45.643332,-72.889213,41080.51122242151
417,J2R1Y3,Canada,45.623217,-72.915469,44088.43398356756
418,J2J0V9,Canada,45.387682,-72.777554,59440.98358641575
419,J2S1B3,Canada,45.637473,-72.961741,45921.09402121225
420,J2T4T5,Canada,45.622164,-72.924903,44723.40118283427
421,J2S1B3,Canada,45.637473,-72.961741,45921.09402121225
422,J2T1R9,Canada,45.613985,-72.96291,47586.4928451191
423,J2S7W4,Canada,45.630974,-72.964721,46538.43539366593
424,J2X5L7,Canada,45.293758,-73.241827,88048.40999221921
425,J2S5N7,Canada,45.60346,-72.975027,49056.934648132636
426,J2S4J2,Canada,45.625704,-72.940462,45406.96246060867
427,J2S8C8,Canada,45.611278,-72.977862,48685.428053775446
428,J2T4E2,Canada,45.617058,-72.924972,45096.473155616535
429,J2S7H7,Canada,45.630721,-72.967772,46745.53702138826
430,J2R1L8,Canada,45.647446,-72.896711,41237.353611553015
431,J2S8W3,Canada,45.643604,-72.956308,45177.29421480843
432,J2R1N7,Canada,45.64184,-72.894228,41486.07697183428
433,J2S7X3,Canada,45.642226,-72.955742,45231.83523417456
434,J2R1C8,Canada,45.647507,-72.989014,47019.82264437789
435,J2M1P3,Canada,45.359721,-72.614586,58873.50901452066
436,J2W1S3,Canada,45.350805,-73.26913,84940.50442870878
437,J2T3E4,Canada,45.626825,-72.936739,45103.040187826584
438,J2S7Z6,Canada,45.63818,-72.945006,44830.178678821816
439,J2L3J4,Canada,45.310982,-72.674374,65124.55421988919
440,J2K2E3,Canada,45.192859,-72.747572,79273.18630729997
441,J2X5N6,Canada,45.348106,-73.252127,84205.16520332449
442,J2S4S3,Canada,45.629658,-72.948566,45628.13034232507
443,J2L0M2,Canada,45.3273,-72.635266,62714.276783764166
444,J2K2E3,Canada,45.192859,-72.747572,79273.18630729997
445,J2R0A2,Canada,45.644225,-72.887656,40923.79390148694
446,J2T3Z4,Canada,45.613076,-72.94944,46837.77817339957
447,J2H3G3,Canada,45.384586,-72.704824,57832.998003801644
448,J2R1B9,Canada,45.643283,-72.995975,47731.47561367487
449,J2X2B7,Canada,45.30423,-73.231807,86656.73809362989
450,J2J0K7,Canada,45.37533,-72.843406,62822.08413883891
451,J2Y1B1,Canada,45.308447,-73.314249,90765.04583023404
452,J2S8J1,Canada,45.633176,-72.947611,45329.54124555928
453,J2S2T7,Canada,45.624389,-72.952675,46241.74740763575
454,J2S9B2,Canada,45.616552,-73.026708,51387.74325134398
455,J2T1R9,Canada,45.613985,-72.96291,47586.4928451191
456,J2C0N8,Canada,45.88654,-72.5321,3773.656459745382
457,J2S0L7,Canada,45.63818,-72.97214,46529.99650106498
458,J2L0S8,Canada,45.265284,-72.686601,70296.70421226726
459,J2R1W5,Canada,45.699274,-72.893304,37635.33745789766
460,J2R1W5,Canada,45.699274,-72.893304,37635.33745789766
461,J2B7T5,Canada,45.849159,-72.366917,9740.075822689634
462,J2T4L1,Canada,45.638508,-72.932242,44020.30909076058
463,J2S4J8,Canada,45.630435,-72.947755,45525.17670362104
464,J2L0S8,Canada,45.265284,-72.686601,70296.70421226726
465,J2B6T9,Canada,45.885131,-72.484098,497.49745073327273
466,J2R1N6,Canada,45.647446,-72.896711,41237.353611553015
467,J2T5A5,Canada,45.617534,-72.928917,45295.20820500141
468,J2S8R8,Canada,45.593794,-72.974029,49683.90344323794
469,J2R1L5,Canada,45.644036,-72.892598,41231.9001950011
470,J2X4J3,Canada,45.327304,-73.256662,86105.3180156372
471,J2S5P3,Canada,45.62504,-72.952146,46164.54528581327
472,J2S4A1,Canada,45.640715,-72.939796,44336.56892036423
473,J2B4V7,Canada,45.865392,-72.473858,1877.382802706695
474,J2W2X5,Canada,45.361159,-73.292025,85443.65467144277
475,J2E1P9,Canada,45.910976,-72.545492,5829.284970524505
476,J2S8N4,Canada,45.638743,-72.941475,44573.49965289352
477,J2W2A9,Canada,45.373806,-73.250659,82123.09547050165
478,J2S1N4,Canada,45.631851,-72.958942,46120.285597816226
479,J2R1N8,Canada,45.645941,-72.893183,41131.40562110923
480,J2T0A9,Canada,45.597442,-72.964337,48845.394912400574
481,J2S1N7,Canada,45.628169,-72.964439,46708.85068727222
482,J2R1L7,Canada,45.643332,-72.889213,41080.51122242151
483,J2T5K2,Canada,45.651352,-72.935684,43372.14730698303
484,J2S8A1,Canada,45.632288,-72.966436,46557.971070728214
485,J2S4A2,Canada,45.640715,-72.939796,44336.56892036423
486,J2G8X7,Canada,45.395599,-72.756879,58019.78387727912
487,J2S8X9,Canada,45.615673,-72.970633,47940.52759636977
488,J2R1H6,Canada,45.669529,-72.937866,42349.04461736461
489,J2Y1G9,Canada,45.368383,-73.373577,89703.20258888812
490,J2T4E9,Canada,45.616362,-72.944472,46306.52652640403
491,J2T4A2,Canada,45.612963,-72.950864,46931.21104295747
492,J2S2B2,Canada,45.6292,-72.953776,45979.84902020208
493,J2S0L7,Canada,45.63818,-72.97214,46529.99650106498
494,J2K0E2,Canada,45.190957,-72.750191,79530.81526569596
495,J2S7X3,Canada,45.642226,-72.955742,45231.83523417456
496,J2W1Z5,Canada,45.360308,-73.309385,86507.19929222697
497,J2T2Z4,Canada,45.626642,-72.932551,44862.84670539475
498,J2C5V4,Canada,45.900361,-72.507079,2822.7172738224276
499,J2T5H2,Canada,45.585552,-72.944021,48539.407786607204
500,J2W1E4,Canada,45.355394,-73.294937,86047.86544976736
501,J2S0C3,Canada,45.60916,-72.983358,49167.63268284847
502,J2T2Y6,Canada,45.624549,-72.928317,44756.57187041558
503,J2T4H4,Canada,45.618766,-72.943512,46078.59097841296
504,J2S5V2,Canada,45.624213,-72.953113,46280.65496551406
505,J2T1K1,Canada,45.631036,-72.936135,44773.01794701014
506,J2T4B7,Canada,45.613837,-72.959814,47409.125699775876
507,J2T3V7,Canada,45.616172,-72.946929,46467.512594017004
508,J2S5S2,Canada,45.631944,-72.961159,46251.86008573065
509,J2S2N7,Canada,45.621218,-72.95929,46864.73754225205
510,J2R1A3,Canada,45.644657,-73.006006,48298.350509337506
511,J2T5J8,Canada,45.645346,-72.920279,42818.033440792744
512,J2S8Y1,Canada,45.642271,-72.960758,45544.90426116392
513,J2R1M5,Canada,45.640528,-72.910855,42577.27506789171
514,J2C8G5,Canada,45.909389,-72.511227,3824.976944747733
515,J2F6R6,Canada,0,0,8672420.421869809
516,J2X2J8,Canada,45.299852,-73.236343,87256.63068992793
517,J2A2L2,Canada,45.845287,-72.434999,5478.958516823156
518,J2T5G9,Canada,45.601132,-72.96861,48835.720449673456
519,J2S4A5,Canada,45.636464,-72.941158,44708.26040419113
520,J2S0L7,Canada,45.63818,-72.97214,46529.99650106498
521,J2S8V3,Canada,45.61692,-72.974196,48073.76565738283
522,J2G8C8,Canada,0,0,8672420.421869809
523,J2T0E5,Canada,45.61286,-72.940751,46334.401392132015
524,J2S8Z4,Canada,45.613097,-72.982009,48815.30472859045
525,J2W2T2,Canada,45.34292,-73.295378,87027.41872978397
526,J2M1Y4,Canada,45.372742,-72.632346,57706.5366577841
527,J2H0V8,Canada,45.429134,-72.701757,53039.3104416258
528,J2C0L2,Canada,45.906853,-72.512495,3650.586533994636
529,J2C0L2,Canada,45.906853,-72.512495,3650.586533994636
530,J2R1W2,Canada,45.673174,-72.881691,38551.169806139435
531,J2R1M6,Canada,45.642047,-72.908591,42333.913701527075
532,J2S8S6,Canada,45.638419,-72.939689,44484.9858283332
533,J2R1R1,Canada,45.637956,-72.92187,43424.618256666916
534,J2R1M6,Canada,45.642047,-72.908591,42333.913701527075
535,J2K0B8,Canada,45.213217,-72.721204,76563.59663361714
536,J2C8V2,Canada,45.861632,-72.511278,2985.315085326388
537,J2S7V9,Canada,45.623583,-72.962706,46912.30185570192
538,J2T4X4,Canada,45.618055,-72.93506,45622.916916417904
539,J2S3Z1,Canada,45.605529,-72.970375,48630.58887065593
540,J2S7A2,Canada,45.600886,-72.980534,49570.471404522104
541,J2S7J5,Canada,45.634785,-72.947365,45205.28603201024
542,J2S2G8,Canada,45.625752,-72.955148,46299.57492280738
543,J2B8A9,Canada,45.894188,-72.554947,5689.424656748106
544,J2T5E7,Canada,45.61626,-72.936386,45830.545567477886
545,J2M0A1,Canada,45.330504,-72.610936,62034.25547628919
546,J2S4C9,Canada,45.634211,-72.947977,45281.95567885483
547,J2W2V3,Canada,45.337812,-73.295773,87443.80936404398
548,J2N2P9,Canada,45.265913,-72.937379,77009.40278776865
549,J2T4H4,Canada,45.618766,-72.943512,46078.59097841296
550,J2S8W3,Canada,45.643604,-72.956308,45177.29421480843
551,J2W2T2,Canada,45.34292,-73.295378,87027.41872978397
552,J2T1P3,Canada,45.620506,-72.94019,45755.78643949541
553,J2S6S1,Canada,45.605252,-72.970013,48628.25509772198
554,J2T4Z6,Canada,45.617145,-72.928564,45302.41579359585
555,J2S9A2,Canada,45.642018,-72.949141,44831.517853136786
556,J2L3C8,Canada,45.30911,-72.617723,64470.06934183827
557,J2S1N2,Canada,45.632413,-72.958152,46033.50723124068
558,J2S8N6,Canada,45.606583,-72.986825,49557.15477824152
559,J2W1W7,Canada,45.358674,-73.297302,85934.38127812847
560,J2S8W3,Canada,45.643604,-72.956308,45177.29421480843
561,J2R1X5,Canada,45.643612,-72.901154,41775.14029811021
562,J2K0L5,Canada,45.21612,-72.75254,76878.5194579786
563,J2Y1A5,Canada,45.379229,-73.378863,89256.05327359836
564,J2B8B3,Canada,45.881824,-72.483938,130.29700357020687
565,J2T3N9,Canada,45.620453,-72.945758,46095.164677387846
566,J2T5L2,Canada,45.613646,-72.931956,45756.419984777436
567,J2C7A5,Canada,45.901771,-72.51234,3208.7100552418865
568,J2A3Y1,Canada,45.821985,-72.470802,6613.257067952079
569,J2R1C9,Canada,45.643982,-72.989972,47300.35416492274
570,J2W2H1,Canada,45.327396,-73.29787,88370.30386859697
571,J2H0H1,Canada,45.368597,-72.703959,59516.209269102306
572,J2C0A6,Canada,45.891867,-72.48574,1253.4813544242527
573,J2Y1G2,Canada,45.371432,-73.388032,90359.88452495761
574,J2K0M3,Canada,45.188608,-72.755522,79892.48781151044
575,J2G9K5,Canada,0,0,8672420.421869809
576,J2S9C8,Canada,45.610663,-72.986074,49231.48606118403
577,J2T3Y7,Canada,45.615335,-72.952449,46858.91581949022
578,J2S1N9,Canada,45.627547,-72.965398,46810.174557192695
579,J2C7A5,Canada,45.901771,-72.51234,3208.7100552418865
580,J2C0R3,Canada,45.906006,-72.515574,3727.0639126310725
581,J2T4P7,Canada,45.614443,-72.940374,46198.364347860006
582,J2S2E5,Canada,45.602611,-72.970313,48832.855054986336
583,J2M1W4,Canada,45.377366,-72.659956,57674.10721341963
584,J2H1H6,Canada,45.406997,-72.707518,55519.992704090706
585,J2S8V5,Canada,45.630692,-72.960575,46299.495820358956
586,J2B8R8,Canada,45.856824,-72.448299,3841.836284055572
587,J2B8R8,Canada,45.856824,-72.448299,3841.836284055572
588,J2S6H5,Canada,45.630534,-72.969582,46870.99284909924
589,J2H2P1,Canada,45.385981,-72.699293,57557.93271171324
590,J2C0R3,Canada,45.906006,-72.515574,3727.0639126310725
591,J2T2H5,Canada,45.62291,-72.929276,44930.70230816123
592,J2T1S1,Canada,45.613531,-72.9603,47459.971003681225
593,J2H3A9,Canada,45.408309,-72.701064,55225.638022247396
594,J2E1H8,Canada,45.909131,-72.542144,5498.9745203016655
595,J2E1H8,Canada,45.909131,-72.542144,5498.9745203016655
596,J2T4P7,Canada,45.614443,-72.940374,46198.364347860006
597,J2S2Y3,Canada,45.630643,-72.943177,45230.15251797991
598,J2S1L4,Canada,45.627196,-72.968464,47024.088085933865
599,J2S9A2,Canada,45.642018,-72.949141,44831.517853136786
600,J2S2S4,Canada,45.627461,-72.946055,45625.34133235337
601,J2H2R5,Canada,45.394544,-72.705502,56790.990276449
602,J2W1Y9,Canada,45.341892,-73.296924,87193.93279715111
603,J2T4P8,Canada,45.614749,-72.945378,46475.451106689165
604,J2R1J4,Canada,45.683409,-72.958066,42846.52600770377
605,J2S0J5,Canada,45.612181,-72.987641,49224.75065291126
606,J2T3H5,Canada,45.611131,-72.915535,44981.12016889001
607,J2S7J4,Canada,45.638008,-72.962517,45934.59788734594
608,J2T5K6,Canada,45.614321,-72.928737,45517.46359412452
609,J2T2H9,Canada,45.621035,-72.932616,45264.086663603965
610,J2A0K1,Canada,45.845701,-72.426812,5907.296750468733
611,J2Y1H6,Canada,45.271747,-73.363239,96366.62210923167
612,J2S8M5,Canada,45.640885,-72.961623,45689.85295814161
613,J2H2W4,Canada,45.422263,-72.718127,54179.72675652021
614,J2H2C1,Canada,45.434594,-72.716747,52851.34016209297
615,J2Y1B3,Canada,45.307375,-73.308796,90547.46131913459
616,J2W2V7,Canada,45.362929,-73.303443,85967.18596291827
617,J2R1G7,Canada,45.648736,-73.020239,48987.41373660071
618,J2J2K3,Canada,45.40796,-72.757589,56761.22572564005
619,J2W2W8,Canada,45.365691,-73.30267,85715.4492133511
620,J2B0S8,Canada,45.841968,-72.457037,4792.521765507833
621,J2A4G5,Canada,45.84927,-72.486811,3500.669849056509
622,J2T5A7,Canada,45.61626,-72.936386,45830.545567477886
623,J2S4C6,Canada,45.639874,-72.957586,45502.2389853365
624,J2S7Z1,Canada,45.63331,-72.94069,44894.68163853821
625,J2S7W4,Canada,45.630974,-72.964721,46538.43539366593
626,J2T2Y8,Canada,45.619471,-72.922322,44764.87520128572
627,J2W1L6,Canada,45.353143,-73.273001,84976.66490752903
628,J2Y1G2,Canada,45.371432,-73.388032,90359.88452495761
629,J2W2A3,Canada,45.35724,-73.298884,86133.66547836391
630,J2H1Y5,Canada,45.423142,-72.725036,54270.86488822989
631,J2Y1G9,Canada,45.368383,-73.373577,89703.20258888812
632,J2W1A5,Canada,45.386754,-73.376023,88557.54327198074
633,J2T5A1,Canada,45.618634,-72.937219,45710.50237008518
634,J2S1C2,Canada,45.639388,-72.956616,45473.44810666217
635,J2G3M7,Canada,45.39888,-72.74452,57332.77528301406
636,J2C4X8,Canada,45.899518,-72.467952,2445.2412330713005
637,J2R1B8,Canada,45.643227,-72.99496,47669.32482679787
638,J2T4J8,Canada,45.616352,-72.942946,46215.762711187854
639,J2T4T7,Canada,45.621859,-72.924465,44719.29959016013
640,J2R1G7,Canada,45.648736,-73.020239,48987.41373660071
641,J2W1G8,Canada,45.344396,-73.290545,86640.7524249321
642,J2S7M9,Canada,45.599241,-72.973653,49272.38076301983
643,J2S6V9,Canada,45.602888,-72.970688,48835.78948066372
644,J2X0C9,Canada,45.299481,-73.228686,86888.0902519105
645,J2T1Y6,Canada,45.616664,-72.948346,46517.97780399844
646,J2T5A6,Canada,45.61626,-72.936386,45830.545567477886
647,J2A2R3,Canada,45.857728,-72.403445,6755.763635518348
648,J2T4J1,Canada,45.617993,-72.943609,46139.10207542121
649,J2W0C8,Canada,45.358681,-73.291022,85574.26944070039
650,J2S4K2,Canada,45.632141,-72.950503,45578.22336309455
651,J2Y2R9,Canada,0,0,8672420.421869809
652,J2S0N5,Canada,45.63818,-72.97214,46529.99650106498
653,J2S5V6,Canada,45.625423,-72.954711,46295.31224573732
654,J2S2Y1,Canada,45.635404,-72.939747,44693.55858752382
655,J2N2V9,Canada,45.279983,-72.990995,77657.55074405094
656,J2T0E5,Canada,45.61286,-72.940751,46334.401392132015
657,J2L0L1,Canada,45.32232,-72.654086,63548.02259570618
658,J2T0B6,Canada,45.612597,-72.955163,47215.50929479871
659,J2T0B6,Canada,45.612597,-72.955163,47215.50929479871
660,J2T3S4,Canada,45.617109,-72.945484,46314.35200894372
661,J2S5R7,Canada,45.630249,-72.958949,46228.45855649364
662,J2T4T1,Canada,45.63787,-72.932792,44097.73699021752
663,J2T4T1,Canada,45.63787,-72.932792,44097.73699021752
664,J2S1B6,Canada,45.639874,-72.957586,45502.2389853365
665,J2H0R5,Canada,45.386903,-72.695624,57377.11781259594
666,J2R1L6,Canada,45.644525,-72.891868,41153.403367078026
667,J2Y1G9,Canada,45.368383,-73.373577,89703.20258888812
668,J2T3E1,Canada,45.626275,-72.934694,45017.96977788842
669,J2T4S7,Canada,45.622146,-72.921428,44518.41080915773
670,J2J0E4,Canada,45.396028,-72.772255,58424.1167500544
671,J2J0V9,Canada,45.387682,-72.777554,59440.98358641575
672,J2H1A7,Canada,45.405207,-72.70969,55762.336308767124
673,J2G4E2,Canada,45.395183,-72.725943,57226.50685680787
674,J2W2W9,Canada,45.341819,-73.293964,87032.40343675177
675,J2G6E4,Canada,45.40948,-72.738782,56070.44733864731
676,J2N1X8,Canada,45.284179,-72.98238,76914.06251171319
677,J2X3N8,Canada,45.304932,-73.237951,86921.2202113908
678,J2G8J1,Canada,45.415331,-72.745718,55656.39434572367
679,J2W3E9,Canada,45.348685,-73.296252,86634.54948854035
680,J2R1G2,Canada,45.648718,-72.983227,46570.523586480966
681,J2L2L1,Canada,45.304757,-72.617626,64947.1916155535
682,J2Y1A3,Canada,45.315261,-73.340124,91686.37724023039
683,J2S6H4,Canada,45.630619,-72.969151,46838.421991133866
684,J2T4H6,Canada,45.622146,-72.921428,44518.41080915773
685,J2N2J4,Canada,45.278448,-72.975966,77217.2705436019
686,J2R1M9,Canada,45.644274,-72.905751,42006.15173945135
687,J2S8N5,Canada,45.638959,-72.942364,44613.975811102006
688,J2T4N6,Canada,45.629243,-72.931056,44589.827083788725
689,J2R2G9,Canada,45.644298,-72.900268,41673.41017758129
690,J2W1P6,Canada,45.344453,-73.275059,85766.40822858614
691,J2G5E3,Canada,45.405432,-72.726229,56157.20049875782
692,J2S8N5,Canada,45.638959,-72.942364,44613.975811102006
693,J2S8N5,Canada,45.638959,-72.942364,44613.975811102006
694,J2C5X6,Canada,45.883701,-72.492574,735.9443355278138
695,J2M1M4,Canada,45.340422,-72.588544,60686.28244468555
696,J2S4A7,Canada,45.637577,-72.947943,45052.94545647988
697,J2R1A6,Canada,45.6497,-73.000629,47641.69326662033
698,J2W2H2,Canada,45.375095,-73.255128,82277.50868546175
699,J2L0S3,Canada,45.309095,-72.700736,65825.30524212627
700,J2M1K5,Canada,45.326477,-72.593554,62277.304389468176
701,J2F8M2,Canada,0,0,8672420.421869809
702,J2Y1A9,Canada,45.3129,-73.317128,90576.5175594066
703,J2Y1A5,Canada,45.379229,-73.378863,89256.05327359836
704,J2S3K5,Canada,45.625598,-72.942544,45540.68839835975
705,J2S3K5,Canada,45.625598,-72.942544,45540.68839835975
706,J2S8N5,Canada,45.638959,-72.942364,44613.975811102006
707,J2S1K8,Canada,45.629053,-72.9656,46721.60807016165
708,J2G3V2,Canada,45.395939,-72.741916,57568.386416453104
709,J2T0C3,Canada,45.626501,-72.927083,44543.93048379802
710,J2T0C3,Canada,45.626501,-72.927083,44543.93048379802
711,J2C6K6,Canada,45.889343,-72.519044,2872.1494333606142
712,J2R1A4,Canada,45.646968,-73.003911,48021.3607147773
713,J2T0E4,Canada,45.626031,-72.911942,43676.033330016275
714,J2T0E4,Canada,45.626031,-72.911942,43676.033330016275
715,J2C8T4,Canada,45.886432,-72.53348,3877.0129643420355
716,J2S0A1,Canada,45.623652,-72.958483,46648.08751244529
717,J2G4B8,Canada,45.381771,-72.747273,59193.093497305075
718,J2H2A1,Canada,45.427386,-72.739933,54242.029202728045
719,J2T4Y4,Canada,45.611131,-72.915535,44981.12016889001
720,J2S2W6,Canada,45.630707,-72.941831,45143.38375440094
721,J2K3T1,Canada,45.191607,-72.751573,79489.13403216534
722,J2S4Z3,Canada,45.634157,-72.963523,46251.894985516206
723,J2T2H6,Canada,45.622155,-72.930355,45049.051201004055
724,J2S8R8,Canada,45.593794,-72.974029,49683.90344323794
725,J2S2Y1,Canada,45.635404,-72.939747,44693.55858752382
726,J2S8W3,Canada,45.643604,-72.956308,45177.29421480843
727,J2H0T2,Canada,45.428293,-72.702074,53135.946360329544
728,J2H0T2,Canada,45.428293,-72.702074,53135.946360329544
729,J2W0H9,Canada,45.364045,-73.260438,83426.9916815422
730,J2H0S7,Canada,45.428576,-72.707676,53246.86351371895
731,J2S6C7,Canada,45.629873,-72.966661,46732.78427865279
732,J2G3M8,Canada,45.39888,-72.74452,57332.77528301406
733,J2J0E4,Canada,45.396028,-72.772255,58424.1167500544
734,J2J6T8,Canada,0,0,8672420.421869809
735,J2R1K6,Canada,45.673113,-72.929003,41554.293637119896
736,J2G5W5,Canada,45.415375,-72.732501,55283.91931355436
737,J2N3C6,Canada,45.262067,-72.982028,79039.10270256606
738,J2S6C7,Canada,45.629873,-72.966661,46732.78427865279
739,J2W2Y6,Canada,45.348012,-73.277565,85630.4226738185
740,J2L1T1,Canada,45.28387,-72.707171,68669.39342493321
741,J2H0E9,Canada,45.399028,-72.684119,55828.70111691202
742,J2T4M1,Canada,45.610488,-72.956755,47460.37565971292
743,J2C1B1,Canada,45.904196,-72.475178,2710.2514255249835
744,J2S0E6,Canada,45.629532,-72.94526,45434.06448324845
745,J2K033,Canada,0,0,8672420.421869809
746,J2J1B1,Canada,45.395806,-72.759386,58070.0259182284
747,J2W1W4,Canada,45.358851,-73.294829,85779.21282190975
748,J2S0N5,Canada,45.63818,-72.97214,46529.99650106498
749,J2S7Z9,Canada,45.637719,-72.946347,44944.35379885917
750,J2R2B5,Canada,45.655125,-72.851809,38019.34758775625
751,J2S8M8,Canada,45.639085,-72.944279,44724.232677681386
752,J2W3B6,Canada,45.342129,-73.2921,86903.35920394858
753,J2W1S1,Canada,45.351186,-73.27781,85398.6890616556
754,J2W3B6,Canada,45.342129,-73.2921,86903.35920394858
755,J2X2G1,Canada,45.301977,-73.234428,86980.44979747757
756,J2J2G7,Canada,45.405723,-72.75746,56988.569498275334
757,J2T3R5,Canada,45.617661,-72.944656,46225.52330426504
758,J2T3B9,Canada,45.619662,-72.925367,44931.183117099376
759,J2T4T7,Canada,45.621859,-72.924465,44719.29959016013
760,J2R1N7,Canada,45.64184,-72.894228,41486.07697183428
761,J2H3G1,Canada,45.396778,-72.695042,56311.29174374035
762,J2S5E7,Canada,45.623174,-72.944377,45821.007379605915
763,J2M1P6,Canada,45.367522,-72.583616,57645.06378467005
764,J2S6B8,Canada,45.625634,-72.961131,46675.66739008752
765,J2W2W5,Canada,45.345079,-73.266798,85256.68891752118
766,J2X2S8,Canada,45.277642,-73.232083,88893.73925424035
767,J2J0K8,Canada,45.424815,-72.804666,56542.57199233017
768,J2G0H1,Canada,0,0,8672420.421869809
769,J2S8R8,Canada,45.593794,-72.974029,49683.90344323794
770,J2E0A5,Canada,45.941297,-72.572988,9639.326386061926
771,J2S8S2,Canada,45.595348,-72.976111,49696.79166546347
772,J2T5G9,Canada,45.601132,-72.96861,48835.720449673456
773,J2E0A5,Canada,45.941297,-72.572988,9639.326386061926
774,J2S6R6,Canada,45.605505,-72.969568,48583.59834051313
775,J2S5Y4,Canada,45.628182,-72.959653,46411.61458107476
776,J2R1G1,Canada,45.671401,-72.92646,41497.45089062227
777,J2R1G5,Canada,45.649426,-72.99737,47445.449886889764
778,J2R1L6,Canada,45.644525,-72.891868,41153.403367078026
779,J2S0N5,Canada,45.63818,-72.97214,46529.99650106498
780,J2S1J8,Canada,45.63457,-72.957895,45873.18096738605
781,J2T4V6,Canada,45.638088,-72.927408,43753.051828629104
782,J2T4V6,Canada,45.638088,-72.927408,43753.051828629104
783,J2T5B6,Canada,45.622874,-72.921875,44492.42606400349
784,J2H1Z6,Canada,45.425375,-72.734709,54303.20099726351
785,J2J0T4,Canada,45.387682,-72.777554,59440.98358641575
786,J2S4Z3,Canada,45.634157,-72.963523,46251.894985516206
787,J2S5L5,Canada,45.62929,-72.955674,46090.77976756009
788,J2G3A1,Canada,45.397968,-72.725315,56917.52680747312
789,J2B8E5,Canada,45.855655,-72.465141,3149.3039385248253
790,J2S9C1,Canada,45.610765,-72.980407,48876.5497666537
791,J2T1P5,Canada,45.62031,-72.942801,45926.798518445954
792,J2C3L9,Canada,45.884377,-72.510063,2050.9783582579166
793,J2R1Y1,Canada,45.643735,-72.888881,41031.83304641283
794,J2H2B7,Canada,45.432935,-72.730622,53403.09744246977
795,J2R1E3,Canada,45.64831,-72.997116,47496.75442109324
796,J2T5L5,Canada,45.613568,-72.932924,45819.26664719207
797,J2T1A5,Canada,45.637296,-72.926923,43778.11658339067
798,J2Y1A4,Canada,45.316467,-73.33814,91481.33630423968
799,J2T3E7,Canada,45.624959,-72.933948,45065.64786727227
800,J2S5E2,Canada,45.629712,-72.952762,45882.537855829854
801,J2M2A9,Canada,45.407431,-72.646607,54175.9327035306
802,J2T2Y6,Canada,45.624549,-72.928317,44756.57187041558
803,J2X3N5,Canada,45.305992,-73.238452,86860.27311094812
804,J2S7W8,Canada,45.632288,-72.966436,46557.971070728214
805,J2J0V2,Canada,45.387682,-72.777554,59440.98358641575
806,J2G3K8,Canada,45.400151,-72.747645,57286.98137381298
807,J2J2Y6,Canada,45.385261,-72.751112,58933.228758136065
808,J2S0B5,Canada,45.608251,-72.988014,49515.58214562135
809,J2W3E1,Canada,45.347352,-73.301319,87024.65148212241
810,J2S6G8,Canada,45.627866,-72.966057,46829.62535876181
811,J2S8V3,Canada,45.61692,-72.974196,48073.76565738283
812,J2G2P6,Canada,45.400324,-72.714385,56393.81717700463
813,J2S2G7,Canada,45.625752,-72.955148,46299.57492280738
814,J2M1K2,Canada,45.355401,-72.56932,58846.706199417196
815,J2S7Z6,Canada,45.63818,-72.945006,44830.178678821816
816,J2X0E3,Canada,45.322527,-73.245194,85869.39149753065
817,J2S3T8,Canada,45.609982,-72.971253,48372.0903982682
818,J2B3P3,Canada,45.858982,-72.461227,2996.451374737593
819,J2W2S4,Canada,45.340275,-73.294615,87188.26375543367
820,J2R2H3,Canada,45.641802,-72.90212,41961.12047581476
821,J2T1C5,Canada,45.636228,-72.928118,43924.86597647236
822,J2S2B4,Canada,45.628443,-72.954589,46081.451795427005
823,J2T0B7,Canada,45.612597,-72.955163,47215.50929479871
824,J2S8L8,Canada,45.605067,-72.983656,49468.28610723969
825,J2T4N6,Canada,45.629243,-72.931056,44589.827083788725
826,J2A2L2,Canada,45.845287,-72.434999,5478.958516823156
827,J2A2L2,Canada,45.845287,-72.434999,5478.958516823156
828,J2G8G9,Canada,45.386051,-72.746717,58730.96495016105
829,J2W2C9,Canada,45.360777,-73.265912,83987.78356940973
830,J2S0M4,Canada,45.63818,-72.97214,46529.99650106498
831,J2S8T9,Canada,45.642123,-72.944005,44503.846541637526
832,J2T5E2,Canada,45.615815,-72.933143,45669.80391073419
833,J2G2M8,Canada,45.402802,-72.72663,56443.661448430015
834,J2R1R5,Canada,45.639886,-72.920452,43204.38545889162
835,J2S7K5,Canada,45.629053,-72.9656,46721.60807016165
836,J2G5Y2,Canada,45.416877,-72.733349,55150.3780243452
837,J2B0T5,Canada,45.83987,-72.462528,4840.17684870986
838,J2L2S3,Canada,45.325308,-72.675353,63590.02795323545
839,J2R1B2,Canada,45.650564,-72.989372,46855.215888068255
840,J2S8L4,Canada,45.63794,-72.942954,44719.24031866726
841,J2C1H6,Canada,45.892071,-72.497203,1624.0703080447292
842,J2H0Z9,Canada,45.38344,-72.729503,58553.03243398422
843,J2G6Y9,Canada,45.384995,-72.735211,58536.17681118325
844,J2S8T6,Canada,45.627103,-72.950673,45932.501541174905
845,J2S5W8,Canada,45.631163,-72.962239,46371.307980543315
846,J2X5T9,Canada,45.329206,-73.236351,84853.64283246356
847,J2A1P3,Canada,45.84158,-72.436706,5696.452178972125
848,J2Y1A4,Canada,45.316467,-73.33814,91481.33630423968
849,J2W1A3,Canada,45.385394,-73.362164,87810.06488382927
850,J2R0A1,Canada,45.645467,-72.890039,40976.93194953845
851,J2S2E3,Canada,45.604583,-72.969357,48635.90736746226
852,J2L1E5,Canada,45.293421,-72.702234,67543.17100543239
853,J2M1X4,Canada,45.373572,-72.648577,57882.25379586503
854,J2A0J3,Canada,45.839378,-72.444562,5525.831414428875
855,J2S4S7,Canada,45.631001,-72.951712,45730.19123066122
856,J2T4T5,Canada,45.622164,-72.924903,44723.40118283427
857,J2R1L6,Canada,45.644525,-72.891868,41153.403367078026
858,J2T5G3,Canada,45.612765,-72.933715,45924.223545513465
859,J2T0H6,Canada,45.613787,-72.917475,44896.7273812251
860,J2C2N7,Canada,45.893161,-72.52583,3517.3313384115836
861,J2R1H7,Canada,45.690656,-72.987961,44463.59619512217
862,J2N3C6,Canada,45.262067,-72.982028,79039.10270256606
863,J2S7H2,Canada,45.630324,-72.961127,46358.48059919262
864,J2S6J6,Canada,45.627836,-72.967491,46920.71115981784
865,J2S8T1,Canada,45.639901,-72.948613,44939.191870673225
866,J2S0E7,Canada,45.629532,-72.94526,45434.06448324845
867,J2R0N6,Canada,0,0,8672420.421869809
868,J2S7Z4,Canada,45.641495,-72.960806,45598.52615528379
869,J2S5Z7,Canada,45.62565,-72.959275,46560.230948300865
870,J2G6N5,Canada,45.406679,-72.725681,56012.052835616545
871,J2S8M8,Canada,45.639085,-72.944279,44724.232677681386
872,J2S0L7,Canada,45.63818,-72.97214,46529.99650106498
873,J2S3H8,Canada,45.624481,-72.945997,45828.24057174713
874,J2J2S6,Canada,45.420176,-72.739927,54989.73847509489
875,J2J2S6,Canada,45.420176,-72.739927,54989.73847509489
876,J2G1T8,Canada,45.409774,-72.723489,55630.09670719114
877,J2K3T1,Canada,45.191607,-72.751573,79489.13403216534
878,J2S4N6,Canada,45.624554,-72.94111,45526.604122550474
879,J2R1W5,Canada,45.699274,-72.893304,37635.33745789766
880,J2G7B7,Canada,45.388519,-72.736348,58196.13258423256
881,J2L1C3,Canada,45.317957,-72.656943,64069.617902032995
882,J2T2A1,Canada,45.617661,-72.944656,46225.52330426504
883,J2B3Z4,Canada,45.867156,-72.502396,2064.5794928438117
884,J2S1B4,Canada,45.639433,-72.959103,45626.48819954261
885,J2X5M8,Canada,45.334054,-73.23957,84636.33484769004
886,J2J0E4,Canada,45.396028,-72.772255,58424.1167500544
887,J2R1P3,Canada,45.65769,-72.891524,40209.158567332364
888,J2K3X6,Canada,45.199384,-72.718878,78016.62198579696
889,J2K3X6,Canada,45.199384,-72.718878,78016.62198579696
890,J2K4A2,Canada,45.270579,-72.795847,72126.4329455479
891,J2S2B3,Canada,45.628527,-72.954115,46046.54202474086
892,J2T3B9,Canada,45.619662,-72.925367,44931.183117099376
893,J2S5B5,Canada,45.622538,-72.942557,45755.38656575155
894,J2X1R8,Canada,45.308985,-73.227998,86063.84326042589
895,J2S6N6,Canada,45.619711,-72.961615,47110.745305382814
896,J2G0R5,Canada,0,0,8672420.421869809
897,J2S8W3,Canada,45.643604,-72.956308,45177.29421480843
898,J2G9M1,Canada,45.394408,-72.711477,56948.19883253532
899,J2S7A8,Canada,45.598321,-72.981649,49818.23006177318
900,J2R1H6,Canada,45.669529,-72.937866,42349.04461736461
901,J2W3B2,Canada,45.353448,-73.307754,86929.55386397774
902,J2C7Z5,Canada,45.892353,-72.519322,3020.878864709262
903,J2X4N7,Canada,45.301219,-73.237398,87198.73507446775
904,J2T4W8,Canada,45.617063,-72.936443,45776.39439861598
905,J2T5K3,Canada,45.645222,-72.937337,43881.67374020722
906,J2S8W3,Canada,45.643604,-72.956308,45177.29421480843
907,J2T0E4,Canada,45.626031,-72.911942,43676.033330016275
908,J2R1M1,Canada,45.645424,-72.895284,41294.13183157655
909,J2S4M1,Canada,45.631462,-72.950771,45640.84405059978
910,J2S1P1,Canada,45.627547,-72.965398,46810.174557192695
911,J2T1R7,Canada,45.615175,-72.958111,47212.36901690528
912,J2S4Z3,Canada,45.634157,-72.963523,46251.894985516206
913,J2J0E6,Canada,45.401082,-72.77168,57887.29820212943
914,J2S3G8,Canada,45.626216,-72.943394,45549.35932876703
915,J2R0A2,Canada,45.644225,-72.887656,40923.79390148694
916,J2S8V8,Canada,45.641164,-72.946803,44742.1906097124
917,J2S0L7,Canada,45.63818,-72.97214,46529.99650106498
918,J2R1G2,Canada,45.648718,-72.983227,46570.523586480966
919,J2S8N2,Canada,45.640256,-72.943923,44623.54657645408
920,J2W1Y5,Canada,45.358627,-73.312196,86795.76023048043
921,J2W1E6,Canada,45.362744,-73.305621,86106.94188348476
922,J2N2K3,Canada,45.284152,-72.973986,76588.70705842918
923,J2J2K3,Canada,45.40796,-72.757589,56761.22572564005
924,J2S5R9,Canada,45.631078,-72.960035,46240.048552361295
925,J2R1R3,Canada,45.638379,-72.92099,43341.71579963416
926,J2L1K4,Canada,45.307995,-72.650504,65052.73695625656
927,J2R1J5,Canada,0,0,8672420.421869809
928,J2T1R7,Canada,45.615175,-72.958111,47212.36901690528
929,J2R1B2,Canada,45.650564,-72.989372,46855.215888068255
930,J2S5Z1,Canada,45.627674,-72.960415,46493.09347678037
931,J2S8C8,Canada,45.611278,-72.977862,48685.428053775446
932,J2H0E5,Canada,45.392096,-72.683767,56562.91355430393
933,J2R2G2,Canada,45.639138,-72.916104,42992.25381893657
934,J2G0C7,Canada,45.401422,-72.734295,56790.279449365735
935,J2S7J2,Canada,45.639874,-72.957586,45502.2389853365
936,J2S1P6,Canada,45.632904,-72.955427,45831.3774225088
937,J2G5C8,Canada,45.400921,-72.728991,56702.64101291886
938,J2T4Y9,Canada,45.622112,-72.91852,44348.77456433494
939,J2S8X7,Canada,45.636626,-72.948918,45177.335487178105
940,J2S8W3,Canada,45.643604,-72.956308,45177.29421480843
941,J2G6W9,Canada,45.397774,-72.731483,57097.986537529614
942,J2W2H2,Canada,45.375095,-73.255128,82277.50868546175
943,J2S6H3,Canada,45.629844,-72.968202,46830.75607016451
944,J2S6H3,Canada,45.629844,-72.968202,46830.75607016451
945,J2J0N8,Canada,45.416635,-72.779677,56543.5496262462
946,J2W2P1,Canada,45.354335,-73.29973,86402.35317262508
947,J2M1P3,Canada,45.359721,-72.614586,58873.50901452066
948,J2N2T3,Canada,45.292155,-72.978858,76007.98077183893
949,J2K0E5,Canada,45.215236,-72.727574,76467.15222214641
950,J2C1N3,Canada,45.894377,-72.501417,2030.5529566736902
951,J2A3G9,Canada,45.81497,-72.458492,7578.410030656051
952,J2R1T1,Canada,45.645759,-72.976237,46305.80082817603
953,J2S4Z3,Canada,45.634157,-72.963523,46251.894985516206
954,J2S3T3,Canada,45.606649,-72.978221,49027.577893644055
955,J2S5Y4,Canada,45.628182,-72.959653,46411.61458107476
956,J2S6H3,Canada,45.629844,-72.968202,46830.75607016451
957,J2A7R7,Canada,0,0,8672420.421869809
958,J2L1T1,Canada,45.28387,-72.707171,68669.39342493321
959,J2M1L7,Canada,45.339672,-72.626339,61232.28041978977
960,J2K0H5,Canada,45.222964,-72.770202,76535.08221054747
961,J2T4Y9,Canada,45.622112,-72.91852,44348.77456433494
962,J2B0W2,Canada,45.862871,-72.483856,1980.6073857005854
963,J2S1M1,Canada,45.637147,-72.952116,45341.199533635336
964,J2S1M1,Canada,45.637147,-72.952116,45341.199533635336
965,J2S1M1,Canada,45.637147,-72.952116,45341.199533635336
966,J2W2Z7,Canada,45.356655,-73.302913,86409.1402631589
967,J2J1M3,Canada,45.399219,-72.754435,57574.91147350113
968,J2B3W9,Canada,45.868158,-72.501193,1919.462574822575
969,J2N1Y8,Canada,45.270443,-72.984461,78320.85472049753
970,J2H2R7,Canada,45.394114,-72.700069,56709.86796705427
971,J2R1X3,Canada,45.62421,-72.8568,40655.427015828995
972,J2B3W9,Canada,45.868158,-72.501193,1919.462574822575
973,J2S9C8,Canada,45.610663,-72.986074,49231.48606118403
974,J2S4X6,Canada,45.630233,-72.952009,45800.69745761614
975,J2W2T6,Canada,45.360037,-73.295322,85717.65105380454
976,J2R1B1,Canada,45.651335,-72.98715,46663.5921807807
977,J2J0E2,Canada,45.395486,-72.76887,58379.35668962006
978,J2S2Y1,Canada,45.635404,-72.939747,44693.55858752382
979,J2S7M7,Canada,45.637029,-72.96816,46353.734429523975
980,J2S9B6,Canada,45.641214,-72.949716,44920.75622956734
981,J2A1R5,Canada,45.857628,-72.416524,5834.65342870931
982,J2J2K8,Canada,45.404239,-72.763775,57326.734810321366
983,J2W2P5,Canada,45.363441,-73.303075,85907.50553062082
984,J2A1N5,Canada,45.839063,-72.429259,6288.560207060012
985,J2T5H2,Canada,45.585552,-72.944021,48539.407786607204
986,J2B2B8,Canada,45.872973,-72.483371,858.0079511907111
987,J2S7L6,Canada,45.631538,-72.964086,46461.23430666244
988,J2W3B6,Canada,45.342129,-73.2921,86903.35920394858
989,J2H0G4,Canada,45.433147,-72.705164,52701.86370538876
990,J2H0G4,Canada,45.433147,-72.705164,52701.86370538876
991,J2R1Z6,Canada,45.644303,-72.898587,41571.903815536636
992,J2S5E3,Canada,45.630546,-72.953963,45899.97985578124
993,J2A3Y1,Canada,45.821985,-72.470802,6613.257067952079
994,J2X5P1,Canada,45.362475,-73.245511,82711.38301086274
995,J2G5C6,Canada,45.401625,-72.72721,56582.30253062426
996,J2R2J5,Canada,45.638367,-72.993296,47866.02007341932
997,J2S4C3,Canada,45.638038,-72.953907,45393.457783434096
998,J2J0H8,Canada,45.362588,-72.786479,62290.406291325555
999,J2R1R5,Canada,45.639886,-72.920452,43204.38545889162
1000,J2K4V2,Canada,45.252384,-72.785296,73772.33619858205
1001,J2J2X5,Canada,45.356795,-72.749738,61874.51750893863
1002,J2T4T7,Canada,45.621859,-72.924465,44719.29959016013
1003,J2R1YA,Canada,0,0,8672420.421869809
1004,J2W1P7,Canada,45.34446,-73.274198,85717.73357648215
1005,J2W1N3,Canada,45.347512,-73.285236,86100.905639938
1006,J2X5M4,Canada,45.317538,-73.237443,85860.23559911412
1007,J2T4M1,Canada,45.610488,-72.956755,47460.37565971292
1008,J2S6J7,Canada,45.629049,-72.969068,46937.744734014916
1009,J2B0Y2,Canada,45.841744,-72.463252,4625.06411150465
1010,J2S1Z2,Canada,45.629682,-72.955145,46031.53739448267
1011,J2G6W9,Canada,45.397774,-72.731483,57097.986537529614
1012,J2X0A9,Canada,45.320375,-73.239063,85715.41961159783
1013,J2A3Y1,Canada,45.821985,-72.470802,6613.257067952079
1014,J2T2J8,Canada,45.622347,-72.928539,44926.88558671872
1015,J2T2C2,Canada,45.613076,-72.94944,46837.77817339957
1016,J2R1H5,Canada,45.650433,-72.943611,43931.14963011216
1017,J2G8T2,Canada,45.384849,-72.748757,58911.83282611671
1018,J2T4S1,Canada,45.616958,-72.954647,46877.82937680753
1019,J2W0A8,Canada,45.356209,-73.2783,85039.46495000822
1020,J2W2Y3,Canada,45.341819,-73.293476,87004.87425388089
1021,J2J0C9,Canada,45.396831,-72.771019,58304.61455614294
1022,J2T2T6,Canada,45.637186,-72.930802,44022.72345917465
1023,J2T0E7,Canada,45.61663,-72.929385,45388.258099197075
1024,J2A0A3,Canada,45.837338,-72.421641,6836.392383112781
1025,J2S2C2,Canada,45.623546,-72.960116,46755.586383108086
1026,J2S7J4,Canada,45.638008,-72.962517,45934.59788734594
1027,J2X4C3,Canada,45.279827,-73.229641,88584.60012081993
1028,J2R1A4,Canada,45.646968,-73.003911,48021.3607147773
1029,J2R1W5,Canada,45.699274,-72.893304,37635.33745789766
1030,J2R1W5,Canada,45.699274,-72.893304,37635.33745789766
1031,J2W2V8,Canada,45.349721,-73.273034,85243.54868860167
1032,J2J0E4,Canada,45.396028,-72.772255,58424.1167500544
1033,J2N3C2,Canada,45.291435,-72.984496,76300.64645290264
1034,J2J2K7,Canada,45.384319,-72.754396,59121.90224573792
1035,J2T0G1,Canada,45.616708,-72.929435,45385.57749280196
1036,J2T3B2,Canada,45.61789,-72.922008,44861.256546271696
1037,J2K3G6,Canada,45.217247,-72.808918,78070.3542091705
1038,J2L3G4,Canada,45.323847,-72.678038,63797.37355747865
1039,J2N1N4,Canada,45.273594,-72.957118,76973.85751059142
1040,J2T1A3,Canada,45.636933,-72.932223,44127.114001289556
1041,J2G1J5,Canada,45.413246,-72.71555,55060.715321363066
1042,J2L3L7,Canada,45.325902,-72.663584,63317.132757809595
1043,J2T3H6,Canada,45.623268,-72.933162,45137.99923382856
1044,J2S0N7,Canada,45.63818,-72.97214,46529.99650106498
1045,J2W0G8,Canada,45.362993,-73.254787,83190.31263395377
1046,J2W2C6,Canada,45.367343,-73.260038,83150.42979959688
1047,J2N0M2,Canada,45.275648,-72.970851,77292.18836176001
1048,J2S0H6,Canada,45.612894,-72.985599,49050.3326220932
1049,J2X4Z6,Canada,45.295712,-73.227672,87149.71337991014
1050,J2C0C6,Canada,45.883958,-72.536257,4055.3523345912276
1051,J2S0M4,Canada,45.63818,-72.97214,46529.99650106498
1052,J2S8T1,Canada,45.639901,-72.948613,44939.191870673225
1053,J2H3A8,Canada,45.396062,-72.689565,56264.95284983244
1054,J2S0M2,Canada,45.63818,-72.97214,46529.99650106498
1055,J2W3B6,Canada,45.342129,-73.2921,86903.35920394858
1056,J2T4Z9,Canada,45.619538,-72.938404,45717.140568365765
1057,J2H0T2,Canada,45.428293,-72.702074,53135.946360329544
1058,J2S1S5,Canada,45.627077,-72.96375,46739.72776191469
1059,J2N0C6,Canada,45.27435,-72.962177,77089.53993928051
1060,J2B3J5,Canada,45.869687,-72.499303,1695.1935599394885
1061,J2L1J9,Canada,45.309247,-72.653577,64964.339548876
1062,J2W1T9,Canada,45.351607,-73.301753,86725.25317797785
1063,J2H2E6,Canada,45.435947,-72.714432,52648.2101634051
1064,J2S0J3,Canada,45.631117,-72.949103,45561.5314410822
1065,J2S1K2,Canada,45.632462,-72.960445,46172.78483959967
1066,J2W2A9,Canada,45.373806,-73.250659,82123.09547050165
1067,J2W3B2,Canada,45.353448,-73.307754,86929.55386397774
1068,J2S4C9,Canada,45.634211,-72.947977,45281.95567885483
1069,J2T5B6,Canada,45.622874,-72.921875,44492.42606400349
1070,J2G7K6,Canada,45.406579,-72.741952,56460.03732821015
1071,J2S1T7,Canada,45.635915,-72.949646,45270.297738670866
1072,J2M1T7,Canada,45.363826,-72.659561,59132.6700947288
1073,J2G1L7,Canada,45.4107,-72.715168,55319.088614687156
1074,J2R1A5,Canada,45.651035,-72.994989,47192.500000560045
1075,J2T2Z6,Canada,45.628676,-72.935054,44871.556892539294
1076,J2T4B4,Canada,45.612557,-72.95668,47309.71041658283
1077,J2S0G9,Canada,45.613716,-72.987211,49094.17026849127
1078,J2W2W9,Canada,45.341819,-73.293964,87032.40343675177
1079,J2X3T7,Canada,45.314395,-73.237283,86108.63535468678
1080,J2W1S5,Canada,45.349497,-73.276827,85473.94710430288
1081,J2S4C8,Canada,45.634113,-72.948057,45293.53374917193
1082,J2T0AE,Canada,0,0,8672420.421869809
1083,J2S4A7,Canada,45.637577,-72.947943,45052.94545647988
1084,J2W2H1,Canada,45.327396,-73.29787,88370.30386859697
1085,J2H2P8,Canada,45.44944,-72.721872,51442.87444017292
1086,J2N3C6,Canada,45.262067,-72.982028,79039.10270256606
1087,J2S8W3,Canada,45.643604,-72.956308,45177.29421480843
1088,J2X5V7,Canada,45.320209,-73.236807,85608.51588673267
1089,J2S1B6,Canada,45.639874,-72.957586,45502.2389853365
1090,J2J2L4,Canada,45.419872,-72.743406,55119.81753804549
1091,J2T4W9,Canada,45.617619,-72.93582,45699.44508830102
1092,J2S5T2,Canada,45.627346,-72.956217,46256.41237080571
1093,J2B2G4,Canada,45.868273,-72.474818,1556.9258594568412
1094,J2G5Y1,Canada,45.416877,-72.733349,55150.3780243452
1095,J2S1A5,Canada,45.634594,-72.972449,46783.14313638121
1096,J2S8M3,Canada,45.60652,-72.987822,49622.541498844264
1097,J2G9B7,Canada,45.413577,-72.711615,54926.424575718505
1098,J2A3G1,Canada,45.834244,-72.282378,16473.573309720796
1099,J2B2G4,Canada,45.868273,-72.474818,1556.9258594568412
1100,J2B1N7,Canada,45.865786,-72.467694,2089.7527438904945
1101,J2S4E2,Canada,45.635297,-72.950298,45352.30784497839
1102,J2W2R8,Canada,45.35395,-73.274389,84992.49475378412
1103,J2G1K0,Canada,0,0,8672420.421869809
1104,J2G1K0,Canada,0,0,8672420.421869809
1105,J2R1N1,Canada,45.638238,-72.912928,42863.27327491914
1106,J2H3C1,Canada,45.383662,-72.71603,58195.88148118272
1107,J2S3Y4,Canada,45.604713,-72.973084,48851.52304600452
1108,J2G5G2,Canada,45.401402,-72.730083,56680.83063909286
1109,J2H0E5,Canada,45.392096,-72.683767,56562.91355430393
1110,J2S0M2,Canada,45.63818,-72.97214,46529.99650106498
1111,J2S4A7,Canada,45.637577,-72.947943,45052.94545647988
1112,J2W1N6,Canada,45.348768,-73.271768,85246.56816462456
1113,J2S1H6,Canada,45.634792,-72.973475,46834.82585309792
1114,J2H2R9,Canada,45.39516,-72.699265,56580.072805405165
1115,J2T4E7,Canada,45.617197,-72.925984,45146.108008428586
1116,J2T5H1,Canada,45.585552,-72.944021,48539.407786607204
1117,J2S2V2,Canada,45.623486,-72.954243,46399.846714429135
1118,J2S7Z1,Canada,45.63331,-72.94069,44894.68163853821
1119,J2S8R4,Canada,45.603252,-72.978548,49284.44157456706
1120,J2N3Z1,Canada,0,0,8672420.421869809
1121,J2X0A3,Canada,45.320485,-73.249843,86284.60156330529
1122,J2H2P8,Canada,45.44944,-72.721872,51442.87444017292
1123,J2T4N8,Canada,45.618727,-72.945202,46183.074712551024
1124,J2S5W8,Canada,45.631163,-72.962239,46371.307980543315
1125,J2W3C3,Canada,45.362237,-73.292027,85362.15105860477
1126,J2W3C3,Canada,45.362237,-73.292027,85362.15105860477
1127,J2H2M9,Canada,45.431896,-72.743581,53880.71518160252
1128,J2S3W2,Canada,45.605092,-72.977238,49076.38542216527
1129,J2H2R5,Canada,45.394544,-72.705502,56790.990276449
1130,J2H2E6,Canada,45.435947,-72.714432,52648.2101634051
1131,J2H2V2,Canada,45.378489,-72.732148,59141.46727596205
1132,J2S7R7,Canada,45.629676,-72.96464,46620.1879401288
1133,J2W3E6,Canada,45.354655,-73.271103,84752.94343145889
1134,J2X5V7,Canada,45.320209,-73.236807,85608.51588673267
1135,J2W3B9,Canada,45.358129,-73.299794,86118.61459083007
1136,J2R1K7,Canada,45.654552,-72.934463,43085.650882220405
1137,J2K0E4,Canada,45.191199,-72.745867,79417.49187536737
1138,J2H1B6,Canada,45.403117,-72.709161,55970.420260177096
1139,J2T3B9,Canada,45.619662,-72.925367,44931.183117099376
1140,J2E1P3,Canada,45.912117,-72.544127,5818.878192489029
1141,J2Y1B3,Canada,45.307375,-73.308796,90547.46131913459
1142,J2Y1B3,Canada,45.307375,-73.308796,90547.46131913459
1143,J2W3E8,Canada,45.353414,-73.289512,85889.73928229019
1144,J2T1E5,Canada,45.63282,-72.935223,44593.9222034391
1145,J2T3J3,Canada,45.617197,-72.925984,45146.108008428586
1146,J2W1Z1,Canada,45.342117,-73.298068,87241.30959732868
1147,J2G2L6,Canada,45.406508,-72.73706,56333.27613222025
1148,J2S4K2,Canada,45.632141,-72.950503,45578.22336309455
1149,J2T0A4,Canada,45.616246,-72.923738,45082.882292541864
1150,J2S1A8,Canada,45.637467,-72.969529,46411.423003735894
1151,J2S1C2,Canada,45.639388,-72.956616,45473.44810666217
1152,J2C0F4,Canada,0,0,8672420.421869809
1153,J2S6Z7,Canada,45.595553,-72.973286,49513.494313590934
1154,J2S0N1,Canada,45.63818,-72.97214,46529.99650106498
1155,J2S0N1,Canada,45.63818,-72.97214,46529.99650106498
1156,J2T1T4,Canada,45.616829,-72.952959,46784.71806863021
1157,J2S0L7,Canada,45.63818,-72.97214,46529.99650106498
1158,J2S1K7,Canada,45.629053,-72.9656,46721.60807016165
1159,J2E1P5,Canada,45.912823,-72.550582,6270.082635771142
1160,J2S8X8,Canada,45.636389,-72.945936,45008.49762687274
1161,J2S3V8,Canada,45.604717,-72.980432,49296.41566763063
1162,J2W2P3,Canada,45.352667,-73.281272,85479.9168267064
1163,J2W2P3,Canada,45.352667,-73.281272,85479.9168267064
1164,J2R1L7,Canada,45.643332,-72.889213,41080.51122242151
1165,J2S1R4,Canada,45.630249,-72.958949,46228.45855649364
1166,J2S8S3,Canada,45.647248,-72.949092,44484.537213247306
1167,J2C7K2,Canada,45.902388,-72.464044,2876.3990862175438
1168,J2G4E3,Canada,45.392373,-72.730391,57636.363817586265
1169,J2T5E7,Canada,45.61626,-72.936386,45830.545567477886
1170,J2W0E5,Canada,45.361577,-73.297569,85730.34741191899
1171,J2R1E7,Canada,45.650121,-72.999441,47538.60813408655
1172,J2R1V1,Canada,45.652306,-72.944646,43874.83562132738
1173,J2T3K9,Canada,45.619773,-72.934483,45465.70392424482
1174,J2T5G7,Canada,45.601132,-72.96861,48835.720449673456
1175,J2X4P9,Canada,45.296206,-73.241026,87803.6190113597
1176,J2H1H7,Canada,45.407806,-72.708115,55449.019396773685
1177,J2N2P9,Canada,45.265913,-72.937379,77009.40278776865
1178,J2S4M1,Canada,45.631462,-72.950771,45640.84405059978
1179,J2W2T4,Canada,45.340679,-73.294131,87129.79010242938
1180,J2S0M2,Canada,45.63818,-72.97214,46529.99650106498
1181,J2T3C2,Canada,45.617423,-72.922551,44927.24260245709
1182,J2S6H3,Canada,45.629844,-72.968202,46830.75607016451
1183,J2T1A5,Canada,45.637296,-72.926923,43778.11658339067
1184,J2T1W7,Canada,45.615137,-72.952746,46890.76966309416
1185,J2L0N1,Canada,45.318381,-72.642344,63794.12002916996
1186,J2S1A5,Canada,45.634594,-72.972449,46783.14313638121
1187,J2W2C6,Canada,45.367343,-73.260038,83150.42979959688
1188,J2T4E2,Canada,45.617058,-72.924972,45096.473155616535
1189,J2N0E2,Canada,45.274886,-72.973,77448.44958222736
1190,J2A1R5,Canada,45.857628,-72.416524,5834.65342870931
1191,J2H2P1,Canada,45.385981,-72.699293,57557.93271171324
1192,J2S1Y0,Canada,0,0,8672420.421869809
1193,J2T4P7,Canada,45.614443,-72.940374,46198.364347860006
1194,J2S7A2,Canada,45.600886,-72.980534,49570.471404522104
1195,J2R2C9,Canada,45.652537,-72.870264,39293.06569699599
1196,J2H2T3,Canada,45.394254,-72.693561,56546.89065153035
1197,J2N1R1,Canada,45.282763,-72.981704,77023.90955216665
1198,J2H2W6,Canada,45.425076,-72.721094,53963.19049677747
1199,J2C3B3,Canada,45.891708,-72.521413,3139.067645794356
1200,J2H0M6,Canada,45.370927,-72.708374,59367.88509395322
1201,J2S0K3,Canada,45.62525,-72.958679,46550.83395499649
1202,J2T5J9,Canada,45.643318,-72.921484,43030.8272224791
1203,J2S0J6,Canada,45.612894,-72.985599,49050.3326220932
1204,J2S2L4,Canada,45.622504,-72.95873,46742.003167836345
1205,J2T2L6,Canada,45.620196,-72.924565,44845.09991292271
1206,J2S3Y4,Canada,45.604713,-72.973084,48851.52304600452
1207,J2N3E3,Canada,45.292831,-72.978222,75917.88071541545
1208,J2S1V1,Canada,45.635261,-72.950338,45357.21075101664
1209,J2H1H1,Canada,45.418004,-72.713303,54502.750424370475
1210,J2B7H7,Canada,45.857201,-72.488579,2634.2343104784823
1211,J2N0A1,Canada,45.279367,-72.986008,77520.00222705277
1212,J2M1Z2,Canada,45.378114,-72.601956,56690.170824374516
1213,J2C8B4,Canada,45.906564,-72.509192,3475.8218553230486
1214,J2L0S3,Canada,45.309095,-72.700736,65825.30524212627
1215,J2L0N1,Canada,45.318381,-72.642344,63794.12002916996
1216,J2R2J7,Canada,45.645793,-72.891795,41058.73775966131
1217,J2R2J7,Canada,45.645793,-72.891795,41058.73775966131
1218,J2R2J7,Canada,45.645793,-72.891795,41058.73775966131
1219,J2S0J6,Canada,45.612894,-72.985599,49050.3326220932
1220,J2S9E7,Canada,45.607478,-72.989006,49629.42029643321
1221,J2S9E7,Canada,45.607478,-72.989006,49629.42029643321
1222,J2B0Z9,Canada,45.856707,-72.510821,3374.630669251624
1223,J2S5M3,Canada,45.632256,-72.959455,46125.00094241472
1224,J2C7L5,Canada,45.894075,-72.527408,3670.132230769894
1225,J2Y1C7,Canada,45.314181,-73.352114,92450.10069551908
1226,J2J2L9,Canada,45.413254,-72.779131,56870.70333904857
1227,J2S2G7,Canada,45.625752,-72.955148,46299.57492280738
1228,J2J2H7,Canada,45.403514,-72.756671,57194.13090995506
1229,J2S6B8,Canada,45.625634,-72.961131,46675.66739008752
1230,J2J0T9,Canada,45.387682,-72.777554,59440.98358641575
1231,J2H0K4,Canada,45.406698,-72.705477,55502.11669091564
1232,J2C6M1,Canada,45.882648,-72.505475,1668.0554963339002
1233,J2B8B6,Canada,45.85836,-72.440619,4188.451233259704
1234,J2T1S9,Canada,45.618187,-72.950909,46565.524588452754
1235,J2N1R3,Canada,45.282726,-72.98882,77307.97235679203
1236,J2C1L2,Canada,45.88891,-72.495817,1289.0988885200625
1237,J2N1S3,Canada,0,0,8672420.421869809
1238,J2J0V3,Canada,45.387682,-72.777554,59440.98358641575
1239,J2H2X7,Canada,45.353688,-72.727958,61657.738148806595
1240,J2J1N6,Canada,45.405677,-72.755961,56949.88609729902
1241,J2X5M8,Canada,45.334054,-73.23957,84636.33484769004
1242,J2S1R8,Canada,45.628505,-72.961591,46509.69556272974
1243,J2S0M2,Canada,45.63818,-72.97214,46529.99650106498
1244,J2S7H9,Canada,45.640344,-72.956696,45415.4396511983
1245,J2S5V2,Canada,45.624213,-72.953113,46280.65496551406
1246,J2S4A3,Canada,45.638732,-72.938124,44367.14352183945
1247,J2H0K7,Canada,45.410234,-72.699904,54993.925877502326
1248,J2G4S5,Canada,45.410081,-72.717097,55433.20535906817
1249,J2S8J3,Canada,45.62986,-72.96052,46352.02880856879
1250,J2R2B5,Canada,45.655125,-72.851809,38019.34758775625
1251,J2G6Y9,Canada,45.384995,-72.735211,58536.17681118325
1252,J2W1H3,Canada,45.344759,-73.299143,87099.35832689774
1253,J2N2S7,Canada,45.290425,-72.974686,76010.4039666643
1254,J2J2W2,Canada,45.385168,-72.754697,59041.88358001662
1255,J2G3Z8,Canada,45.388278,-72.740592,58333.616945871276
1256,J2S7S7,Canada,45.631334,-72.966826,46645.714590298245
1257,J2S9B6,Canada,45.641214,-72.949716,44920.75622956734
1258,J2T3Z1,Canada,45.613841,-72.950464,46844.95857598951
1259,J2S7K5,Canada,45.629053,-72.9656,46721.60807016165
1260,J2B3A3,Canada,45.868694,-72.491398,1446.1607507668068
1261,J2T1N4,Canada,45.626275,-72.934694,45017.96977788842
1262,J2R1N1,Canada,45.638238,-72.912928,42863.27327491914
1263,J2G3Z8,Canada,45.388278,-72.740592,58333.616945871276
1264,J2S3V8,Canada,45.604717,-72.980432,49296.41566763063
1265,J2F5R6,Canada,0,0,8672420.421869809
1266,J2S2T8,Canada,45.623911,-72.953581,46330.08146030206
1267,J2J0H2,Canada,45.39479,-72.786589,58987.78349819779
1268,J2T2A7,Canada,45.616172,-72.946929,46467.512594017004
1269,J2T3W8,Canada,45.616837,-72.951631,46703.90277409101
1270,J2X4C3,Canada,45.279827,-73.229641,88584.60012081993
1271,J2T5L5,Canada,45.613568,-72.932924,45819.26664719207
1272,J2R1V6,Canada,45.621655,-72.864107,41260.18905156667
1273,J2K1S5,Canada,45.20461,-72.751896,78099.35263455907
1274,J2B1K3,Canada,45.877939,-72.482863,318.8690636314082
1275,J2S0M2,Canada,45.63818,-72.97214,46529.99650106498
1276,J2T1N7,Canada,45.620185,-72.947129,46196.84047807113
1277,J2Y1H2,Canada,45.300951,-73.35646,93711.78823763644
1278,J2N0E7,Canada,45.28895,-72.989822,76751.16718087319
1279,J2S6R5,Canada,45.613437,-72.977772,48531.65275091146
1280,J2S0G8,Canada,45.613568,-72.987353,49112.96462990418
1281,J2S7R7,Canada,45.629676,-72.96464,46620.1879401288
1282,J2S8V8,Canada,45.641164,-72.946803,44742.1906097124
1283,J2N3C7,Canada,45.291435,-72.984496,76300.64645290264
1284,J2S0H8,Canada,45.592203,-72.974923,49851.4478515383
1285,J2L1E5,Canada,45.293421,-72.702234,67543.17100543239
1286,J2Y1B1,Canada,45.308447,-73.314249,90765.04583023404
1287,J2S9E5,Canada,45.61019,-72.986219,49272.695689915
1288,J2H0T2,Canada,45.428293,-72.702074,53135.946360329544
1289,J2G3C1,Canada,45.402295,-72.736552,56759.50059998053
1290,J2S6C9,Canada,45.630721,-72.967772,46745.53702138826
1291,J2S0A1,Canada,45.623652,-72.958483,46648.08751244529
1292,J2T2E2,Canada,45.622231,-72.934688,45303.117943869795
1293,J2M2A7,Canada,45.405913,-72.639932,54221.78263940714
1294,J2S4K2,Canada,45.632141,-72.950503,45578.22336309455
1295,J2S2L1,Canada,45.623539,-72.95713,46572.88513843303
1296,J2R1G7,Canada,45.648736,-73.020239,48987.41373660071
1297,J2J2J1,Canada,45.359643,-72.754646,61705.001923051364
1298,J2H1B6,Canada,45.403117,-72.709161,55970.420260177096
1299,J2S6V3,Canada,45.605186,-72.972362,48774.67597882497
1300,J2S3T6,Canada,45.613975,-72.969544,47991.021501389405
1301,J2T1J2,Canada,45.633475,-72.929143,44178.283309091436
1302,J2J0N8,Canada,45.416635,-72.779677,56543.5496262462
1303,J2S4J8,Canada,45.630435,-72.947755,45525.17670362104
1304,J2S7Z7,Canada,45.63775,-72.944754,44843.51201072095
1305,J2G4A2,Canada,45.386343,-72.750116,58793.11771517762
1306,J2S8N1,Canada,45.638095,-72.94447,44802.6734631849
1307,J2S5R2,Canada,45.627723,-72.955629,46194.52770242615
1308,J2G7C5,Canada,45.400327,-72.737587,56993.03599631769
1309,J2S3G4,Canada,45.627005,-72.942223,45423.317219373974
1310,J2L1E5,Canada,45.293421,-72.702234,67543.17100543239
1311,J2T3H5,Canada,45.611131,-72.915535,44981.12016889001
1312,J2M1H7,Canada,45.390044,-72.586245,55190.56108622876
1313,J2G7C1,Canada,45.403812,-72.734932,56557.36990009623
1314,J2H1Z6,Canada,45.425375,-72.734709,54303.20099726351
1315,J2S7A9,Canada,45.583233,-72.980562,50834.39242805091
1316,J2E1E2,Canada,45.908651,-72.525726,4482.019273711856
1317,J2H2V2,Canada,45.378489,-72.732148,59141.46727596205
1318,J2B8H4,Canada,45.876776,-72.482727,446.2324071347241
1319,J2B1E9,Canada,45.87827,-72.477462,582.0113498322881
1320,J2S0L7,Canada,45.63818,-72.97214,46529.99650106498
1321,J2S4S8,Canada,45.631001,-72.951712,45730.19123066122
1322,J2T3H4,Canada,45.615841,-72.921864,45002.33456805725
1323,J2T3R2,Canada,45.618843,-72.94623,46236.856779558424
1324,J2S8Z1,Canada,45.640773,-72.943148,44540.73719605156
1325,J2H1H7,Canada,45.407806,-72.708115,55449.019396773685
1326,J2M1E7,Canada,45.352852,-72.507494,58783.67163564675
1327,J2S0G8,Canada,45.613568,-72.987353,49112.96462990418
1328,J2S8A9,Canada,45.633645,-72.96968,46671.39611434567
1329,J2X5G7,Canada,45.282237,-73.233723,88590.72432295106
1330,J2B2K9,Canada,45.874681,-72.489801,797.3537423279752
1331,J2T0J1,Canada,45.613787,-72.917475,44896.7273812251
1332,J2B3W3,Canada,45.861975,-72.490374,2135.6070204474495
1333,J2C7K7,Canada,45.862076,-72.513835,3094.8568664374066
1334,J2K4N6,Canada,45.231322,-72.82882,77115.49861224339
1335,J2H0T9,Canada,45.434774,-72.71674,52832.31804612143
1336,J2R1N3,Canada,45.638126,-72.914985,42995.362334908175
1337,J2A4G5,Canada,45.84927,-72.486811,3500.669849056509
1338,J2S0G8,Canada,45.613568,-72.987353,49112.96462990418
1339,J2T0G1,Canada,45.616708,-72.929435,45385.57749280196
1340,J2S0G8,Canada,45.613568,-72.987353,49112.96462990418
1341,J2S4C7,Canada,45.640994,-72.959829,45569.71287774554
1342,J2R1C1,Canada,45.649587,-72.99216,47096.256175256756
1343,J2S5L9,Canada,45.631382,-72.958343,46114.61599609952
1344,J2S3W1,Canada,45.601993,-72.986223,49837.99543832737
1345,J2L0B3,Canada,45.320096,-72.662132,63923.209956051585
1346,J2S0N5,Canada,45.63818,-72.97214,46529.99650106498
1347,J2T4T9,Canada,45.641604,-72.935683,44021.92252870094
1348,J2H2M6,Canada,45.431895,-72.742209,53840.91522116188
1349,J2S0G8,Canada,45.613568,-72.987353,49112.96462990418
1350,J2S1R4,Canada,45.630249,-72.958949,46228.45855649364
1351,J2M1H1,Canada,45.36637,-72.56336,57581.96793443426
1352,J2C7K4,Canada,45.866851,-72.520341,3199.3806068577533
1353,J2S8L4,Canada,45.63794,-72.942954,44719.24031866726
1354,J2T3L1,Canada,45.619773,-72.934483,45465.70392424482
1355,J2W2B2,Canada,45.375087,-73.253961,82211.8763082814
1356,J2S7L6,Canada,45.631538,-72.964086,46461.23430666244
1357,J2W2R6,Canada,45.358245,-73.294701,85817.82980228028
1358,J2J2J1,Canada,45.359643,-72.754646,61705.001923051364
1359,J2S1B5,Canada,45.640344,-72.956696,45415.4396511983
1360,J2J2A9,Canada,45.385572,-72.78709,59946.158846550934
1361,J2T2N2,Canada,45.615482,-72.918788,44848.44692481276
1362,J2S5Z5,Canada,45.624344,-72.957406,46534.58948198681
1363,J2W3A8,Canada,45.362281,-73.310422,86419.5317252244
1364,J2S8T7,Canada,45.631861,-72.948364,45465.3600596994
1365,J2S0G8,Canada,45.613568,-72.987353,49112.96462990418
1366,J2T2H3,Canada,45.624066,-72.929028,44833.508678297985
1367,J2S1B3,Canada,45.637473,-72.961741,45921.09402121225
1368,J2G7M8,Canada,45.397847,-72.740982,57343.85247249129
1369,J2W0J8,Canada,45.3477,-73.290286,86371.7504967888
1370,J2S7S7,Canada,45.631334,-72.966826,46645.714590298245
1371,J2S1B5,Canada,45.640344,-72.956696,45415.4396511983
1372,J2H2S9,Canada,45.379055,-72.732308,59085.954944801124
1373,J2S7K1,Canada,45.640198,-72.95964,45609.97573260814
1374,J2R2C8,Canada,45.639382,-72.877654,40686.959665076974
1375,J2T0E8,Canada,45.597442,-72.964337,48845.394912400574
1376,J2X1A5,Canada,45.315929,-73.243641,86321.76031790777
1377,J2S7A9,Canada,45.583233,-72.980562,50834.39242805091
1378,J2S2E3,Canada,45.604583,-72.969357,48635.90736746226
1379,J2T4V2,Canada,45.621777,-72.926867,44868.040805058896
1380,J2C7P7,Canada,45.905745,-72.48336,2792.8806946145924
1381,J2W2B2,Canada,45.375087,-73.253961,82211.8763082814
1382,J2W2B2,Canada,45.375087,-73.253961,82211.8763082814
1383,J2S5Z1,Canada,45.627674,-72.960415,46493.09347678037
1384,J2H2E3,Canada,45.432357,-72.714426,53024.20111056842
1385,J2N3B8,Canada,45.27525,-72.983436,77816.41010888455
1386,J2T0A8,Canada,45.597745,-72.963243,48758.63672241001
1387,J2T1E1,Canada,45.63199,-72.937627,44798.0007861481
1388,J2S8M1,Canada,45.605522,-72.986181,49590.89154811662
1389,J2T4R6,Canada,45.628549,-72.937471,45027.07731343203
1390,J2R1P1,Canada,45.644322,-72.889241,41011.17737285298
1391,J2W0K8,Canada,45.337322,-73.291298,87230.27923813634
1392,J2T3H5,Canada,45.611131,-72.915535,44981.12016889001
1393,J2N3B8,Canada,45.27525,-72.983436,77816.41010888455
1394,J2T0B7,Canada,45.612597,-72.955163,47215.50929479871
1395,J2T3V8,Canada,45.618187,-72.950909,46565.524588452754
1396,J2C4J4,Canada,45.882605,-72.49612,953.244539725051
1397,J2L3N4,Canada,45.303396,-72.609761,65001.72162047371
1398,J2G2P9,Canada,45.40104,-72.712861,56280.58513979269
1399,J2A1R1,Canada,45.857476,-72.422384,5438.333486143973
1400,J2W1S3,Canada,45.350805,-73.26913,84940.50442870878
1401,J2T1P3,Canada,45.620506,-72.94019,45755.78643949541
1402,J2S4C7,Canada,45.640994,-72.959829,45569.71287774554
1403,J2S4C7,Canada,45.640994,-72.959829,45569.71287774554
1404,J2T5G2,Canada,45.61626,-72.936386,45830.545567477886
1405,J2T3S1,Canada,45.618603,-72.947507,46330.78168153565
1406,J2B0H9,Canada,45.86729,-72.421023,5113.346960592355
1407,J2T0G1,Canada,45.616708,-72.929435,45385.57749280196
1408,J2S1B4,Canada,45.639433,-72.959103,45626.48819954261
1409,J2W2W5,Canada,45.345079,-73.266798,85256.68891752118
1410,J2T3E1,Canada,45.626275,-72.934694,45017.96977788842
1411,J2R1P3,Canada,45.65769,-72.891524,40209.158567332364
1412,J2S8M8,Canada,45.639085,-72.944279,44724.232677681386
1413,J2T5K8,Canada,45.614778,-72.928047,45443.55054551903
1414,J2S1Z1,Canada,45.629682,-72.955145,46031.53739448267
1415,J2R2G5,Canada,45.643537,-72.902478,41860.18313732341
1416,J2T2Z5,Canada,45.626642,-72.932551,44862.84670539475
1417,J2R1G6,Canada,45.649356,-72.999542,47591.46150773729
1418,J2M1Y3,Canada,45.380884,-72.657305,57244.70198527722
1419,J2G3Z8,Canada,45.388278,-72.740592,58333.616945871276
1420,J2N2J1,Canada,45.278248,-72.977376,77291.19656601553
1421,J2B1P8,Canada,45.859692,-72.45514,3240.6596890182695
1422,J2G1Z3,Canada,45.408047,-72.721153,55750.97003687221
1423,J2S0C1,Canada,45.608977,-72.981827,49086.475301036495
1424,J2X5V7,Canada,45.320209,-73.236807,85608.51588673267
1425,J2B8N6,Canada,45.860153,-72.503314,2724.1588494365756
1426,J2B4Z8,Canada,45.863185,-72.478299,1997.5104863134825
1427,J2L2K6,Canada,45.316536,-72.642993,64005.440057479645
1428,J2G8R9,Canada,45.385987,-72.75004,58828.15219538968
1429,J2T3S4,Canada,45.617109,-72.945484,46314.35200894372
1430,J2H3E1,Canada,45.385591,-72.705741,57747.41565825113
1431,J2G9M1,Canada,45.394408,-72.711477,56948.19883253532
1432,J2T4A2,Canada,45.612963,-72.950864,46931.21104295747
1433,J2G6H5,Canada,45.413295,-72.738834,55674.57592037368
1434,J2T5G9,Canada,45.601132,-72.96861,48835.720449673456
1435,J2S9A2,Canada,45.642018,-72.949141,44831.517853136786
1436,J2S7X3,Canada,45.642226,-72.955742,45231.83523417456
1437,J2S8A9,Canada,45.633645,-72.96968,46671.39611434567
1438,J2S8N6,Canada,45.606583,-72.986825,49557.15477824152
1439,J2S5W8,Canada,45.631163,-72.962239,46371.307980543315
1440,J2W2H2,Canada,45.375095,-73.255128,82277.50868546175
1441,J2S0L2,Canada,45.63818,-72.97214,46529.99650106498
1442,J2S2B9,Canada,45.625569,-72.956977,46424.41615112502
1443,J2T0J7,Canada,45.613787,-72.917475,44896.7273812251
1444,J2T0J7,Canada,45.613787,-72.917475,44896.7273812251
1445,J2L1H4,Canada,45.314344,-72.624955,63989.19062854797
1446,J2B7T5,Canada,45.849159,-72.366917,9740.075822689634
1447,J2R2A6,Canada,45.695838,-72.918017,39466.56012797999
1448,J2S1N7,Canada,45.628169,-72.964439,46708.85068727222
1449,J2C4G3,Canada,45.877774,-72.504443,1605.9430916964977
1450,J2L3C5,Canada,45.275921,-72.626905,68232.2657933583
1451,J2R1N2,Canada,45.63737,-72.917032,43172.12503229866
1452,J2R0B6,Canada,45.62045,-72.94597,46108.18616450735
1453,J2S2B6,Canada,45.627502,-72.955329,46191.120279451156
1454,J2A1E3,Canada,45.83349,-72.431356,6657.4279627667875
1455,J2C0A2,Canada,45.891196,-72.478578,1249.3340990619376
1456,J2W2C8,Canada,45.364007,-73.256371,83200.83878689958
1457,J2C7Z6,Canada,45.895215,-72.527456,3726.884212800323
1458,J2S9E7,Canada,45.607478,-72.989006,49629.42029643321
1459,J2S8X5,Canada,45.607318,-72.986938,49513.54631095249
1460,J2B0V5,Canada,45.866509,-72.487775,1600.4963081027638
1461,J2T0E4,Canada,45.626031,-72.911942,43676.033330016275
1462,J2T0E4,Canada,45.626031,-72.911942,43676.033330016275
1463,J2N0H7,Canada,45.275648,-72.970851,77292.18836176001
1464,J2S8P8,Canada,45.597023,-72.977217,49643.67050545342
1465,J2H0N7,Canada,45.394516,-72.669354,56004.64837252019
1466,J2C1B2,Canada,45.904902,-72.475739,2775.778790571416
1467,J2R1H6,Canada,45.669529,-72.937866,42349.04461736461
1468,J2T3K4,Canada,45.615769,-72.927883,45361.863034210786
1469,J2L2N1,Canada,45.257667,-72.656596,70641.6057414246
1470,J2L2N1,Canada,45.257667,-72.656596,70641.6057414246
1471,J2R1W4,Canada,45.658859,-72.911931,41389.31622384966
1472,J2W3E2,Canada,45.36049,-73.263443,83870.74974262321
1473,J2T4Z5,Canada,45.621876,-72.922032,44573.69881880107
1474,J2W1R3,Canada,45.345037,-73.270165,85447.57236240857
1475,J2S6S2,Canada,45.605529,-72.970375,48630.58887065593
1476,J2S5K8,Canada,45.626961,-72.952704,46066.78039229031
1477,J2M1H1,Canada,45.36637,-72.56336,57581.96793443426
1478,J2G7B5,Canada,45.384885,-72.73648,58580.7721424475
1479,J2T2P3,Canada,45.640725,-72.924449,43390.51821334491
1480,J2J1H9,Canada,45.39885,-72.757183,57691.61441925995
1481,J2W1C4,Canada,45.354006,-73.294624,86135.64931721336
1482,J2S6T9,Canada,45.609185,-72.976591,48752.330366437265
1483,J2B2H7,Canada,45.867989,-72.475705,1554.8666477685917
1484,J2Y2M2,Canada,0,0,8672420.421869809
1485,J2Y1A5,Canada,45.379229,-73.378863,89256.05327359836
1486,J2G4H7,Canada,45.395129,-72.714812,56953.17347626431
1487,J2R1L8,Canada,45.647446,-72.896711,41237.353611553015
1488,J2J2Z6,Canada,45.405619,-72.761885,57128.7266453921
1489,J2S2Y2,Canada,45.632301,-72.941972,45042.47584995439
1490,J2G3J6,Canada,45.40189,-72.74098,56921.92966501165
1491,J2X5S1,Canada,45.265256,-73.241953,90443.8587659717
1492,J2W1Z1,Canada,45.342117,-73.298068,87241.30959732868
1493,J2S8J7,Canada,45.622661,-72.961495,46900.825967416335
1494,J2T4B4,Canada,45.612557,-72.95668,47309.71041658283
1495,J2S4V9,Canada,45.625515,-72.944433,45661.26224167934
1496,J2S2N4,Canada,45.622592,-72.957111,46636.83033192721
1497,J2B5K2,Canada,45.872351,-72.478851,1011.9156717266243
1498,J2X1M4,Canada,45.307781,-73.242667,86935.87019915358
1499,J2X1M4,Canada,45.307781,-73.242667,86935.87019915358
1500,J2X1M4,Canada,45.307781,-73.242667,86935.87019915358
1501,J2X1M4,Canada,45.307781,-73.242667,86935.87019915358
1502,J2X1M4,Canada,45.307781,-73.242667,86935.87019915358
1503,J2S8P8,Canada,45.597023,-72.977217,49643.67050545342
1504,J2S7A3,Canada,45.596536,-72.977969,49723.3645000888
1505,J2T3K2,Canada,45.620655,-72.93461,45410.43873415389
1506,J2T3K2,Canada,45.620655,-72.93461,45410.43873415389
1507,J2T3K2,Canada,45.620655,-72.93461,45410.43873415389
1508,J2T2M3,Canada,45.618676,-72.925622,45017.55420194059
1509,J2S1W4,Canada,45.630779,-72.955851,46000.89593480977
1510,J2J0A5,Canada,45.364086,-72.745523,60999.45049528365
1511,J2B0K9,Canada,45.841347,-72.456771,4863.713411263872
1512,J2L0R8,Canada,45.29819,-72.70392,67062.71950238441
1513,J2R1N2,Canada,45.63737,-72.917032,43172.12503229866
1514,J2W2Z3,Canada,45.377582,-73.367856,88705.5057840474
1515,J2T1Y8,Canada,45.615966,-72.949416,46631.67030202209
1516,J2J0T6,Canada,45.387682,-72.777554,59440.98358641575
1517,J2J1B3,Canada,45.397206,-72.759809,57937.2857539232
1518,J2X4A2,Canada,45.304527,-73.230102,86542.92930970697
1519,J2W2P1,Canada,45.354335,-73.29973,86402.35317262508
1520,J2S8X8,Canada,45.636389,-72.945936,45008.49762687274
1521,J2S8A3,Canada,45.60467,-72.971688,48770.270358221765
1522,J2L1V9,Canada,45.280451,-72.789779,70931.79651023759
1523,J2K3G6,Canada,45.217247,-72.808918,78070.3542091705
1524,J2H3S2,Canada,0,0,8672420.421869809
1525,J2W3A8,Canada,45.362281,-73.310422,86419.5317252244
1526,J2T5H7,Canada,45.601255,-72.968542,48822.8930658653
1527,J2S6H4,Canada,45.630619,-72.969151,46838.421991133866
1528,J2Y1B1,Canada,45.308447,-73.314249,90765.04583023404
1529,J2R2J7,Canada,45.645793,-72.891795,41058.73775966131
1530,J2R2J7,Canada,45.645793,-72.891795,41058.73775966131
1531,J2R1L9,Canada,45.645536,-72.89545,41296.172314515796
1532,J2S3W8,Canada,45.605809,-72.974532,48862.26200644042
1533,J2J2M2,Canada,45.384065,-72.739166,58737.15763364174
1534,J2R1E3,Canada,45.64831,-72.997116,47496.75442109324
1535,J2S6G4,Canada,45.626323,-72.963564,46779.16749502288
1536,J2S4L2,Canada,45.625354,-72.941013,45464.8094890753
1537,J2S1C5,Canada,45.631334,-72.966826,46645.714590298245
1538,J2W1S7,Canada,45.349051,-73.279044,85633.16288745328
1539,J2R1G1,Canada,45.671401,-72.92646,41497.45089062227
1540,J2R1A3,Canada,45.644657,-73.006006,48298.350509337506
1541,J2W1K9,Canada,45.351728,-73.269112,84867.81825926605
1542,J2S6G8,Canada,45.627866,-72.966057,46829.62535876181
1543,J2J1C3,Canada,45.3986,-72.759097,57772.519729326166
1544,J2H2T9,Canada,45.382348,-72.733789,58777.477399697804
1545,J2T7V9,Canada,0,0,8672420.421869809
1546,J2S8Y9,Canada,45.640773,-72.943148,44540.73719605156
1547,J2J0V2,Canada,45.387682,-72.777554,59440.98358641575
1548,J2S7G8,Canada,45.606187,-72.98178,49276.33308654147
1549,J2G5Z2,Canada,45.40997,-72.736456,55955.616348462354
1550,J2J0L2,Canada,45.37646,-72.736577,59468.15862077759
1551,J2W2E9,Canada,45.353878,-73.264463,84440.2840086222
1552,J2S6O4,Canada,0,0,8672420.421869809
1553,J2A1S5,Canada,45.858485,-72.4246,5233.828675439983
1554,J2H3E1,Canada,45.385591,-72.705741,57747.41565825113
1555,J2Y0A5,Canada,45.313895,-73.352067,92469.26881572016
1556,J2S8V8,Canada,45.641164,-72.946803,44742.1906097124
1557,J2T4Z6,Canada,45.617145,-72.928564,45302.41579359585
1558,J2S0N1,Canada,45.63818,-72.97214,46529.99650106498
1559,J2R1M9,Canada,45.644274,-72.905751,42006.15173945135
1560,J2L2L5,Canada,45.309053,-72.650753,64941.17446324925
1561,J2S2M2,Canada,45.619466,-72.963522,47244.29604485626
1562,J2K3G6,Canada,45.217247,-72.808918,78070.3542091705
1563,J2S5V7,Canada,45.625835,-72.955254,46300.398041633394
1564,J2W1H6,Canada,45.348192,-73.291897,86425.18455558979
1565,J2J1T1,Canada,45.405468,-72.757824,57025.49828334718
1566,J2Y1A5,Canada,45.379229,-73.378863,89256.05327359836
1567,J2Y1A5,Canada,45.379229,-73.378863,89256.05327359836
1568,J2Y1A5,Canada,45.379229,-73.378863,89256.05327359836
1569,J2R2A4,Canada,45.631732,-72.860039,40252.56717010004
1570,J2N0H7,Canada,45.275648,-72.970851,77292.18836176001
1571,J2R1R3,Canada,45.638379,-72.92099,43341.71579963416
1572,J2N0B9,Canada,45.277412,-72.990417,77881.75861829861
1573,J2T1N4,Canada,45.626275,-72.934694,45017.96977788842
1574,J2T4R3,Canada,45.615419,-72.943109,46291.93396199219
1575,J2H2R5,Canada,45.394544,-72.705502,56790.990276449
1576,J2T0E8,Canada,45.597442,-72.964337,48845.394912400574
1577,J2T1N4,Canada,45.626275,-72.934694,45017.96977788842
1578,J2G8Y2,Canada,45.414789,-72.740602,55568.36352723468
1579,J2G4J9,Canada,45.393074,-72.716479,57211.29914986887
1580,J2W2T9,Canada,45.345543,-73.290551,86552.70197441426
1581,J2S6J6,Canada,45.627836,-72.967491,46920.71115981784
1582,J2B0W5,Canada,45.864729,-72.486183,1780.7077507482268
1583,J2Y1A5,Canada,45.379229,-73.378863,89256.05327359836
1584,J2S8X8,Canada,45.636389,-72.945936,45008.49762687274
1585,J2B0H2,Canada,45.855338,-72.496971,2989.3553498087795
1586,J2B4A7,Canada,45.844458,-72.453685,4670.807187971971
1587,J2W2V8,Canada,45.349721,-73.273034,85243.54868860167
1588,J2R1M2,Canada,45.642971,-72.896648,41549.99130711648
1589,J2W3A5,Canada,45.364086,-73.30866,86182.50055601206
1590,J2Y1G2,Canada,45.371432,-73.388032,90359.88452495761
1591,J2G1S3,Canada,45.409243,-72.711862,55389.72337159971
1592,J2T3K2,Canada,45.620655,-72.93461,45410.43873415389
1593,J2S6C7,Canada,45.629873,-72.966661,46732.78427865279
1594,J2N2W4,Canada,45.275143,-72.982496,77790.16042979898
1595,J2G4A2,Canada,45.386343,-72.750116,58793.11771517762
1596,J2N1Z2,Canada,45.279347,-72.982475,77383.45161701793
1597,J2C7T2,Canada,45.906636,-72.479171,2916.929897527842
1598,J2K1C4,Canada,45.211829,-72.748764,77259.36005166394
1599,J2R1N2,Canada,45.63737,-72.917032,43172.12503229866
1600,J2S9B3,Canada,45.642305,-72.943937,44487.47535343299
1601,J2S0H8,Canada,45.592203,-72.974923,49851.4478515383
1602,J2G3J7,Canada,45.401545,-72.743397,57024.20137114188
1603,J2W3E2,Canada,45.36049,-73.263443,83870.74974262321
1604,J2T2A7,Canada,45.616172,-72.946929,46467.512594017004
1605,J2T5J7,Canada,45.612765,-72.933715,45924.223545513465
1606,J2W3E8,Canada,45.353414,-73.289512,85889.73928229019
1607,J2J0L2,Canada,45.37646,-72.736577,59468.15862077759
1608,J2T4Y8,Canada,45.62109,-72.923224,44701.08454998424
1609,J2ROV6,Canada,0,0,8672420.421869809
1610,J2S6S2,Canada,45.605529,-72.970375,48630.58887065593
1611,J2T3M7,Canada,45.620761,-72.936859,45537.6609916307
1612,J2S4P5,Canada,45.626825,-72.944218,45557.26657473546
1613,J2T5J9,Canada,45.643318,-72.921484,43030.8272224791
1614,J2S2G9,Canada,45.625044,-72.95629,46418.15284582834
1615,J2W2B7,Canada,45.372086,-73.252578,82363.86178930357
1616,J2L3H8,Canada,45.312602,-72.670634,64883.07314136455
1617,J2L1L6,Canada,45.305235,-72.651957,65376.44910107358
1618,J2S8W3,Canada,45.643604,-72.956308,45177.29421480843
1619,J2N2P9,Canada,45.265913,-72.937379,77009.40278776865
1620,J2A3H6,Canada,45.848333,-72.379887,8846.602357190963
1621,J2W1C4,Canada,45.354006,-73.294624,86135.64931721336
1622,J2W1M8,Canada,45.373017,-73.259206,82668.13411279593
1623,J2S1Z3,Canada,45.628999,-72.956093,46136.382521534295
1624,J2W2P5,Canada,45.363441,-73.303075,85907.50553062082
1625,J2W1C4,Canada,45.354006,-73.294624,86135.64931721336
1626,J2T2T6,Canada,45.637186,-72.930802,44022.72345917465
1627,J2R2C6,Canada,45.660739,-72.844796,37196.81087002432
1628,J2W1K9,Canada,45.351728,-73.269112,84867.81825926605
1629,J2R1B3,Canada,45.650256,-72.988979,46848.51695661201
1630,J2W1C4,Canada,45.354006,-73.294624,86135.64931721336
1631,J2T5H1,Canada,45.585552,-72.944021,48539.407786607204
1632,J2W2C5,Canada,45.366344,-73.262652,83375.09961114461
1633,J2W2C5,Canada,45.366344,-73.262652,83375.09961114461
1634,J2W1Z2,Canada,45.341366,-73.298074,87299.42501899094
1635,J2S4C3,Canada,45.638038,-72.953907,45393.457783434096
1636,J2S3W8,Canada,45.605809,-72.974532,48862.26200644042
1637,J2H3J6,Canada,45.38411,-72.72037,58254.202317097384
1638,J2N2P9,Canada,45.265913,-72.937379,77009.40278776865
1639,J2W2C5,Canada,45.366344,-73.262652,83375.09961114461
1640,J2S2J1,Canada,45.62088,-72.962751,47099.92850665682
1641,J2S1C8,Canada,45.630108,-72.968743,46846.922745298165
1642,J2S1C8,Canada,45.630108,-72.968743,46846.922745298165
1643,J2S6C5,Canada,45.62898,-72.9655,46720.283924772564
1644,J2W3B9,Canada,45.358129,-73.299794,86118.61459083007
1645,J2N1N4,Canada,45.273594,-72.957118,76973.85751059142
1646,J2S3Z3,Canada,45.604197,-72.97241,48847.126206476605
1647,J2L1V9,Canada,45.280451,-72.789779,70931.79651023759
1648,J2G8C3,Canada,45.384888,-72.741603,58715.36768297637
1649,J2M1E7,Canada,45.352852,-72.507494,58783.67163564675
1650,J2W2Z3,Canada,45.377582,-73.367856,88705.5057840474
1651,J2S7H3,Canada,45.631,-72.962497,46398.26597580284
1652,J2R1R2,Canada,45.639275,-72.917939,43094.00820998134
1653,J2J1K3,Canada,45.40118,-72.764023,57649.427094771345
1654,J2S2J3,Canada,45.630435,-72.947755,45525.17670362104
1655,J2J2Z7,Canada,45.406723,-72.762143,57022.52046182162
1656,J2T4P7,Canada,45.614443,-72.940374,46198.364347860006
1657,J2R1H6,Canada,45.669529,-72.937866,42349.04461736461
1658,J2S3C1,Canada,45.617076,-72.960736,47239.33209468139
1659,J2S0M4,Canada,45.63818,-72.97214,46529.99650106498
1660,J2L2L1,Canada,45.304757,-72.617626,64947.1916155535
1661,J2H3H3,Canada,45.384586,-72.704824,57832.998003801644
1662,J2C7Y4,Canada,45.890179,-72.520643,3020.472876065545
1663,J2W1M8,Canada,45.373017,-73.259206,82668.13411279593
1664,J2J0M6,Canada,45.427225,-72.820066,56842.64943961041
1665,J2W1Z1,Canada,45.342117,-73.298068,87241.30959732868
1666,J2S0H8,Canada,45.592203,-72.974923,49851.4478515383
1667,J2S7K1,Canada,45.640198,-72.95964,45609.97573260814
1668,J2S5B5,Canada,45.622538,-72.942557,45755.38656575155
1669,J2W2P1,Canada,45.354335,-73.29973,86402.35317262508
1670,J2W2P1,Canada,45.354335,-73.29973,86402.35317262508
1671,J2KOJ8,Canada,0,0,8672420.421869809
1672,J2W2P1,Canada,45.354335,-73.29973,86402.35317262508
1673,J2S8T7,Canada,45.631861,-72.948364,45465.3600596994
1674,J2S2J3,Canada,45.630435,-72.947755,45525.17670362104
1675,J2G6V9,Canada,45.38927,-72.728819,57922.06995674318
1676,J2T0B4,Canada,45.596733,-72.961068,48703.04831973169
1677,J2R1E2,Canada,45.647369,-72.998611,47651.45951734551
1678,J2S6B8,Canada,45.625634,-72.961131,46675.66739008752
1679,J2T1H2,Canada,45.634228,-72.929487,44146.8695941022
1680,J2T1A7,Canada,45.637438,-72.926315,43731.2110353857
1681,J2N2P1,Canada,45.272098,-72.965075,77418.52458058631
1682,J2Y0A1,Canada,45.317032,-73.314747,90121.23865431765
1683,J2L2P5,Canada,45.293177,-72.664469,66890.34631012598
1684,J2C0A3,Canada,45.891105,-72.486818,1180.8853385108644
1685,J2Y1B3,Canada,45.307375,-73.308796,90547.46131913459
1686,J2G6J1,Canada,45.41167,-72.740394,55886.961361454814
1687,J2W2H2,Canada,45.375095,-73.255128,82277.50868546175
1688,J2B0Y7,Canada,45.839171,-72.46478,4856.494955758889
1689,J2J0E9,Canada,45.355017,-72.808992,63747.069785055624
1690,J2J0L2,Canada,45.37646,-72.736577,59468.15862077759
1691,J2T0C4,Canada,45.612425,-72.933279,45923.15375412722
1692,J2S8M5,Canada,45.640885,-72.961623,45689.85295814161
1693,J2B0X3,Canada,45.878097,-72.485111,295.2837778434132
1694,J2B7Z8,Canada,45.865366,-72.503207,2254.6094247670144
1695,J2T4J1,Canada,45.617993,-72.943609,46139.10207542121
1696,J2B0X5,Canada,45.85465,-72.492331,2964.433076965454
1697,J2G8C3,Canada,45.384888,-72.741603,58715.36768297637
1698,J2C8V1,Canada,45.902805,-72.477812,2513.2359484384087
1699,J2T1P3,Canada,45.620506,-72.94019,45755.78643949541
1700,J2T2C5,Canada,45.61199,-72.951134,47016.48650683744
1701,J2W1N7,Canada,45.348725,-73.270136,85158.53986739813
1702,J2S1R7,Canada,45.629022,-72.960803,46426.02478864104
1703,J2T5H2,Canada,45.585552,-72.944021,48539.407786607204
1704,J2T5H2,Canada,45.585552,-72.944021,48539.407786607204
1705,J2T5H2,Canada,45.585552,-72.944021,48539.407786607204
1706,J2W0A2,Canada,45.353414,-73.289512,85889.73928229019
1707,J2T3H5,Canada,45.611131,-72.915535,44981.12016889001
1708,J2G9M1,Canada,45.394408,-72.711477,56948.19883253532
1709,J2H0J9,Canada,45.391742,-72.689672,56728.71326839398
1710,J2W1B1,Canada,45.378828,-73.365817,88494.25794533167
1711,J2X0B5,Canada,45.321181,-73.248693,86166.45086326725
1712,J2S7N5,Canada,45.642821,-72.955142,45155.08734949996
1713,J2S7K9,Canada,45.631334,-72.966826,46645.714590298245
1714,J2W1A7,Canada,45.384873,-73.374187,88576.78107032916
1715,J2Y1A5,Canada,45.379229,-73.378863,89256.05327359836
1716,J2C6R2,Canada,45.869064,-72.517782,2909.523677732646
1717,J2C8B7,Canada,45.908111,-72.510003,3654.0191945683127
1718,J2J2A6,Canada,45.395141,-72.784184,58877.43297241165
1719,J2R4R7,Canada,0,0,8672420.421869809
1720,J2J1R8,Canada,45.377645,-72.73903,59407.10769844773
1721,J2J1L4,Canada,45.404457,-72.760361,57203.890405235594
1722,J2G4A2,Canada,45.386343,-72.750116,58793.11771517762
1723,J2H3B4,Canada,45.40557,-72.702187,55542.78963327922
1724,J2G9M1,Canada,45.394408,-72.711477,56948.19883253532
1725,J2G5G5,Canada,45.403228,-72.728669,56452.24572497807
1726,J2G6Z9,Canada,45.401138,-72.735508,56852.41313009644
1727,J2H2B5,Canada,45.434225,-72.724881,53109.843256490996
1728,J2G6M9,Canada,45.415369,-72.744678,55622.90411143102
1729,J2H1H6,Canada,45.406997,-72.707518,55519.992704090706
1730,J2G6Z9,Canada,45.401138,-72.735508,56852.41313009644
1731,J2G0B9,Canada,45.401881,-72.734869,56757.599205515304
1732,J2G9A3,Canada,45.395699,-72.749244,57794.60499182013
1733,J2G6N4,Canada,45.415459,-72.747875,55704.748688410546
1734,J2H0A1,Canada,45.390311,-72.690788,56906.112539658934
1735,J2J1C8,Canada,45.395806,-72.759386,58070.0259182284
1736,J2J2A9,Canada,45.385572,-72.78709,59946.158846550934
1737,J2J2L2,Canada,45.42129,-72.744511,55004.471351609296
1738,J2J2L3,Canada,45.420415,-72.746038,55138.904010312835
1739,J2G3V1,Canada,45.395939,-72.741916,57568.386416453104
1740,J2J2P6,Canada,45.405044,-72.763977,57249.760655505015
1741,J2G8C9,Canada,0,0,8672420.421869809
1742,J2H3B4,Canada,45.40557,-72.702187,55542.78963327922
1743,J2J1K4,Canada,45.398039,-72.763106,57946.75970090905
1744,J2J2T1,Canada,45.382241,-72.749563,59205.948517340395
1745,J2G6N4,Canada,45.415459,-72.747875,55704.748688410546
1746,J2G7Y8,Canada,45.410536,-72.753628,56379.91496550355
1747,J2G9A9,Canada,45.419886,-72.737076,54939.983380327285
1748,J2L3L7,Canada,45.325902,-72.663584,63317.132757809595
1749,J2H3A9,Canada,45.408309,-72.701064,55225.638022247396
1750,J2H2C5,Canada,45.429467,-72.728657,53709.44021228218
1751,J2K0S7,Canada,45.188608,-72.755522,79892.48781151044
1752,J2H1B9,Canada,45.405111,-72.70848,55742.917826792145
1753,J2G3C9,Canada,45.408316,-72.746697,56411.93074679831
1754,J2H1H8,Canada,45.417829,-72.714714,54557.18034795782
1755,J2J2C6,Canada,45.384554,-72.750988,59003.53016285629
1756,J2G5S9,Canada,45.411488,-72.732271,55683.5423637002
1757,J2G5V8,Canada,45.408589,-72.734345,56042.390582118125
1758,J2G3P5,Canada,45.398296,-72.742958,57350.81743243277
1759,J2G4M9,Canada,45.402837,-72.714041,56119.97151062021
1760,J2J0M9,Canada,45.427194,-72.819863,56838.45590655594
1761,J2G5B4,Canada,45.400041,-72.726952,56741.91383033045
1762,J2L3N2,Canada,45.302369,-72.659701,65811.84518916755
1763,J2H3A9,Canada,45.408309,-72.701064,55225.638022247396
1764,J2H2W6,Canada,45.425076,-72.721094,53963.19049677747
1765,J2G7X2,Canada,45.409825,-72.751829,56401.57995887522
1766,J2J2A2,Canada,45.423806,-72.804641,56642.639383898466
1767,J2H0W4,Canada,45.436652,-72.718983,52696.1086535995
1768,J2G7X2,Canada,45.409825,-72.751829,56401.57995887522
1769,J2G9P3,Canada,45.395056,-72.755564,58038.74815654187
1770,J2G9N1,Canada,45.396346,-72.721943,57002.348957129965
1771,J2G4G2,Canada,45.381901,-72.745431,59130.034083929524
1772,J2G4P7,Canada,45.4107,-72.715168,55319.088614687156
1773,J2G4P2,Canada,45.400675,-72.714457,56358.53481750928
1774,J2G6Z9,Canada,45.401138,-72.735508,56852.41313009644
1775,J2G9H9,Canada,0,0,8672420.421869809
1776,J2J0L5,Canada,45.349143,-72.740297,62439.76893992083
1777,J2G8N8,Canada,45.415741,-72.747798,55673.33862537964
1778,J2H1V2,Canada,45.406033,-72.709337,55666.37260656891
1779,J2J0C4,Canada,45.355302,-72.761591,62345.00854170029
1780,J2H0E4,Canada,45.392096,-72.683767,56562.91355430393
1781,J2H2E5,Canada,45.434174,-72.714437,52834.06825694825
1782,J2G5R4,Canada,45.419483,-72.727672,54724.19907390613
1783,J2G7A4,Canada,45.398797,-72.734994,57083.61172699883
1784,J2G4E2,Canada,45.395183,-72.725943,57226.50685680787
1785,J2H2K9,Canada,45.38046,-72.726222,58784.513632853836
1786,J2J1V7,Canada,45.404325,-72.762701,57286.187673760534
1787,J2G2T4,Canada,45.397728,-72.720975,56832.3085786846
1788,J2G8L7,Canada,45.384904,-72.744233,58783.88415776622
1789,J2H2K6,Canada,45.441808,-72.725082,52325.94499933829
1790,J2H0C9,Canada,45.389818,-72.685291,56839.43335482845
1791,J2J2E3,Canada,45.401692,-72.758399,57432.51530381182
1792,J2H0J1,Canada,45.386706,-72.688821,57248.51362512303
1793,J2G3N5,Canada,45.398796,-72.73209,57006.80850608372
1794,J2M1W9,Canada,45.383906,-72.66242,57013.326169327585
1795,J2N2V2,Canada,45.277291,-72.989331,77850.57935883821
1796,J2H2Z1,Canada,45.43706,-72.718975,52653.27133296981
1797,J2G3H3,Canada,45.403306,-72.742568,56817.90984803534
1798,J2G3M3,Canada,45.399673,-72.744798,57257.81793922723
1799,J2H1K1,Canada,45.417013,-72.713085,54601.52159677339
1800,J2G8X8,Canada,45.407106,-72.711019,55594.39637409546
1801,J2G3K5,Canada,45.400408,-72.745794,57208.81375978066
1802,J2H3E9,Canada,45.396062,-72.689565,56264.95284983244
1803,J2G8C5,Canada,45.383685,-72.743145,58882.323086292454
1804,J2H2L9,Canada,45.440185,-72.729972,52631.817676537124
1805,J2H2L9,Canada,45.440185,-72.729972,52631.817676537124
1806,J2G3M7,Canada,45.39888,-72.74452,57332.77528301406
1807,J2G2B4,Canada,45.405467,-72.719992,55992.534611342744
1808,J2G6P9,Canada,45.396114,-72.716068,56880.02388281025
1809,J2G3M3,Canada,45.399673,-72.744798,57257.81793922723
1810,J2J2L6,Canada,45.418221,-72.747124,55397.227201082474
1811,J2G7W4,Canada,45.397628,-72.747713,57551.36402751806
1812,J2L2G7,Canada,45.310153,-72.635944,64600.12114857626
1813,J2H2N7,Canada,45.430385,-72.733382,53745.39360693531
1814,J2H2R5,Canada,45.394544,-72.705502,56790.990276449
1815,J2G5V3,Canada,45.407719,-72.734993,56150.78049867263
1816,J2G8C7,Canada,0,0,8672420.421869809
1817,J2H0C6,Canada,45.414708,-72.699627,54513.03744740027
1818,J2L0R8,Canada,45.29819,-72.70392,67062.71950238441
1819,J2J2T6,Canada,45.381442,-72.751143,59332.33188815905
1820,J2J1B9,Canada,45.3986,-72.759097,57772.519729326166
1821,J2M1L2,Canada,45.34482,-72.55779,59924.71239757265
1822,J2G4L7,Canada,45.403411,-72.712561,56022.72654827141
1823,J2H3H8,Canada,45.38411,-72.72037,58254.202317097384
1824,J2J2Y5,Canada,45.421269,-72.741209,54912.52559496157
1825,J2J0A1,Canada,45.382636,-72.738117,58859.50535953981
1826,J2N2G3,Canada,45.287376,-72.975355,76330.62353929601
1827,J2G9L7,Canada,45.396599,-72.752558,57793.70927760071
1828,J2G1X1,Canada,45.409511,-72.738928,56071.23416536195
1829,J2K3X2,Canada,45.215563,-72.733165,76541.25874408093
1830,J2H1S4,Canada,45.427539,-72.705603,53303.67124194459
1831,J2G3N5,Canada,45.398796,-72.73209,57006.80850608372
1832,J2H1W4,Canada,45.409243,-72.711862,55389.72337159971
1833,J2G9H1,Canada,45.39913,-72.734339,57031.33326294275
1834,J2G5L2,Canada,45.41158,-72.727695,55551.42284280846
1835,J2J2M2,Canada,45.384065,-72.739166,58737.15763364174
1836,J2J2L2,Canada,45.42129,-72.744511,55004.471351609296
1837,J2J2V9,Canada,45.382802,-72.740008,58891.70916248364
1838,J2G4E1,Canada,45.395183,-72.725943,57226.50685680787
1839,J2G4E4,Canada,45.391698,-72.731417,57733.8449056912
1840,J2G6K3,Canada,45.410071,-72.742936,56124.06512193637
1841,J2H2C3,Canada,45.433949,-72.723664,53105.30693513661
1842,J2J2G5,Canada,45.418661,-72.743753,55255.23871193431
1843,J2J1K4,Canada,45.398039,-72.763106,57946.75970090905
1844,J2H2R2,Canada,45.396736,-72.696673,56352.89784359755
1845,J2H0Z6,Canada,45.397128,-72.686246,56078.13766917779
1846,J2G5X4,Canada,45.408837,-72.735536,56048.77531656283
1847,J2J2K3,Canada,45.40796,-72.757589,56761.22572564005
1848,J2G6N2,Canada,45.412448,-72.746523,55978.22650883795
1849,J2J0A8,Canada,45.381475,-72.742211,59088.90649841842
1850,J2G7A4,Canada,45.398797,-72.734994,57083.61172699883
1851,J2J2M3,Canada,45.419872,-72.743406,55119.81753804549
1852,J2G6Y8,Canada,45.384995,-72.735211,58536.17681118325
1853,J2X6T7,Canada,0,0,8672420.421869809
1854,J2G2M8,Canada,45.402802,-72.72663,56443.661448430015
1855,J2M1Y1,Canada,45.380311,-72.646745,57118.9455918549
1856,J2J1G1,Canada,45.399123,-72.760533,57759.93931438291
1857,J2H2E8,Canada,45.435513,-72.712956,52654.7259725841
1858,J2G5T3,Canada,45.414969,-72.731321,55294.27902617064
1859,J2J1X4,Canada,45.407387,-72.756393,56785.60998709818
1860,J2G4M7,Canada,45.40112,-72.713689,56292.551431612075
1861,J2G6L3,Canada,45.413046,-72.743191,55822.0453955609
1862,J2G3S5,Canada,45.397128,-72.737882,57335.36770789321
1863,J2G5B9,Canada,45.405256,-72.724901,56141.08862937672
1864,J2G8C2,Canada,45.386038,-72.740126,58555.76296008596
1865,J2J2L3,Canada,45.420415,-72.746038,55138.904010312835
1866,J2J2M3,Canada,45.419872,-72.743406,55119.81753804549
1867,J2G2K7,Canada,45.405019,-72.730028,56300.34250799327
1868,J2G8C6,Canada,0,0,8672420.421869809
1869,J2G1C9,Canada,45.417614,-72.732559,55051.92103111348
1870,J2J2W3,Canada,45.383209,-72.754949,59252.770529537396
1871,J2H0X6,Canada,45.428981,-72.7425,54150.62672354809
1872,J2G3P6,Canada,45.398135,-72.744084,57398.43971767595
1873,J2S8W3,Canada,45.643604,-72.956308,45177.29421480843
1874,J2G9S4,Canada,45.383017,-72.746869,59052.00077813486
1875,J2G2S6,Canada,45.398059,-72.715789,56667.73014930862
1876,J2H0Z9,Canada,45.38344,-72.729503,58553.03243398422
1877,J2G5P8,Canada,45.414693,-72.728963,55259.56903728753
1878,J2G5V9,Canada,45.408589,-72.734345,56042.390582118125
1879,J2H2L1,Canada,45.377467,-72.72645,59106.02746592883
1880,J2G3V1,Canada,45.395939,-72.741916,57568.386416453104
1881,J2J2W2,Canada,45.385168,-72.754697,59041.88358001662
1882,J2J0R3,Canada,45.421697,-72.815779,57239.214360438265
1883,J2G0A5,Canada,45.412448,-72.746523,55978.22650883795
1884,J2G6H1,Canada,45.409656,-72.73981,56080.443010644194
1885,J2J2R7,Canada,45.368387,-72.740771,60424.716335879915
1886,J2G9H1,Canada,45.39913,-72.734339,57031.33326294275
1887,J2K2S7,Canada,45.213795,-72.745179,76974.02048247727
1888,J2J2P3,Canada,45.409979,-72.765453,56785.904979664054
1889,J2G9A4,Canada,45.395699,-72.749244,57794.60499182013
1890,J2M2C4,Canada,45.399133,-72.653653,55203.27465428562
1891,J2C7B2,Canada,45.89751,-72.513895,2972.04017341115
1892,J2G8K4,Canada,45.384849,-72.748757,58911.83282611671
1893,J2G1Z4,Canada,45.408069,-72.722877,55793.192666836796
1894,J2G8B6,Canada,45.387909,-72.737348,58286.37177952537
1895,J2G4V5,Canada,45.405541,-72.719593,55974.575103617775
1896,J2G3E9,Canada,45.407261,-72.743663,56436.552581058284
1897,J2G5A5,Canada,45.40703,-72.722878,55902.34838073736
1898,J2S6Z3,Canada,45.605142,-72.981558,49335.32136101144
1899,J2G6X3,Canada,45.401004,-72.732732,56792.46185790252
1900,J2J2V9,Canada,45.382802,-72.740008,58891.70916248364
1901,J2G7B4,Canada,45.388379,-72.735625,58191.85767560047
1902,J2G7X2,Canada,45.409825,-72.751829,56401.57995887522
1903,J2G1Z2,Canada,45.408036,-72.720144,55726.196323400225
1904,J2M1Y2,Canada,45.382033,-72.645304,56907.159161174124
1905,J2G4J7,Canada,45.394199,-72.715092,57058.34002464207
1906,J2G3G6,Canada,45.405363,-72.748747,56776.32532175271
1907,J2G8N7,Canada,45.418019,-72.738722,55180.04462181728
1908,J2G4M4,Canada,45.399321,-72.713327,56473.68269373315
1909,J2J2K7,Canada,45.384319,-72.754396,59121.90224573792
1910,J2H0T3,Canada,45.448794,-72.710253,51192.43166425644
1911,J2M1W4,Canada,45.377366,-72.659956,57674.10721341963
1912,J2G3L3,Canada,45.400262,-72.732991,56877.03132190265
1913,J2H3A5,Canada,45.381475,-72.723143,58600.91227649333
1914,J2G4V3,Canada,45.401282,-72.71836,56391.90521441112
1915,J2G4E4,Canada,45.391698,-72.731417,57733.8449056912
1916,J2H2Z2,Canada,45.430539,-72.719672,53353.640671076544
1917,J2J1T7,Canada,45.401436,-72.751892,57272.79128157104
1918,J2G3M3,Canada,45.399673,-72.744798,57257.81793922723
1919,J2J0R1,Canada,45.438502,-72.800273,55024.27273107234
1920,J2G2Z2,Canada,45.413112,-72.751496,56051.85959643752
1921,J2G4S3,Canada,45.40855,-72.717516,55605.01361473899
1922,J2G8X7,Canada,45.395599,-72.756879,58019.78387727912
1923,J2J1T2,Canada,45.404225,-72.759391,57199.52590418345
1924,J2G0B9,Canada,45.401881,-72.734869,56757.599205515304
1925,J2H2H3,Canada,45.446905,-72.722052,51711.46090567588
1926,J2J2Z4,Canada,45.429864,-72.802106,55949.839346779125
1927,J2G3N9,Canada,45.398899,-72.738461,57165.80599407168
1928,J2G3Y7,Canada,45.392455,-72.735067,57749.820256766696
1929,J2H1W6,Canada,45.419575,-72.715771,54400.770910431485
1930,J2G6Z7,Canada,45.402633,-72.734551,56670.43660371882
1931,J2G3E9,Canada,45.407261,-72.743663,56436.552581058284
1932,J2L0G7,Canada,45.318881,-72.661594,64046.2278039641
1933,J2G6W8,Canada,45.397774,-72.731483,57097.986537529614
1934,J2H1X5,Canada,45.426197,-72.714546,53673.53728797468
1935,J2G1A4,Canada,45.421041,-72.734652,54752.45171034763
1936,J2J2T4,Canada,45.38136,-72.752381,59374.708583404106
1937,J2J1T2,Canada,45.404225,-72.759391,57199.52590418345
1938,J2H1H6,Canada,45.406997,-72.707518,55519.992704090706
1939,J2J2E5,Canada,45.402524,-72.756386,57288.35512889119
1940,J2H2R4,Canada,45.393813,-72.710189,56980.153843908716
1941,J2L1E5,Canada,45.293421,-72.702234,67543.17100543239
1942,J2J2W2,Canada,45.385168,-72.754697,59041.88358001662
1943,J2H3B4,Canada,45.40557,-72.702187,55542.78963327922
1944,J2G5Z7,Canada,45.414743,-72.735121,55421.399823290536
1945,J2J1T1,Canada,45.405468,-72.757824,57025.49828334718
1946,J2G9E2,Canada,45.399493,-72.752354,57487.491066502196
1947,J2G6W6,Canada,45.399523,-72.731426,56913.12492995322
1948,J2G4A9,Canada,45.385825,-72.743941,58679.74799761097
1949,J2L0B3,Canada,45.320096,-72.662132,63923.209956051585
1950,J2H2C2,Canada,45.434357,-72.722222,53023.455518801085
1951,J2G5X5,Canada,45.408837,-72.735536,56048.77531656283
1952,J2J1M1,Canada,45.396741,-72.755644,57866.240421898816
1953,J2G7V3,Canada,45.407101,-72.750135,56635.34810399703
1954,J2G8A3,Canada,45.39936,-72.753368,57529.99258669373
1955,J2G8Y5,Canada,45.399691,-72.750903,57426.0158510039
1956,J2H2L1,Canada,45.377467,-72.72645,59106.02746592883
1957,J2G3S4,Canada,45.397128,-72.737882,57335.36770789321
1958,J2G7C8,Canada,45.398591,-72.737097,57161.34057514031
1959,J2H0X6,Canada,45.428981,-72.7425,54150.62672354809
1960,J2J1B9,Canada,45.3986,-72.759097,57772.519729326166
1961,J2G4W9,Canada,45.401719,-72.721586,56427.57629509388
1962,J2H1N3,Canada,45.42254,-72.705921,53838.74784100887
1963,J2J2L3,Canada,45.420415,-72.746038,55138.904010312835
1964,J2G7G3,Canada,45.403462,-72.737248,56656.37733864657
1965,J2G9N1,Canada,45.396346,-72.721943,57002.348957129965
1966,J2H1V3,Canada,45.418924,-72.713563,54412.570891767
1967,J2G5R5,Canada,45.408513,-72.731792,55981.6164276521
1968,J2H2C4,Canada,45.433949,-72.723664,53105.30693513661
1969,J2H1Y9,Canada,45.426973,-72.729437,53990.732890489395
1970,J2G6Y1,Canada,45.396991,-72.733224,57225.861675484026
1971,J2G2S6,Canada,45.398059,-72.715789,56667.73014930862
1972,J2J1V2,Canada,45.401597,-72.756995,57401.825692359394
1973,J2G7V5,Canada,45.411189,-72.750449,56220.734707237345
1974,J2G8C9,Canada,0,0,8672420.421869809
1975,J2H2B9,Canada,45.434754,-72.720238,52928.25284406349
1976,J2H1A6,Canada,45.415372,-72.715656,54839.71848267116
1977,J2K3Z7,Canada,45.270226,-72.751562,71076.40729751285
1978,J2G8X4,Canada,45.414789,-72.740602,55568.36352723468
1979,J2J1X1,Canada,45.403268,-72.75374,57135.417312247104
1980,J2H0B3,Canada,45.396743,-72.684557,56082.58597411822
1981,J2G9H3,Canada,45.421033,-72.732313,54688.74947655478
1982,J2G5C2,Canada,45.40641,-72.724388,56006.603324951626
1983,J2H1W4,Canada,45.409243,-72.711862,55389.72337159971
1984,J2G6Y1,Canada,45.396991,-72.733224,57225.861675484026
1985,J2J2A5,Canada,45.421391,-72.802638,56816.21246624533
1986,J2G0A5,Canada,45.412448,-72.746523,55978.22650883795
1987,J2G8A3,Canada,45.39936,-72.753368,57529.99258669373
1988,J2K3X3,Canada,45.21101,-72.738181,77131.30826317534
1989,J2G5K9,Canada,45.409028,-72.728832,55848.80145856932
1990,J2J2W5,Canada,45.382936,-72.755206,59288.30827959307
1991,J2G5X2,Canada,45.4064,-72.736541,56330.450094269894
1992,J2G4E1,Canada,45.395183,-72.725943,57226.50685680787
1993,J2J1L4,Canada,45.404457,-72.760361,57203.890405235594
1994,J2H1W4,Canada,45.409243,-72.711862,55389.72337159971
1995,J2J0V9,Canada,45.387682,-72.777554,59440.98358641575
1996,J2H1W4,Canada,45.409243,-72.711862,55389.72337159971
1997,J2H2A4,Canada,45.42327,-72.742513,54742.19520588119
1998,J2H1J7,Canada,45.415417,-72.713853,54789.04677249732
1999,J2J0N7,Canada,45.413405,-72.778389,56832.02259907581
2000,J2G6Z7,Canada,45.402633,-72.734551,56670.43660371882
2001,J2G6V2,Canada,45.388751,-72.727154,57934.2211355453
2002,J2G8C7,Canada,0,0,8672420.421869809
2003,J2J0M6,Canada,45.427225,-72.820066,56842.64943961041
2004,J2G0B9,Canada,45.401881,-72.734869,56757.599205515304
2005,J2H3E1,Canada,45.385591,-72.705741,57747.41565825113
2006,J2J0A8,Canada,45.381475,-72.742211,59088.90649841842
2007,J2J2H2,Canada,45.406555,-72.752024,56745.8096482862
2008,J2M1Z8,Canada,45.380661,-72.60762,56483.71614787545
2009,J2L2A2,Canada,45.263928,-72.658161,69980.87387736981
2010,J2G9M7,Canada,45.386096,-72.752524,58885.104765281365
2011,J2H3A1,Canada,45.394717,-72.680561,56213.951695091724
2012,J2L2J2,Canada,45.314985,-72.643759,64186.410869697116
2013,J2L2J2,Canada,45.314985,-72.643759,64186.410869697116
2014,J2J0L3,Canada,45.362969,-72.73252,60787.16981192456
2015,J2J0L2,Canada,45.37646,-72.736577,59468.15862077759
2016,J2J1V6,Canada,45.404325,-72.762701,57286.187673760534
2017,J2J2M2,Canada,45.384065,-72.739166,58737.15763364174
2018,J2H2R5,Canada,45.394544,-72.705502,56790.990276449
2019,J2K0G5,Canada,45.211011,-72.740061,77168.96363611138
2020,J2J0P6,Canada,45.442925,-72.782277,53967.45622211779
2021,J2M1C6,Canada,45.3352,-72.49299,60724.46311725849
2022,J2H2K2,Canada,45.437131,-72.730265,52957.11611328934
2023,J2J0G4,Canada,45.359237,-72.759742,61883.96259060459
2024,J2J0M7,Canada,45.426443,-72.814932,56737.71024654494
2025,J2G7M5,Canada,45.400209,-72.741669,57116.07779416291
2026,J2J2P3,Canada,45.409979,-72.765453,56785.904979664054
2027,J2H0R9,Canada,45.386915,-72.696646,57398.71187019393
2028,J2H2S9,Canada,45.379055,-72.732308,59085.954944801124
2029,J2J0H8,Canada,45.362588,-72.786479,62290.406291325555
2030,J2G1E3,Canada,45.417516,-72.740296,55276.39161782964
2031,J2G9K9,Canada,45.404612,-72.711874,55878.9159024232
2032,J2J1L3,Canada,45.404457,-72.760361,57203.890405235594
2033,J2G3W8,Canada,45.395086,-72.740898,57629.92757981778
2034,J2M1X9,Canada,45.378287,-72.648685,57372.25342178763
2035,J2G6R9,Canada,45.39585,-72.719331,56988.97519074049
2036,J2J2C3,Canada,45.382751,-72.741777,58943.76332269628
2037,J2H0E7,Canada,45.415039,-72.709117,54709.79437631654
2038,J2G6N5,Canada,45.406679,-72.725681,56012.052835616545
2039,J2H0W3,Canada,45.429679,-72.723478,53545.88114470259
2040,J2J0H8,Canada,45.362588,-72.786479,62290.406291325555
2041,J2H2K4,Canada,45.437475,-72.726822,52825.05461284292
2042,J2J1T3,Canada,45.406887,-72.754821,56791.796330634694
2043,J2J1Y1,Canada,45.39885,-72.757183,57691.61441925995
2044,J2J0E7,Canada,45.400777,-72.772818,57952.91495825403
2045,J2G4V1,Canada,45.399434,-72.717853,56574.014949621145
2046,J2G5B9,Canada,45.405256,-72.724901,56141.08862937672
2047,J2J2L6,Canada,45.418221,-72.747124,55397.227201082474
2048,J2G3M3,Canada,45.399673,-72.744798,57257.81793922723
2049,J2J2X9,Canada,45.38338,-72.749445,59083.858910299525
2050,J2K0H7,Canada,45.216052,-72.735468,76534.34623807041
2051,J2H3E4,Canada,45.384335,-72.70693,57908.57140041633
2052,J2G9H1,Canada,45.39913,-72.734339,57031.33326294275
2053,J2J2Y5,Canada,45.421269,-72.741209,54912.52559496157
2054,J2H3B8,Canada,45.398469,-72.687674,55966.17121761868
2055,J2M2A3,Canada,45.397453,-72.63444,55047.884110296356
2056,J2H0W4,Canada,45.436652,-72.718983,52696.1086535995
2057,J2J0A1,Canada,45.382636,-72.738117,58859.50535953981
2058,J2G3W9,Canada,45.394736,-72.742552,57711.23427067479
2059,J2J2T9,Canada,45.401288,-72.761891,57575.784485569544
2060,J2G6H6,Canada,45.413295,-72.738834,55674.57592037368
2061,J2G6W8,Canada,45.397774,-72.731483,57097.986537529614
2062,J2G7P9,Canada,45.393748,-72.742153,57803.59994452697
2063,J2G2S4,Canada,45.397898,-72.716789,56709.532907298126
2064,J2M1Y4,Canada,45.372742,-72.632346,57706.5366577841
2065,J2H1S8,Canada,45.424635,-72.702206,53525.4478683045
2066,J2M1L2,Canada,45.34482,-72.55779,59924.71239757265
2067,J2J2W3,Canada,45.383209,-72.754949,59252.770529537396
2068,J2J2V9,Canada,45.382802,-72.740008,58891.70916248364
2069,J2J2H7,Canada,45.403514,-72.756671,57194.13090995506
2070,J2H0B7,Canada,45.377402,-72.73442,59313.77601962062
2071,J2G3N5,Canada,45.398796,-72.73209,57006.80850608372
2072,J2M1E7,Canada,45.352852,-72.507494,58783.67163564675
2073,J2J2A5,Canada,45.421391,-72.802638,56816.21246624533
2074,J2H3B4,Canada,45.40557,-72.702187,55542.78963327922
2075,J2G9C1,Canada,45.389339,-72.730005,57945.23477333773
2076,J2J1N9,Canada,45.400079,-72.758434,57600.37351576962
2077,J2J7T6,Canada,0,0,8672420.421869809
2078,J2M1P8,Canada,45.352362,-72.633463,59948.34596906598
2079,J2H3B4,Canada,45.40557,-72.702187,55542.78963327922
2080,J2H3G3,Canada,45.384586,-72.704824,57832.998003801644
2081,J2G1T4,Canada,45.410333,-72.719744,55474.42648596202
2082,J2H2J5,Canada,45.403497,-72.702961,55781.0217549271
2083,J2L3N2,Canada,45.302369,-72.659701,65811.84518916755
2084,J2G5X9,Canada,45.413686,-72.734209,55506.673773031194
2085,J2N2P9,Canada,45.265913,-72.937379,77009.40278776865
2086,J2G3J7,Canada,45.401545,-72.743397,57024.20137114188
2087,J2J2K3,Canada,45.40796,-72.757589,56761.22572564005
2088,J2J2V9,Canada,45.382802,-72.740008,58891.70916248364
2089,J2J0V9,Canada,45.387682,-72.777554,59440.98358641575
2090,J2J2A6,Canada,45.395141,-72.784184,58877.43297241165
2091,J2G4M4,Canada,45.399321,-72.713327,56473.68269373315
2092,J2G6L2,Canada,45.413046,-72.743191,55822.0453955609
2093,J2J2P3,Canada,45.409979,-72.765453,56785.904979664054
2094,J2J2L3,Canada,45.420415,-72.746038,55138.904010312835
2095,J2H0K7,Canada,45.410234,-72.699904,54993.925877502326
2096,J2G2P8,Canada,45.40104,-72.712861,56280.58513979269
2097,J2G5A5,Canada,45.40703,-72.722878,55902.34838073736
2098,J2H0K7,Canada,45.410234,-72.699904,54993.925877502326
2099,J2G9P3,Canada,45.395056,-72.755564,58038.74815654187
2100,J2G9M7,Canada,45.386096,-72.752524,58885.104765281365
2101,J2H0X7,Canada,45.428736,-72.738984,54075.049866080146
2102,J2G2V8,Canada,45.400363,-72.727716,56727.94160682674
2103,J2N3G2,Canada,45.276635,-72.984598,77728.06034840955
2104,J2G5A8,Canada,45.408064,-72.72243,55782.14325741858
2105,J2G6W1,Canada,45.387536,-72.728978,58108.55376434324
2106,J2H1X3,Canada,45.424563,-72.711368,53763.27541118138
2107,J2G0A3,Canada,45.388649,-72.732894,58092.341923404216
2108,J2G3E5,Canada,45.408185,-72.751066,56549.54682467983
2109,J2J2P3,Canada,45.409979,-72.765453,56785.904979664054
2110,J2H1W4,Canada,45.409243,-72.711862,55389.72337159971
2111,J2K4H2,Canada,45.241137,-72.765999,74503.85671500729
2112,J2L1V9,Canada,45.280451,-72.789779,70931.79651023759
2113,J2G0G4,Canada,0,0,8672420.421869809
2114,J2M1N9,Canada,45.356426,-72.616587,59261.80408420925
2115,J2H2R5,Canada,45.394544,-72.705502,56790.990276449
2116,J2J2L3,Canada,45.420415,-72.746038,55138.904010312835
2117,J2G2N7,Canada,45.404014,-72.732432,56469.37776931086
2118,J2J1L9,Canada,45.398741,-72.758057,57727.98925087082
2119,J2L0P5,Canada,45.29354,-72.622183,66236.92953105627
2120,J2B4N3,Canada,45.861419,-72.465999,2562.3770447861534
2121,J2J1K5,Canada,45.398039,-72.763106,57946.75970090905
2122,J2G6Z9,Canada,45.401138,-72.735508,56852.41313009644
2123,J2G2A6,Canada,45.407126,-72.717842,55763.20689056046
2124,J2J0E4,Canada,45.396028,-72.772255,58424.1167500544
2125,J2G3N5,Canada,45.398796,-72.73209,57006.80850608372
2126,J2G5X2,Canada,45.4064,-72.736541,56330.450094269894
2127,J2G5V5,Canada,45.407719,-72.734993,56150.78049867263
2128,J2J2L2,Canada,45.42129,-72.744511,55004.471351609296
2129,J2H0X4,Canada,45.428786,-72.740453,54111.891199911246
2130,J2J0E8,Canada,45.405119,-72.758377,57077.64229013884
2131,J2G6V7,Canada,45.390801,-72.728929,57763.88146945088
2132,J2G0B9,Canada,45.401881,-72.734869,56757.599205515304
2133,J2M1A7,Canada,45.33315,-72.50286,60966.18934856881
2134,J2J0R1,Canada,45.438502,-72.800273,55024.27273107234
2135,J2J2V9,Canada,45.382802,-72.740008,58891.70916248364
2136,J2J2V9,Canada,45.382802,-72.740008,58891.70916248364
2137,J2H3E9,Canada,45.396062,-72.689565,56264.95284983244
2138,J2K0L5,Canada,45.21612,-72.75254,76878.5194579786
2139,J2H2K1,Canada,45.39527,-72.703007,56655.261380642114
2140,J2J0W2,Canada,45.387682,-72.777554,59440.98358641575
2141,J2G2S4,Canada,45.397898,-72.716789,56709.532907298126
2142,J2H0E9,Canada,45.399028,-72.684119,55828.70111691202
2143,J2H1X3,Canada,45.424563,-72.711368,53763.27541118138
2144,J2J0E3,Canada,45.396028,-72.772255,58424.1167500544
2145,J2H2S6,Canada,45.417682,-72.707512,54390.95480945915
2146,J2J2J4,Canada,45.401281,-72.76296,57607.795347013714
2147,J2H2T1,Canada,45.419893,-72.708451,54181.17734595321
2148,J2J1K4,Canada,45.398039,-72.763106,57946.75970090905
2149,J2M1Y8,Canada,45.381166,-72.633063,56799.214604837354
2150,J2J2K8,Canada,45.404239,-72.763775,57326.734810321366
2151,J2G1K7,Canada,45.412552,-72.721381,55283.64396154491
2152,J2H2J6,Canada,45.395348,-72.702318,56630.87324165822
2153,J2G3K5,Canada,45.400408,-72.745794,57208.81375978066
2154,J2G0C8,Canada,45.401422,-72.734295,56790.279449365735
2155,J2J1K1,Canada,45.398178,-72.762105,57903.25021271865
2156,J2J2L2,Canada,45.42129,-72.744511,55004.471351609296
2157,J2L2J7,Canada,45.316588,-72.645109,64031.82474067801
2158,J2G8T6,Canada,45.417524,-72.746475,55450.77010669009
2159,J2W0A5,Canada,45.358663,-73.258905,83757.19280284682
2160,J2H0V4,Canada,45.453401,-72.714626,50829.866510014006
2161,J2G2R4,Canada,45.402483,-72.709864,56054.61109542029
2162,J2J0K7,Canada,45.37533,-72.843406,62822.08413883891
2163,J2T3V5,Canada,45.616928,-72.94794,46474.89882603621
2164,J2H2H9,Canada,45.419592,-72.713127,54331.16005627829
2165,J2H3G1,Canada,45.396778,-72.695042,56311.29174374035
2166,J2A1S5,Canada,45.858485,-72.4246,5233.828675439983
2167,J2G5H9,Canada,45.405852,-72.72887,56182.479375922114
2168,J2J2L3,Canada,45.420415,-72.746038,55138.904010312835
2169,J2G8Y5,Canada,45.399691,-72.750903,57426.0158510039
2170,J2H0E7,Canada,45.415039,-72.709117,54709.79437631654
2171,J2J1X4,Canada,45.407387,-72.756393,56785.60998709818
2172,J2G4P7,Canada,45.4107,-72.715168,55319.088614687156
2173,J2L0P9,Canada,45.261159,-72.652079,70193.46262659384
2174,J2H1H7,Canada,45.407806,-72.708115,55449.019396773685
2175,J2H0Z3,Canada,45.394014,-72.685774,56400.84119056208
2176,J2H3A9,Canada,45.408309,-72.701064,55225.638022247396
2177,J2J2M1,Canada,45.418221,-72.747124,55397.227201082474
2178,J2J0K7,Canada,45.37533,-72.843406,62822.08413883891
2179,J2J1V5,Canada,45.418409,-72.741803,55226.09415686874
2180,J2H2R2,Canada,45.396736,-72.696673,56352.89784359755
2181,J2H1W4,Canada,45.409243,-72.711862,55389.72337159971
2182,J2G0B9,Canada,45.401881,-72.734869,56757.599205515304
2183,J2G3B5,Canada,45.400329,-72.73088,56814.271406947
2184,J2K0G8,Canada,45.215236,-72.727574,76467.15222214641
2185,J2H2Y5,Canada,45.391122,-72.678767,56561.73906849549
2186,J2G8K4,Canada,45.384849,-72.748757,58911.83282611671
2187,J2G2P8,Canada,45.40104,-72.712861,56280.58513979269
2188,J2H1V8,Canada,45.406595,-72.708087,55576.38487508762
2189,J2G7H4,Canada,45.398758,-72.739721,57214.56069842501
2190,J2G4K6,Canada,45.391759,-72.714615,57304.68071590437
2191,J2G1H9,Canada,45.4148,-72.744211,55668.70700378796
2192,J2J2J1,Canada,45.359643,-72.754646,61705.001923051364
2193,J2G5B4,Canada,45.400041,-72.726952,56741.91383033045
2194,J2J0H2,Canada,45.39479,-72.786589,58987.78349819779
2195,J2G0B9,Canada,45.401881,-72.734869,56757.599205515304
2196,J2J1T4,Canada,45.39768,-72.755014,57750.96073382096
2197,J2J1V6,Canada,45.404325,-72.762701,57286.187673760534
2198,J2G4T9,Canada,45.398306,-72.717547,56685.35180634812
2199,J2H2Y6,Canada,45.391802,-72.675266,56416.32015291287
2200,J2J0P3,Canada,45.433478,-72.788106,55112.78259100172
2201,J2M1H9,Canada,45.350247,-72.572981,59449.35509918412
2202,J2J2J5,Canada,45.398178,-72.762105,57903.25021271865
2203,J2H2R8,Canada,45.395635,-72.699558,56536.30450099682
2204,J2J0A1,Canada,45.382636,-72.738117,58859.50535953981
2205,J2G2Z9,Canada,45.397968,-72.725315,56917.52680747312
2206,J2G3B4,Canada,45.39829,-72.727052,56928.42490362996
2207,J2G8V7,Canada,45.375384,-72.746183,59832.08749580481
2208,J2N1Z7,Canada,0,0,8672420.421869809
2209,J2L2J7,Canada,45.316588,-72.645109,64031.82474067801
2210,J2M1K2,Canada,45.355401,-72.56932,58846.706199417196
2211,J2J2A9,Canada,45.385572,-72.78709,59946.158846550934
2212,J2J1N9,Canada,45.400079,-72.758434,57600.37351576962
2213,J2J0R4,Canada,45.427225,-72.820066,56842.64943961041
2214,J2G3X5,Canada,45.394391,-72.747867,57892.63630405644
2215,J2G5C8,Canada,45.400921,-72.728991,56702.64101291886
2216,J2G7P4,Canada,45.398347,-72.742599,57335.68974173004
2217,J2H1W7,Canada,45.420257,-72.714613,54299.2802849792
2218,J2M1W4,Canada,45.377366,-72.659956,57674.10721341963
2219,J2G3L3,Canada,45.400262,-72.732991,56877.03132190265
2220,J2G2V8,Canada,45.400363,-72.727716,56727.94160682674
2221,J2J0L2,Canada,45.37646,-72.736577,59468.15862077759
2222,J2G7B1,Canada,45.391107,-72.735211,57894.92022460496
2223,J2H2H2,Canada,45.445747,-72.720376,51785.49928097837
2224,J2G4T3,Canada,45.409019,-72.718687,55585.50489934815
2225,J2G4P1,Canada,45.399256,-72.714155,56500.93664543136
2226,J2J2J9,Canada,45.395393,-72.76533,58284.924474548956
2227,J2H2H9,Canada,45.419592,-72.713127,54331.16005627829
2228,J2G4W9,Canada,45.401719,-72.721586,56427.57629509388
2229,J2T1C1,Canada,45.635594,-72.933851,44318.82395903824
2230,J2G3H4,Canada,45.403306,-72.742568,56817.90984803534
2231,J2J2T9,Canada,45.401288,-72.761891,57575.784485569544
2232,J2B3L4,Canada,45.869811,-72.472652,1500.6081264362092
2233,J2S1A9,Canada,45.634933,-72.970262,46623.30933730206
2234,J2K0Y1,Canada,45.188608,-72.755522,79892.48781151044
2235,J2J1V7,Canada,45.404325,-72.762701,57286.187673760534
2236,J2G3N7,Canada,45.399238,-72.735345,57046.81360900483
2237,J2N2P9,Canada,45.265913,-72.937379,77009.40278776865
2238,J2G9T4,Canada,45.385759,-72.755886,59013.496585600646
2239,J2G3V6,Canada,45.396461,-72.73034,57205.827058771414
2240,J2S0L7,Canada,45.63818,-72.97214,46529.99650106498
2241,J2W1L9,Canada,45.351978,-73.276943,85288.67722593572
2242,J2N1R1,Canada,45.282763,-72.981704,77023.90955216665
2243,J2G5W8,Canada,45.419543,-72.731593,54824.348257758924
2244,J2S7A9,Canada,45.583233,-72.980562,50834.39242805091
2245,J2W2A9,Canada,45.373806,-73.250659,82123.09547050165
2246,J2S4E4,Canada,45.637399,-72.954596,45478.9642555355
2247,J2S1K7,Canada,45.629053,-72.9656,46721.60807016165
2248,J2C7Z8,Canada,45.903314,-72.48172,2528.570580386268
2249,J2K4C6,Canada,45.255347,-72.831179,74678.74538636974
2250,J2H0K7,Canada,45.410234,-72.699904,54993.925877502326
2251,J2G4T3,Canada,45.409019,-72.718687,55585.50489934815
2252,J2B6Z3,Canada,45.863649,-72.500418,2275.649245992857
2253,J2G3W1,Canada,45.39608,-72.732318,57297.52967535015
2254,J2K4C6,Canada,45.255347,-72.831179,74678.74538636974
2255,J2S5M9,Canada,45.624165,-72.949959,46091.401722376075
2256,J2G7J7,Canada,45.404093,-72.742779,56741.75595096884
2257,J2W2P7,Canada,45.347304,-73.28353,86020.78125686914
2258,J2W2N8,Canada,45.347321,-73.277568,85684.14586441753
2259,J2H0X7,Canada,45.428736,-72.738984,54075.049866080146
2260,J2T5L5,Canada,45.613568,-72.932924,45819.26664719207
2261,J2K4C6,Canada,45.255347,-72.831179,74678.74538636974
2262,J2R1H7,Canada,45.690656,-72.987961,44463.59619512217
2263,J2S5A3,Canada,45.623481,-72.942786,45703.166067622195
2264,J2G3W3,Canada,45.39561,-72.735111,57420.4040493085
2265,J2G5W8,Canada,45.419543,-72.731593,54824.348257758924
2266,J2H2V1,Canada,45.433325,-72.745673,53794.522383609394
2267,J2C5P4,Canada,45.896729,-72.508531,2602.074422326793
2268,J2W2R6,Canada,45.358245,-73.294701,85817.82980228028
2269,J2J1W6,Canada,45.402804,-72.752617,57151.48372042877
2270,J2G7A4,Canada,45.398797,-72.734994,57083.61172699883
2271,J2G4L7,Canada,45.403411,-72.712561,56022.72654827141
2272,J2C2A1,Canada,45.885441,-72.498996,1268.2034714282165
2273,J2G2G6,Canada,45.404316,-72.720485,56126.22263578833
2274,J2N1W2,Canada,45.280214,-72.988756,77546.78202438289
2275,J2W2A8,Canada,45.375847,-73.255266,82227.82045129073
2276,J2H0H2,Canada,45.389028,-72.687552,56972.66586217475
2277,J2H2W2,Canada,45.387474,-72.682443,57030.00782626182
2278,J2H2V2,Canada,45.378489,-72.732148,59141.46727596205
2279,J2G7Z2,Canada,45.41318,-72.753038,56089.48407725118
2280,J2H2J7,Canada,45.396659,-72.697356,56376.72004460446
2281,J2R1A2,Canada,45.642395,-73.006659,48478.90771607386
2282,J2K0L3,Canada,45.188608,-72.755522,79892.48781151044
2283,J2J1V8,Canada,45.37327,-72.742213,59949.22340406762
2284,J2H0T9,Canada,45.434774,-72.71674,52832.31804612143
2285,J2S6B8,Canada,45.625634,-72.961131,46675.66739008752
2286,J2X4E9,Canada,45.308985,-73.227998,86063.84326042589
2287,J2G4G7,Canada,45.386139,-72.737043,58463.94502288816
2288,J2X4J3,Canada,45.327304,-73.256662,86105.3180156372
2289,J2S6C6,Canada,45.629053,-72.9656,46721.60807016165
2290,J2G4G7,Canada,45.386139,-72.737043,58463.94502288816
2291,J2J2L3,Canada,45.420415,-72.746038,55138.904010312835
2292,J2J0P2,Canada,45.433478,-72.788106,55112.78259100172
2293,J2G7H4,Canada,45.398758,-72.739721,57214.56069842501
2294,J2X4J3,Canada,45.327304,-73.256662,86105.3180156372
2295,J2W1R8,Canada,45.344778,-73.274564,85713.42428590867
2296,J2J1X1,Canada,45.403268,-72.75374,57135.417312247104
2297,J2W1R8,Canada,45.344778,-73.274564,85713.42428590867
2298,J2B7C3,Canada,45.857689,-72.48946,2590.375243508119
2299,J2K4C3,Canada,45.255934,-72.794643,73633.69274069656
2300,J2S9C8,Canada,45.610663,-72.986074,49231.48606118403
2301,J2S2Y1,Canada,45.635404,-72.939747,44693.55858752382
2302,J2S2Y2,Canada,45.632301,-72.941972,45042.47584995439
2303,J2M1P3,Canada,45.359721,-72.614586,58873.50901452066
2304,J2G1S8,Canada,45.410089,-72.717747,55448.92766249443
2305,J2N0B9,Canada,45.277412,-72.990417,77881.75861829861
2306,J2H0B6,Canada,45.376151,-72.731601,59373.83640213718
2307,J2G9T4,Canada,45.385759,-72.755886,59013.496585600646
2308,J2N2P9,Canada,45.265913,-72.937379,77009.40278776865
2309,J2J2W5,Canada,45.382936,-72.755206,59288.30827959307
2310,J2J2J4,Canada,45.401281,-72.76296,57607.795347013714
2311,J2H2T9,Canada,45.382348,-72.733789,58777.477399697804
2312,J2J1S1,Canada,45.406887,-72.754821,56791.796330634694
2313,J2H0Z1,Canada,45.399229,-72.684155,55807.987109683905
2314,J2H3G3,Canada,45.384586,-72.704824,57832.998003801644
2315,J2H1K8,Canada,45.41847,-72.716183,54527.51297524209
2316,J2G7P4,Canada,45.398347,-72.742599,57335.68974173004
2317,J2H0Z9,Canada,45.38344,-72.729503,58553.03243398422
2318,J2H2R6,Canada,45.394544,-72.705502,56790.990276449
2319,J2J9V1,Canada,45.375789,-72.737452,59561.21826194465
2320,J2G3B3,Canada,45.39829,-72.727052,56928.42490362996
2321,J2G2N6,Canada,45.404014,-72.732432,56469.37776931086
2322,J2J0E4,Canada,45.396028,-72.772255,58424.1167500544
2323,J2G1N7,Canada,45.413443,-72.739927,55689.51664141556
2324,J2W2P1,Canada,45.354335,-73.29973,86402.35317262508
2325,J2T5L1,Canada,45.612425,-72.933279,45923.15375412722
2326,J2W1M2,Canada,45.354633,-73.268452,84605.54382333632
2327,J2G7X7,Canada,45.398755,-72.749093,57472.541589612076
2328,J2G3M8,Canada,45.39888,-72.74452,57332.77528301406
2329,J2G7J7,Canada,45.404093,-72.742779,56741.75595096884
2330,J2B0W5,Canada,45.864729,-72.486183,1780.7077507482268
2331,J2G7B2,Canada,45.389732,-72.73541,58044.32159157965
2332,J2T1Y7,Canada,45.616664,-72.948346,46517.97780399844
2333,J2G2S4,Canada,45.397898,-72.716789,56709.532907298126
2334,J2X5J8,Canada,45.31146,-73.226402,85775.62250552906
2335,J2M1A5,Canada,45.33128,-72.500777,61170.64720940701
2336,J2H3H3,Canada,45.384586,-72.704824,57832.998003801644
2337,J2B6L2,Canada,45.876263,-72.490916,718.0274583761125
2338,J2S6H1,Canada,45.628983,-72.967,46813.367965403064
2339,J2S7W5,Canada,45.63433,-72.946456,45179.9594511431
2340,J2W0K3,Canada,45.337322,-73.291298,87230.27923813634
2341,J2S1X2,Canada,45.628656,-72.958943,46335.65279305992
2342,J2L1W4,Canada,45.276171,-72.785419,71268.46097891658
2343,J2W2R5,Canada,45.357669,-73.29564,85915.28026847141
2344,J2M1Y3,Canada,45.380884,-72.657305,57244.70198527722
2345,J2T5H2,Canada,45.585552,-72.944021,48539.407786607204
2346,J2N2P9,Canada,45.265913,-72.937379,77009.40278776865
2347,J2J1V7,Canada,45.404325,-72.762701,57286.187673760534
2348,J2W1X6,Canada,45.355446,-73.299644,86313.14911776765
2349,J2H3B8,Canada,45.398469,-72.687674,55966.17121761868
2350,J2G8T2,Canada,45.384849,-72.748757,58911.83282611671
2351,J2G3P6,Canada,45.398135,-72.744084,57398.43971767595
2352,J2S6Z6,Canada,45.598674,-72.975502,49423.55585556606
2353,J2H3H5,Canada,45.38411,-72.72037,58254.202317097384
2354,J2J1R1,Canada,45.372404,-72.745765,60133.204013760864
2355,J2W2R1,Canada,45.353279,-73.291608,86019.26960239498
2356,J2X4Y4,Canada,45.293385,-73.233152,87627.90939578715
2357,J2G3H9,Canada,45.40205,-72.740062,56880.18561602381
2358,J2J2G1,Canada,45.419872,-72.743406,55119.81753804549
2359,J2G3B6,Canada,45.400329,-72.73088,56814.271406947
2360,J2K3G6,Canada,45.217247,-72.808918,78070.3542091705
2361,J2K4Z5,Canada,45.280815,-72.830833,72031.01669657252
2362,J2Y1E2,Canada,45.331643,-73.341267,90502.72566855482
2363,J2R2B2,Canada,45.637416,-72.911778,42851.872562432334
2364,J2T3B6,Canada,45.61414,-72.918209,44913.4455652907
2365,J2G5H2,Canada,45.408106,-72.726377,55880.607936822555
2366,J2J2Z9,Canada,45.383975,-72.755471,59187.522461116954
2367,J2R1H5,Canada,45.650433,-72.943611,43931.14963011216
2368,J2H0Z3,Canada,45.394014,-72.685774,56400.84119056208
2369,J2T5G9,Canada,45.601132,-72.96861,48835.720449673456
2370,J2T1K1,Canada,45.631036,-72.936135,44773.01794701014
2371,J2J2K8,Canada,45.404239,-72.763775,57326.734810321366
2372,J2H0T7,Canada,45.435655,-72.716685,52738.672709798455
2373,J2G5T8,Canada,45.404352,-72.734029,56476.68335382775
2374,J2T4L1,Canada,45.638508,-72.932242,44020.30909076058
2375,J2H3C8,Canada,45.385591,-72.705741,57747.41565825113
2376,J2J2G3,Canada,45.383407,-72.75159,59139.610961199556
2377,J2J0V9,Canada,45.387682,-72.777554,59440.98358641575
2378,J2H2X4,Canada,45.393058,-72.678625,56351.087634180236
2379,J2W0G4,Canada,45.357702,-73.276834,84841.78867052734
2380,J2J2A4,Canada,45.421794,-72.801127,56724.58269809631
2381,J2T5H1,Canada,45.585552,-72.944021,48539.407786607204
2382,J2G8V8,Canada,45.384835,-72.745283,58819.29508382382
2383,J2G4T8,Canada,45.398306,-72.717547,56685.35180634812
2384,J2J1X1,Canada,45.403268,-72.75374,57135.417312247104
2385,J2G8R9,Canada,45.385987,-72.75004,58828.15219538968
2386,J2H3J6,Canada,45.38411,-72.72037,58254.202317097384
2387,J2J2A9,Canada,45.385572,-72.78709,59946.158846550934
2388,J2G4T8,Canada,45.398306,-72.717547,56685.35180634812
2389,J2H2R9,Canada,45.39516,-72.699265,56580.072805405165
2390,J2G6T8,Canada,45.397472,-72.729267,57071.76798928343
2391,J2S5K6,Canada,45.625124,-72.950194,46039.451320483066
2392,J2G3N9,Canada,45.398899,-72.738461,57165.80599407168
2393,J2G3M8,Canada,45.39888,-72.74452,57332.77528301406
2394,J2G0A5,Canada,45.412448,-72.746523,55978.22650883795
2395,J2L3H8,Canada,45.312602,-72.670634,64883.07314136455
2396,J2C6H2,Canada,45.901235,-72.512493,3173.4766071180707
2397,J2L0S3,Canada,45.309095,-72.700736,65825.30524212627
2398,J2J2Z7,Canada,45.406723,-72.762143,57022.52046182162
2399,J2H2K5,Canada,45.438816,-72.726698,52682.126555465264
2400,J2T1R7,Canada,45.615175,-72.958111,47212.36901690528
2401,J2H0H6,Canada,45.387929,-72.684067,57015.604714026456
2402,J2L2K6,Canada,45.316536,-72.642993,64005.440057479645
2403,J2R1E8,Canada,45.649147,-73.02265,49122.479321198145
2404,J2R1L5,Canada,45.644036,-72.892598,41231.9001950011
2405,J2J2V9,Canada,45.382802,-72.740008,58891.70916248364
2406,J2J0E1,Canada,45.397468,-72.769072,58181.139048388206
2407,J2G6Y9,Canada,45.384995,-72.735211,58536.17681118325
2408,J2G3Z8,Canada,45.388278,-72.740592,58333.616945871276
2409,J2J0C6,Canada,45.364086,-72.745523,60999.45049528365
2410,J2L0S3,Canada,45.309095,-72.700736,65825.30524212627
2411,J2G3R7,Canada,45.3981,-72.736962,57209.07198490117
2412,J2T3M4,Canada,45.619922,-72.920348,44615.61757259158
2413,J2J1H9,Canada,45.39885,-72.757183,57691.61441925995
2414,J2S8V2,Canada,45.640216,-72.949466,44971.42363706078
2415,J2J0L3,Canada,45.362969,-72.73252,60787.16981192456
2416,J2X3C6,Canada,45.30266,-73.240771,87256.89319382621
2417,J2N1L9,Canada,45.283017,-72.974223,76707.65749701847
2418,J2T4V4,Canada,45.638997,-72.924448,43509.546320159636
2419,J2H3B9,Canada,45.383662,-72.71603,58195.88148118272
2420,J2R1A5,Canada,45.651035,-72.994989,47192.500000560045
2421,J2T4M2,Canada,45.610488,-72.956755,47460.37565971292
2422,J2G8K5,Canada,45.416093,-72.738081,55362.5021242675
2423,J2S1B3,Canada,45.637473,-72.961741,45921.09402121225
2424,J2H2M1,Canada,45.436498,-72.732122,53075.20960032727
2425,J2G1G6,Canada,45.414695,-72.729372,55270.34140309128
2426,J2G9N9,Canada,45.401866,-72.747522,57105.21321596089
2427,J2H2R7,Canada,45.394114,-72.700069,56709.86796705427
2428,J2G1M1,Canada,45.411144,-72.72562,55542.230040353104
2429,J2G4P6,Canada,45.4107,-72.715168,55319.088614687156
2430,J2J2V3,Canada,45.384444,-72.753086,59072.67580489351
2431,J2L0G7,Canada,45.318881,-72.661594,64046.2278039641
2432,J2H3H4,Canada,45.384586,-72.704824,57832.998003801644
2433,J2S4J8,Canada,45.630435,-72.947755,45525.17670362104
2434,J2W1C9,Canada,45.341999,-73.280156,86242.53039874861
2435,J2J2A9,Canada,45.385572,-72.78709,59946.158846550934
2436,J2J2A9,Canada,45.385572,-72.78709,59946.158846550934
2437,J2C4W8,Canada,45.897649,-72.473799,2053.737696900335
2438,J2J1B9,Canada,45.3986,-72.759097,57772.519729326166
2439,J2H1X7,Canada,45.422729,-72.7115,53959.58194670992
2440,J2G8T1,Canada,45.384547,-72.744848,58837.71153247783
2441,J2N1H4,Canada,45.290939,-72.987823,76480.85818089877
2442,J2G3K2,Canada,45.401246,-72.739742,56955.37461081587
2443,J2G1K4,Canada,45.41211,-72.719085,55270.68565232484
2444,J2G3N5,Canada,45.398796,-72.73209,57006.80850608372
2445,J2H1A7,Canada,45.405207,-72.70969,55762.336308767124
2446,J2B0G6,Canada,45.857154,-72.498096,2831.6705701440483
2447,J2X0B5,Canada,45.321181,-73.248693,86166.45086326725
2448,J2G3B7,Canada,45.401004,-72.732732,56792.46185790252
2449,J2X1L5,Canada,45.309596,-73.238388,86560.56549857985
2450,J2R0B8,Canada,45.62045,-72.94597,46108.18616450735
2451,J2S2C2,Canada,45.623546,-72.960116,46755.586383108086
2452,J2E1P5,Canada,45.912823,-72.550582,6270.082635771142
2453,J2S8A9,Canada,45.633645,-72.96968,46671.39611434567
2454,J2W2Z3,Canada,45.377582,-73.367856,88705.5057840474
2455,J2J9T9,Canada,45.375789,-72.737452,59561.21826194465
2456,J2S5Y5,Canada,45.628182,-72.959653,46411.61458107476
2457,J2G5T7,Canada,45.403297,-72.733979,56585.68245166511
2458,J2H1H6,Canada,45.406997,-72.707518,55519.992704090706
2459,J2K3M7,Canada,45.203422,-72.768877,78590.51120601603
2460,J2S0N5,Canada,45.63818,-72.97214,46529.99650106498
2461,J2R1B3,Canada,45.650256,-72.988979,46848.51695661201
2462,J2H3H4,Canada,45.384586,-72.704824,57832.998003801644
2463,J2H2W5,Canada,45.422327,-72.719556,54210.48700642693
2464,J2X1R3,Canada,45.308743,-73.234873,86445.18722953048
2465,J2S8W3,Canada,45.643604,-72.956308,45177.29421480843
2466,J2J2L6,Canada,45.418221,-72.747124,55397.227201082474
2467,J2J2A9,Canada,45.385572,-72.78709,59946.158846550934
2468,J2J1V6,Canada,45.404325,-72.762701,57286.187673760534
2469,J2J0E8,Canada,45.405119,-72.758377,57077.64229013884
2470,J2S9A1,Canada,45.63433,-72.946456,45179.9594511431
2471,J2H0N9,Canada,45.392015,-72.681449,56522.298668216674
2472,J2G4A4,Canada,45.389474,-72.736808,58108.1168494593
2473,J2L2L2,Canada,45.296798,-72.602068,65641.46542846334
2474,J2T1R4,Canada,45.619207,-72.951064,46503.49388476769
2475,J2G7K2,Canada,45.404844,-72.742047,56643.34022610211
2476,J2S6K9,Canada,45.618588,-72.957179,46917.874675690706
2477,J2H1E1,Canada,45.40578,-72.708512,55672.94578112941
2478,J2T5G1,Canada,45.626408,-72.929185,44676.73343241962
2479,J2M1E7,Canada,45.352852,-72.507494,58783.67163564675
2480,J2K3W9,Canada,45.220871,-72.766092,76665.65189902228
2481,J2S0M2,Canada,45.63818,-72.97214,46529.99650106498
2482,J2S9B3,Canada,45.642305,-72.943937,44487.47535343299
2483,J2G3H3,Canada,45.403306,-72.742568,56817.90984803534
2484,J2S5V6,Canada,45.625423,-72.954711,46295.31224573732
2485,J2G3M1,Canada,45.400362,-72.74073,57074.50793552319
2486,J2S7W4,Canada,45.630974,-72.964721,46538.43539366593
2487,J2G8V7,Canada,45.375384,-72.746183,59832.08749580481
2488,J2Y1H5,Canada,45.268747,-73.374306,97216.46199833379
2489,J2N2Y6,Canada,45.257348,-72.985614,79634.74339127225
2490,J2N2Y6,Canada,45.257348,-72.985614,79634.74339127225
2491,J2G6X9,Canada,45.396991,-72.733224,57225.861675484026
2492,J2H3J1,Canada,45.38411,-72.72037,58254.202317097384
2493,J2G3L3,Canada,45.400262,-72.732991,56877.03132190265
2494,J2G9A3,Canada,45.395699,-72.749244,57794.60499182013
2495,J2R1B4,Canada,45.644453,-72.98902,47209.61112093677
2496,J2K1K1,Canada,45.208715,-72.721273,77051.4994250357
2497,J2G1C8,Canada,45.417693,-72.733188,55060.89121050905
2498,J2T4B6,Canada,45.614335,-72.96045,47412.82927709993
2499,J2R1Z6,Canada,45.644303,-72.898587,41571.903815536636
2500,J2L1A9,Canada,45.299771,-72.690698,66636.33670649675
2501,J2G8B8,Canada,45.387109,-72.738667,58404.98337374404
2502,J2C5P9,Canada,45.894753,-72.512422,2694.992383319936
2503,J2W1H3,Canada,45.344759,-73.299143,87099.35832689774
2504,J2L0S8,Canada,45.265284,-72.686601,70296.70421226726
2505,J2H1B5,Canada,45.404496,-72.710115,55847.90796840863
2506,J2J2L8,Canada,45.414569,-72.782788,56852.43611786978
2507,J2J2L4,Canada,45.419872,-72.743406,55119.81753804549
2508,J2R0B6,Canada,45.62045,-72.94597,46108.18616450735
2509,J2H0B3,Canada,45.396743,-72.684557,56082.58597411822
2510,J2W1N2,Canada,45.350406,-73.286815,85967.33489505299
2511,J2B0K9,Canada,45.841347,-72.456771,4863.713411263872
2512,J2J1T4,Canada,45.39768,-72.755014,57750.96073382096
2513,J2N2R8,Canada,45.276138,-72.982257,77684.7272542368
2514,J2T1C3,Canada,45.635672,-72.931667,44179.89012694089
2515,J2H2N7,Canada,45.430385,-72.733382,53745.39360693531
2516,J2G9N7,Canada,45.386411,-72.751017,58810.76430463917
2517,J2K0J9,Canada,45.215236,-72.727574,76467.15222214641
2518,J2T0B2,Canada,45.596733,-72.961068,48703.04831973169
2519,J2G6E7,Canada,45.414042,-72.737531,55560.76156421969
2520,J2R0A2,Canada,45.644225,-72.887656,40923.79390148694
2521,J2H3E2,Canada,45.385591,-72.705741,57747.41565825113
2522,J2R1W8,Canada,45.650893,-72.90599,41561.6417341966
2523,J2C6H2,Canada,45.901235,-72.512493,3173.4766071180707
2524,J2J5H1,Canada,0,0,8672420.421869809
2525,J2S8V5,Canada,45.630692,-72.960575,46299.495820358956
2526,J2S2G1,Canada,45.628861,-72.951604,45869.26914264198
2527,J2X5T4,Canada,45.323493,-73.207547,83792.40177750245
2528,J2W1K5,Canada,45.355135,-73.304425,86610.86164421319
2529,J2N2A9,Canada,45.292149,-72.980057,76055.96177119808
2530,J2H1Y2,Canada,45.425077,-72.721784,53981.45398098953
2531,J2H1Y2,Canada,45.425077,-72.721784,53981.45398098953
2532,J2G5C9,Canada,45.40355,-72.72706,56376.365447785756
2533,J2S8j7,Canada,45.622661,-72.961495,46900.825967416335
2534,J2H0B7,Canada,45.377402,-72.73442,59313.77601962062
2535,J2T3X4,Canada,45.61527,-72.949535,46687.997686161085
2536,J2S9A9,Canada,45.601394,-72.991592,50206.55372746358
2537,J2W1Z9,Canada,45.377822,-73.251837,81881.93931513013
2538,J2B4J8,Canada,45.858982,-72.461227,2996.451374737593
2539,J2W0K6,Canada,45.337322,-73.291298,87230.27923813634
2540,J2X1L6,Canada,45.309596,-73.238388,86560.56549857985
2541,J2C7Z8,Canada,45.903314,-72.48172,2528.570580386268
2542,J2TOA1,Canada,0,0,8672420.421869809
2543,J2S2Y2,Canada,45.632301,-72.941972,45042.47584995439
2544,J2S4J8,Canada,45.630435,-72.947755,45525.17670362104
2545,J2K3X7,Canada,45.212402,-72.764973,77545.10604574536
2546,J2G5Y6,Canada,45.417693,-72.733188,55060.89121050905
2547,J2Y1A5,Canada,45.379229,-73.378863,89256.05327359836
2548,J2H3C6,Canada,45.384586,-72.704824,57832.998003801644
2549,J2J2H9,Canada,45.360371,-72.754429,61623.01614668738
2550,J2J0T6,Canada,45.387682,-72.777554,59440.98358641575
2551,J2B0B2,Canada,45.853048,-72.465101,3409.8877085489576
2552,J2M1N5,Canada,45.351458,-72.642738,60191.09166146943
2553,J2G2L2,Canada,45.405397,-72.731802,56307.858725005535
2554,J2H0A2,Canada,45.388323,-72.692088,57147.08336739043
2555,J2X4B7,Canada,45.29289,-73.23016,87514.23621231123
2556,J2K1Y2,Canada,45.20059,-72.74705,78431.27023649357
2557,J2G7A6,Canada,45.396611,-72.734517,57299.83300163821
2558,J2B4J7,Canada,45.858982,-72.461227,2996.451374737593
2559,J2W1V6,Canada,45.369023,-73.263272,83204.72194654243
2560,J2T4M7,Canada,45.609879,-72.957893,47571.878455738246
2561,J2S8W3,Canada,45.643604,-72.956308,45177.29421480843
2562,J2J2L8,Canada,45.414569,-72.782788,56852.43611786978
2563,J2X5J8,Canada,45.31146,-73.226402,85775.62250552906
2564,J2W1V6,Canada,45.369023,-73.263272,83204.72194654243
2565,J2R1W5,Canada,45.699274,-72.893304,37635.33745789766
2566,J2H0E1,Canada,45.391128,-72.687521,56747.38518569037
2567,J2G7A1,Canada,45.401138,-72.735508,56852.41313009644
2568,J2Y1J8,Canada,45.318221,-73.311777,89862.57619749391
2569,J2Y1J8,Canada,45.318221,-73.311777,89862.57619749391
2570,J2W2T4,Canada,45.340679,-73.294131,87129.79010242938
2571,J2W1P6,Canada,45.344453,-73.275059,85766.40822858614
2572,J2W2Z3,Canada,45.377582,-73.367856,88705.5057840474
2573,J2Y1B8,Canada,45.294894,-73.314003,91822.11375857951
2574,J2W3B5,Canada,45.362638,-73.309087,86315.48412396452
2575,J2W2P3,Canada,45.352667,-73.281272,85479.9168267064
2576,J2W2P3,Canada,45.352667,-73.281272,85479.9168267064
2577,J2W0B1,Canada,45.357268,-73.278104,84947.04747327903
2578,J2Y1E3,Canada,45.334436,-73.346087,90569.66391138213
2579,J2X5T4,Canada,45.323493,-73.207547,83792.40177750245
2580,J2Y1A7,Canada,45.315955,-73.318952,90440.36364852462
2581,J2X3A6,Canada,45.315807,-73.248544,86593.80771676962
2582,J2W2A1,Canada,45.366601,-73.311091,86136.2386822049
2583,J2W0A2,Canada,45.353414,-73.289512,85889.73928229019
2584,J2Y1H7,Canada,45.292154,-73.324328,92606.81316896009
2585,J2Y1A4,Canada,45.316467,-73.33814,91481.33630423968
2586,J2W1X2,Canada,45.340141,-73.299386,87467.87848728901
2587,J2X5R5,Canada,45.270392,-73.23528,89669.58050667979
2588,J2W1M1,Canada,45.352,-73.280344,85478.836391337
2589,J2W2E7,Canada,45.356507,-73.265067,84270.20703689528
2590,J2W1H1,Canada,45.34516,-73.295589,86867.12798448915
2591,J2X5G7,Canada,45.282237,-73.233723,88590.72432295106
2592,J2X1X5,Canada,45.306761,-73.225618,86123.40378200484
2593,J2X5G7,Canada,45.282237,-73.233723,88590.72432295106
2594,J2Y1E2,Canada,45.331643,-73.341267,90502.72566855482
2595,J2Y1E2,Canada,45.331643,-73.341267,90502.72566855482
2596,J2W2Y6,Canada,45.348012,-73.277565,85630.4226738185
2597,J2X2G3,Canada,45.302203,-73.230046,86732.70313441192
2598,J2W2Y3,Canada,45.341819,-73.293476,87004.87425388089
2599,J2W2G6,Canada,45.370166,-73.337523,87424.83070756793
2600,J2X4B7,Canada,45.29289,-73.23016,87514.23621231123
2601,J2X5S6,Canada,45.266632,-73.241885,90323.95802885466
2602,J2X2W7,Canada,45.27189,-73.241288,89849.47548339938
2603,J2W1J6,Canada,45.358699,-73.30599,86432.05045058101
2604,J2Y1C2,Canada,45.297223,-73.325384,92264.81672840653
2605,J2W2Z8,Canada,45.358006,-73.304351,86389.84982542068
2606,J2X5M8,Canada,45.334054,-73.23957,84636.33484769004
2607,J2W1M8,Canada,45.373017,-73.259206,82668.13411279593
2608,J2W1T2,Canada,45.383176,-73.302692,84419.92476197734
2609,J2W1P7,Canada,45.34446,-73.274198,85717.73357648215
2610,J2Y1M2,Canada,45.318871,-73.300352,89175.41100531805
2611,J2W2E2,Canada,45.358362,-73.261013,83898.80301463198
2612,J2X5S6,Canada,45.266632,-73.241885,90323.95802885466
2613,J2N3C6,Canada,45.262067,-72.982028,79039.10270256606
2614,J2W2P4,Canada,45.344399,-73.278536,85965.22340945165
2615,J2Y1A7,Canada,45.315955,-73.318952,90440.36364852462
2616,J2W0C8,Canada,45.358681,-73.291022,85574.26944070039
2617,J2W2H2,Canada,45.375095,-73.255128,82277.50868546175
2618,J2N1Y8,Canada,45.270443,-72.984461,78320.85472049753
2619,J2X2P3,Canada,45.296852,-73.241997,87800.96227976399
2620,J2Y1C3,Canada,45.29119,-73.321506,92528.02886029072
2621,J2W1X9,Canada,45.342104,-73.302765,87508.37736935147
2622,J2X2N4,Canada,45.297681,-73.239868,87620.8697789374
2623,J2W1R2,Canada,45.347219,-73.275769,85591.118190628
2624,J2X1S1,Canada,45.308985,-73.225638,85940.19624939864
2625,J2X5L8,Canada,45.293758,-73.241827,88048.40999221921
2626,J2X4J9,Canada,45.297342,-73.237589,87529.79852336465
2627,J2W1S5,Canada,45.349497,-73.276827,85473.94710430288
2628,J2X3A5,Canada,45.303178,-73.232928,86802.50609166376
2629,J2X5W1,Canada,45.322892,-73.248996,86044.59239059189
2630,J2W1Z3,Canada,45.34044,-73.296448,87278.91491564688
2631,J2W2H2,Canada,45.375095,-73.255128,82277.50868546175
2632,J2X0B5,Canada,45.321181,-73.248693,86166.45086326725
2633,J2X5J4,Canada,45.315597,-73.22708,85470.29967242654
2634,J2X5J7,Canada,45.300391,-73.228658,86810.91901683091
2635,J2X3E2,Canada,45.299194,-73.240907,87550.14318356763
2636,J2W2R5,Canada,45.357669,-73.29564,85915.28026847141
2637,J2X4J3,Canada,45.327304,-73.256662,86105.3180156372
2638,J2X3Y2,Canada,45.299169,-73.231747,87073.36068166285
2639,J2W1S5,Canada,45.349497,-73.276827,85473.94710430288
2640,J2W2R5,Canada,45.357669,-73.29564,85915.28026847141
2641,J2W3A9,Canada,45.349739,-73.303731,86980.30661048753
2642,J2W1T9,Canada,45.351607,-73.301753,86725.25317797785
2643,J2W2Y5,Canada,45.337784,-73.291268,87192.75707192424
2644,J2N2S6,Canada,45.255102,-72.99093,80056.62150472036
2645,J2Y1B7,Canada,45.307933,-73.324635,91383.23216626068
2646,J2W1A3,Canada,45.385394,-73.362164,87810.06488382927
2647,J2W1H1,Canada,45.34516,-73.295589,86867.12798448915
2648,J2W1G3,Canada,45.349,-73.29922,86779.32412799631
2649,J2X0E1,Canada,45.31386,-73.242288,86418.3377557293
2650,J2A3A7,Canada,45.849082,-72.386653,8334.639349075163
2651,J2W2Z7,Canada,45.356655,-73.302913,86409.1402631589
2652,J2Y1S6,Canada,0,0,8672420.421869809
2653,J2W1E3,Canada,45.340983,-73.269516,85728.60162637051
2654,J2W1W6,Canada,45.353875,-73.297423,86305.39881792775
2655,J2W1V7,Canada,45.349823,-73.297051,86593.00373520334
2656,J2X4J3,Canada,45.327304,-73.256662,86105.3180156372
2657,J2W2C5,Canada,45.366344,-73.262652,83375.09961114461
2658,J2W1V6,Canada,45.369023,-73.263272,83204.72194654243
2659,J2W2B3,Canada,45.371559,-73.256467,82624.44590643821
2660,J2W1N8,Canada,45.350419,-73.280386,85603.09863424383
2661,J2W2E3,Canada,45.356464,-73.26144,84070.02354082174
2662,J2W2P9,Canada,45.357669,-73.29564,85915.28026847141
2663,J2W2S8,Canada,45.347984,-73.29541,86640.38335918022
2664,J2X0G1,Canada,45.31751,-73.23621,85796.92885559106
2665,J2W2Y5,Canada,45.337784,-73.291268,87192.75707192424
2666,J2Y1A6,Canada,45.31615,-73.315979,90258.83840931332
2667,J2W2R5,Canada,45.357669,-73.29564,85915.28026847141
2668,J2W1P4,Canada,45.340711,-73.266624,85589.46213846921
2669,J2W2S5,Canada,45.347994,-73.274135,85439.33432325373
2670,J2Y0A1,Canada,45.317032,-73.314747,90121.23865431765
2671,J2N2E4,Canada,45.288977,-72.978333,76293.01267492761
2672,J2N2E4,Canada,45.288977,-72.978333,76293.01267492761
2673,J2W1L8,Canada,45.35275,-73.274366,85083.8823099499
2674,J2W1B2,Canada,45.375731,-73.36665,88763.93169682674
2675,J2W1Y3,Canada,45.339602,-73.296213,87330.30553934089
2676,J2X5N1,Canada,45.330303,-73.236726,84785.1298600437
2677,J2W1J9,Canada,45.356571,-73.304126,86485.18139315219
2678,J2Y1E5,Canada,45.343557,-73.374872,91572.86706435756
2679,J2X5N9,Canada,45.30844,-73.208063,85071.83537584121
2680,J2W2N3,Canada,45.34673,-73.277156,85706.86276486686
2681,J2W1N4,Canada,45.343158,-73.284205,86379.53311440129
2682,J2W1V5,Canada,45.368365,-73.26296,83237.4424196694
2683,J2W2X2,Canada,45.333439,-73.299737,88005.21778675016
2684,J2W5S4,Canada,0,0,8672420.421869809
2685,J2W0C1,Canada,45.349563,-73.287163,86051.82267473475
2686,J2X5J1,Canada,45.317505,-73.239878,85992.63252583958
2687,J2W0B1,Canada,45.357268,-73.278104,84947.04747327903
2688,J2X2G6,Canada,45.301012,-73.244483,87588.10956974578
2689,J2A3A7,Canada,45.849082,-72.386653,8334.639349075163
2690,J2Y1E9,Canada,45.369138,-73.381308,90115.10348375826
2691,J2Y1H7,Canada,45.292154,-73.324328,92606.81316896009
2692,J2W2Z2,Canada,45.359028,-73.304129,86300.05501372923
2693,J2W1V1,Canada,45.350347,-73.302543,86866.19965651003
2694,J2W1T2,Canada,45.383176,-73.302692,84419.92476197734
2695,J2W0K6,Canada,45.337322,-73.291298,87230.27923813634
2696,J2W2N8,Canada,45.347321,-73.277568,85684.14586441753
2697,J2X4J3,Canada,45.327304,-73.256662,86105.3180156372
2698,J2G1J6,Canada,45.412579,-72.716408,55152.76844501763
2699,J2Y1E2,Canada,45.331643,-73.341267,90502.72566855482
2700,J2T5J7,Canada,45.612765,-72.933715,45924.223545513465
2701,J2W1V2,Canada,45.35101,-73.299544,86644.53323549558
2702,J2W2W9,Canada,45.341819,-73.293964,87032.40343675177
2703,J2W1Y5,Canada,45.358627,-73.312196,86795.76023048043
2704,J2Y1E6,Canada,45.364976,-73.374978,90030.39328336777
2705,J2W1A4,Canada,45.388543,-73.364339,87721.06221438218
2706,J2Y1A6,Canada,45.31615,-73.315979,90258.83840931332
2707,J2W2R1,Canada,45.353279,-73.291608,86019.26960239498
2708,J2W1V1,Canada,45.350347,-73.302543,86866.19965651003
2709,J2X4Y4,Canada,45.293385,-73.233152,87627.90939578715
2710,J2W1Y8,Canada,45.344142,-73.278005,85955.45375504532
2711,J2W0K8,Canada,45.337322,-73.291298,87230.27923813634
2712,J2W1R1,Canada,45.345614,-73.269998,85393.22101613258
2713,J2X1B1,Canada,45.316065,-73.228313,85496.87835168219
2714,J2N2P9,Canada,45.265913,-72.937379,77009.40278776865
2715,J2W1K3,Canada,45.355957,-73.308255,86769.02030087567
2716,J2W1V7,Canada,45.349823,-73.297051,86593.00373520334
2717,J2X4Y6,Canada,45.3175,-73.242312,86122.91147802513
2718,J2W1T7,Canada,45.366395,-73.311151,86155.05379513891
2719,J2J2V4,Canada,45.382241,-72.749563,59205.948517340395
2720,J2W0G2,Canada,45.360475,-73.291563,85469.03010717893
2721,J2Y1J1,Canada,45.327528,-73.386471,93432.60467407157
2722,J2W1B2,Canada,45.375731,-73.36665,88763.93169682674
2723,J2X4P9,Canada,45.296206,-73.241026,87803.6190113597
2724,J2L3C6,Canada,45.285729,-72.659903,67628.45504354843
2725,J2X5M8,Canada,45.334054,-73.23957,84636.33484769004
2726,J2W2G1,Canada,45.352984,-73.264274,84499.19489370314
2727,J2W2T9,Canada,45.345543,-73.290551,86552.70197441426
2728,J2W2T9,Canada,45.345543,-73.290551,86552.70197441426
2729,J2Y1E6,Canada,45.364976,-73.374978,90030.39328336777
2730,J2W2Y4,Canada,45.335529,-73.296936,87685.9057177226
2731,J2W2V9,Canada,45.337921,-73.294702,87375.11317289765
2732,J2Y1C3,Canada,45.29119,-73.321506,92528.02886029072
2733,J2Y1C3,Canada,45.29119,-73.321506,92528.02886029072
2734,J2X5M8,Canada,45.334054,-73.23957,84636.33484769004
2735,J2Y1G1,Canada,45.371826,-73.388085,90335.39804033902
2736,J2X3Y2,Canada,45.299169,-73.231747,87073.36068166285
2737,J2X3Y2,Canada,45.299169,-73.231747,87073.36068166285
2738,J2W1V5,Canada,45.368365,-73.26296,83237.4424196694
2739,J2W1Z7,Canada,45.379817,-73.255112,81916.09676709374
2740,J2H0E9,Canada,45.399028,-72.684119,55828.70111691202
2741,J2X5K6,Canada,45.312814,-73.239712,86366.92114470951
2742,J2W2X5,Canada,45.361159,-73.292025,85443.65467144277
2743,J2X2Y1,Canada,45.291933,-73.242889,88255.28977453405
2744,J2W2S2,Canada,45.34803,-73.267084,85042.10779208722
2745,J2W1K7,Canada,45.352514,-73.303379,86749.39223610805
2746,J2W1V3,Canada,45.352068,-73.297713,86459.48750809733
2747,J2W1P7,Canada,45.34446,-73.274198,85717.73357648215
2748,J2N0J3,Canada,45.275648,-72.970851,77292.18836176001
2749,J2W1A9,Canada,45.376653,-73.361688,88399.70766401046
2750,J2W1S9,Canada,45.371063,-73.30141,85241.15625249181
2751,J2W2S5,Canada,45.347994,-73.274135,85439.33432325373
2752,J2W2P9,Canada,45.357669,-73.29564,85915.28026847141
2753,J2Y1B4,Canada,45.309863,-73.307478,90278.51084068336
2754,J2W3C9,Canada,45.34916,-73.283818,85893.81880230692
2755,J2W2B3,Canada,45.371559,-73.256467,82624.44590643821
2756,J2X4H9,Canada,45.321066,-73.209018,84070.28575266624
2757,J2X4M6,Canada,45.297636,-73.230972,87160.52000255091
2758,J2X5G7,Canada,45.282237,-73.233723,88590.72432295106
2759,J2X0C7,Canada,45.32146,-73.243527,85866.28250682131
2760,J2X5V8,Canada,45.301887,-73.23812,87181.3873105801
2761,J2W3E8,Canada,45.353414,-73.289512,85889.73928229019
2762,J2W2P9,Canada,45.357669,-73.29564,85915.28026847141
2763,J2W2C5,Canada,45.366344,-73.262652,83375.09961114461
2764,J2W2X3,Canada,45.343855,-73.275757,85852.00108946528
2765,J2X1C1,Canada,45.315173,-73.239861,86181.99273825354
2766,J2W1L8,Canada,45.35275,-73.274366,85083.8823099499
2767,J2X5R7,Canada,45.323321,-73.245985,85847.73819386474
2768,J2W2P7,Canada,45.347304,-73.28353,86020.78125686914
2769,J2X0E3,Canada,45.322527,-73.245194,85869.39149753065
2770,J2W1V7,Canada,45.349823,-73.297051,86593.00373520334
2771,J2W1K7,Canada,45.352514,-73.303379,86749.39223610805
2772,J2W2T9,Canada,45.345543,-73.290551,86552.70197441426
2773,J2W1V2,Canada,45.35101,-73.299544,86644.53323549558
2774,J2W3E9,Canada,45.348685,-73.296252,86634.54948854035
2775,J2W2B2,Canada,45.375087,-73.253961,82211.8763082814
2776,J2X5J4,Canada,45.315597,-73.22708,85470.29967242654
2777,J2W1P6,Canada,45.344453,-73.275059,85766.40822858614
2778,J2W2N8,Canada,45.347321,-73.277568,85684.14586441753
2779,J2X1J3,Canada,45.311201,-73.239142,86468.79883610444
2780,J2W2T1,Canada,45.337261,-73.298985,87667.30113594918
2781,J2W2R9,Canada,45.339027,-73.298842,87522.97650230864
2782,J2W2R9,Canada,45.339027,-73.298842,87522.97650230864
2783,J2X5H2,Canada,45.295461,-73.23752,87682.3064672515
2784,J2W1X9,Canada,45.342104,-73.302765,87508.37736935147
2785,J2W1X9,Canada,45.342104,-73.302765,87508.37736935147
2786,J2X4W1,Canada,45.309714,-73.227988,86003.07729829849
2787,J2X4P9,Canada,45.296206,-73.241026,87803.6190113597
2788,J2W2P5,Canada,45.363441,-73.303075,85907.50553062082
2789,J2W2P7,Canada,45.347304,-73.28353,86020.78125686914
2790,J2W2P4,Canada,45.344399,-73.278536,85965.22340945165
2791,J2W2P4,Canada,45.344399,-73.278536,85965.22340945165
2792,J2W1N8,Canada,45.350419,-73.280386,85603.09863424383
2793,J2W1E1,Canada,45.341257,-73.276558,86099.26055057136
2794,J2Y1B3,Canada,45.307375,-73.308796,90547.46131913459
2795,J2X5J4,Canada,45.315597,-73.22708,85470.29967242654
2796,J2X4Z8,Canada,45.313574,-73.23482,86045.38085588819
2797,J2W2V9,Canada,45.337921,-73.294702,87375.11317289765
2798,J2W2A7,Canada,45.378187,-73.255468,82060.6130083159
2799,J2W1L8,Canada,45.35275,-73.274366,85083.8823099499
2800,J2W1W3,Canada,45.353421,-73.296502,86287.35421132574
2801,J2X5J4,Canada,45.315597,-73.22708,85470.29967242654
2802,J2W2R7,Canada,45.360508,-73.296834,85768.82075653193
2803,J2W2W8,Canada,45.365691,-73.30267,85715.4492133511
2804,J2W2P9,Canada,45.357669,-73.29564,85915.28026847141
2805,J2Y1B2,Canada,45.309568,-73.312175,90561.93466096783
2806,J2W1P7,Canada,45.34446,-73.274198,85717.73357648215
2807,J2W3E6,Canada,45.354655,-73.271103,84752.94343145889
2808,J2X2Y1,Canada,45.291933,-73.242889,88255.28977453405
2809,J2L3B3,Canada,45.283537,-72.785553,70497.72214934083
2810,J2W1L8,Canada,45.35275,-73.274366,85083.8823099499
2811,J2X5T4,Canada,45.323493,-73.207547,83792.40177750245
2812,J2X5N1,Canada,45.330303,-73.236726,84785.1298600437
2813,J2W2P4,Canada,45.344399,-73.278536,85965.22340945165
2814,J2W1X2,Canada,45.340141,-73.299386,87467.87848728901
2815,J2B1B4,Canada,45.882255,-72.483467,184.8422042084149
2816,J2W1H1,Canada,45.34516,-73.295589,86867.12798448915
2817,J2Y1A5,Canada,45.379229,-73.378863,89256.05327359836
2818,J2Y1B8,Canada,45.294894,-73.314003,91822.11375857951
2819,J2Y1B4,Canada,45.309863,-73.307478,90278.51084068336
2820,J2Y1B4,Canada,45.309863,-73.307478,90278.51084068336
2821,J2Y1A4,Canada,45.316467,-73.33814,91481.33630423968
2822,J2W1H5,Canada,45.346396,-73.293595,86659.2699763903
2823,J2W1H5,Canada,45.346396,-73.293595,86659.2699763903
2824,J2W1X3,Canada,45.342125,-73.299626,87328.87108177746
2825,J2W2Z7,Canada,45.356655,-73.302913,86409.1402631589
2826,J2W1M4,Canada,45.357448,-73.274034,84702.87811724523
2827,J2W1M4,Canada,45.357448,-73.274034,84702.87811724523
2828,J2W1P7,Canada,45.34446,-73.274198,85717.73357648215
2829,J2W2A3,Canada,45.35724,-73.298884,86133.66547836391
2830,J2W1X2,Canada,45.340141,-73.299386,87467.87848728901
2831,J2X4M2,Canada,45.297843,-73.238438,87532.64010521206
2832,J2X3J1,Canada,45.301954,-73.239518,87249.25679201691
2833,J2W1L3,Canada,45.353625,-73.305169,86767.78736894159
2834,J2W1H2,Canada,45.344752,-73.30176,87248.47994212007
2835,J2X1B1,Canada,45.316065,-73.228313,85496.87835168219
2836,J2W2S3,Canada,45.355371,-73.276366,84994.52671885428
2837,J2W2B6,Canada,45.369903,-73.254587,82645.36260322116
2838,J2X1J6,Canada,45.309731,-73.241912,86736.03582291401
2839,J2W0B3,Canada,45.357268,-73.278104,84947.04747327903
2840,J2W0B2,Canada,45.357268,-73.278104,84947.04747327903
2841,J2W2A8,Canada,45.375847,-73.255266,82227.82045129073
2842,J2X5P9,Canada,45.315891,-73.248356,86576.91987549575
2843,J2W1Y5,Canada,45.358627,-73.312196,86795.76023048043
2844,J2W2P6,Canada,45.34292,-73.294989,87005.43456253225
2845,J2W2Y3,Canada,45.341819,-73.293476,87004.87425388089
2846,J2W2Y3,Canada,45.341819,-73.293476,87004.87425388089
2847,J2W2A8,Canada,45.375847,-73.255266,82227.82045129073
2848,J2W1M3,Canada,45.355005,-73.268757,84593.8900159851
2849,J2Y1K2,Canada,45.317963,-73.310152,89791.9714078276
2850,J2Y1E1,Canada,45.330399,-73.352017,91215.41082777726
2851,J2W2P2,Canada,45.341892,-73.295778,87129.18068933043
2852,J2W3A3,Canada,45.337246,-73.294658,87424.88662947285
2853,J2X2P3,Canada,45.296852,-73.241997,87800.96227976399
2854,J2W1B4,Canada,45.37314,-73.362544,88701.42743523035
2855,J2W2K6,Canada,45.354922,-73.29857,86291.4213864799
2856,J2Y1A9,Canada,45.3129,-73.317128,90576.5175594066
2857,J2W1G8,Canada,45.344396,-73.290545,86640.7524249321
2858,J2W2H2,Canada,45.375095,-73.255128,82277.50868546175
2859,J2W2H2,Canada,45.375095,-73.255128,82277.50868546175
2860,J2X2P3,Canada,45.296852,-73.241997,87800.96227976399
2861,J2X2P3,Canada,45.296852,-73.241997,87800.96227976399
2862,J2W1M1,Canada,45.352,-73.280344,85478.836391337
2863,J2X5P1,Canada,45.362475,-73.245511,82711.38301086274
2864,J2W1G7,Canada,45.344028,-73.294174,86874.08165683196
2865,J2W1X2,Canada,45.340141,-73.299386,87467.87848728901
2866,J2W1X2,Canada,45.340141,-73.299386,87467.87848728901
2867,J2W2C5,Canada,45.366344,-73.262652,83375.09961114461
2868,J2W1L4,Canada,45.354783,-73.306432,86752.73943731918
2869,J2Y1E6,Canada,45.364976,-73.374978,90030.39328336777
2870,J2Y1E2,Canada,45.331643,-73.341267,90502.72566855482
2871,J2X1S1,Canada,45.308985,-73.225638,85940.19624939864
2872,J2X4J1,Canada,45.319436,-73.208916,84200.04446573039
2873,J2W1P7,Canada,45.34446,-73.274198,85717.73357648215
2874,J2W2B2,Canada,45.375087,-73.253961,82211.8763082814
2875,J2X4X3,Canada,45.281384,-73.240027,88986.71650081787
2876,J2W3A8,Canada,45.362281,-73.310422,86419.5317252244
2877,J2X0A8,Canada,45.318355,-73.239642,85910.78199198844
2878,J2N1X6,Canada,45.291184,-72.980436,76163.66480621205
2879,J2X0B5,Canada,45.321181,-73.248693,86166.45086326725
2880,J2W3C2,Canada,45.356702,-73.309189,86766.72455215166
2881,J2W2B4,Canada,45.374225,-73.255846,82384.87089210076
2882,J2W3C2,Canada,45.356702,-73.309189,86766.72455215166
2883,J2W1L4,Canada,45.354783,-73.306432,86752.73943731918
2884,J2W3C2,Canada,45.356702,-73.309189,86766.72455215166
2885,J2W3C2,Canada,45.356702,-73.309189,86766.72455215166
2886,J2W2V6,Canada,45.340322,-73.29208,87041.84714126779
2887,J2W1Z2,Canada,45.341366,-73.298074,87299.42501899094
2888,J2W1Z2,Canada,45.341366,-73.298074,87299.42501899094
2889,J2W1Z2,Canada,45.341366,-73.298074,87299.42501899094
2890,J2W1Z2,Canada,45.341366,-73.298074,87299.42501899094
2891,J2W1W9,Canada,45.339635,-73.297124,87379.14162785008
2892,J2W2T7,Canada,45.339089,-73.296275,87373.40362234757
2893,J2W2B3,Canada,45.371559,-73.256467,82624.44590643821
2894,J2Y1H4,Canada,45.29215,-73.360349,94611.28779558364
2895,J2N2R2,Canada,45.302621,-72.960268,74270.6578874542
2896,J2M1K9,Canada,45.331326,-72.623492,62107.28352072289
2897,J2W2W5,Canada,45.345079,-73.266798,85256.68891752118
2898,J2W1G6,Canada,45.344032,-73.295755,86963.1981434693
2899,J2W1G6,Canada,45.344032,-73.295755,86963.1981434693
2900,J2W3C6,Canada,45.350772,-73.30487,86966.92826338313
2901,J2B3A6,Canada,45.850979,-72.459157,3829.9814055132388
2902,J2N2P9,Canada,45.265913,-72.937379,77009.40278776865
2903,J2W2X9,Canada,45.358494,-73.312896,86846.21465893058
2904,J2W1G6,Canada,45.344032,-73.295755,86963.1981434693
2905,J2X5P9,Canada,45.315891,-73.248356,86576.91987549575
2906,J2X1R8,Canada,45.308985,-73.227998,86063.84326042589
2907,J2W0K3,Canada,45.337322,-73.291298,87230.27923813634
2908,J2W2S2,Canada,45.34803,-73.267084,85042.10779208722
2909,J2Y1B3,Canada,45.307375,-73.308796,90547.46131913459
2910,J2W1X2,Canada,45.340141,-73.299386,87467.87848728901
2911,J2X4J3,Canada,45.327304,-73.256662,86105.3180156372
2912,J2W2E7,Canada,45.356507,-73.265067,84270.20703689528
2913,J2W2T7,Canada,45.339089,-73.296275,87373.40362234757
2914,J2Y0H1,Canada,0,0,8672420.421869809
2915,J2X5P8,Canada,45.321677,-73.251255,86264.44332538219
2916,J2W2C7,Canada,45.3672,-73.258565,83078.16863828654
2917,J2X4X2,Canada,45.275478,-73.239355,89448.22413830663
2918,J2Y1C8,Canada,45.312423,-73.361111,93097.39985443678
2919,J2W1H1,Canada,45.34516,-73.295589,86867.12798448915
2920,J2W2W5,Canada,45.345079,-73.266798,85256.68891752118
2921,J2X0A8,Canada,45.318355,-73.239642,85910.78199198844
2922,J2W1W3,Canada,45.353421,-73.296502,86287.35421132574
2923,J2X5M8,Canada,45.334054,-73.23957,84636.33484769004
2924,J2W0E1,Canada,45.362993,-73.254787,83190.31263395377
2925,J2W0A2,Canada,45.353414,-73.289512,85889.73928229019
2926,J2X0C7,Canada,45.32146,-73.243527,85866.28250682131
2927,J2W1S3,Canada,45.350805,-73.26913,84940.50442870878
2928,J2X4X2,Canada,45.275478,-73.239355,89448.22413830663
2929,J2Y1M2,Canada,45.318871,-73.300352,89175.41100531805
2930,J2W2T4,Canada,45.340679,-73.294131,87129.79010242938
2931,J2X0G1,Canada,45.31751,-73.23621,85796.92885559106
2932,J2K3X1,Canada,45.214823,-72.825074,78741.97421657317
2933,J2X0C7,Canada,45.32146,-73.243527,85866.28250682131
2934,J2W3A1,Canada,45.337182,-73.301085,87791.8295073692
2935,J2W0E1,Canada,45.362993,-73.254787,83190.31263395377
2936,J2W1M3,Canada,45.355005,-73.268757,84593.8900159851
2937,J2W3A1,Canada,45.337182,-73.301085,87791.8295073692
2938,J2W2S6,Canada,45.34881,-73.301909,86947.045605089
2939,J2W1Z2,Canada,45.341366,-73.298074,87299.42501899094
2940,J2W2G3,Canada,45.351698,-73.263177,84537.96485568146
2941,J2Y1A5,Canada,45.379229,-73.378863,89256.05327359836
2942,J2W1J6,Canada,45.358699,-73.30599,86432.05045058101
2943,J2W1X8,Canada,45.342682,-73.302761,87463.84386367735
2944,J2X0B5,Canada,45.321181,-73.248693,86166.45086326725
2945,J2W1G2,Canada,45.349228,-73.298205,86704.12868343262
2946,J2X1J8,Canada,45.309975,-73.240908,86662.83852268636
2947,J2Y1A5,Canada,45.379229,-73.378863,89256.05327359836
2948,J2W1Z2,Canada,45.341366,-73.298074,87299.42501899094
2949,J2X5T9,Canada,45.329206,-73.236351,84853.64283246356
2950,J2Y1B4,Canada,45.309863,-73.307478,90278.51084068336
2951,J2W0G2,Canada,45.360475,-73.291563,85469.03010717893
2952,J2X5S5,Canada,45.270372,-73.238634,89842.06382749318
2953,J2W2P5,Canada,45.363441,-73.303075,85907.50553062082
2954,J2X2P5,Canada,45.296979,-73.235042,87427.03156821882
2955,J2W2B2,Canada,45.375087,-73.253961,82211.8763082814
2956,J2X5G7,Canada,45.282237,-73.233723,88590.72432295106
2957,J2Y1C3,Canada,45.29119,-73.321506,92528.02886029072
2958,J2W2X5,Canada,45.361159,-73.292025,85443.65467144277
2959,J2X5T1,Canada,45.267434,-73.229725,89639.1669444093
2960,J2W2S1,Canada,45.34292,-73.294989,87005.43456253225
2961,J2W2S1,Canada,45.34292,-73.294989,87005.43456253225
2962,J2W1W2,Canada,45.379339,-73.280263,83396.90224247874
2963,J2X5T9,Canada,45.329206,-73.236351,84853.64283246356
2964,J2W2G5,Canada,45.355392,-73.266182,84419.22376120502
2965,J2W1B4,Canada,45.37314,-73.362544,88701.42743523035
2966,J2W1B4,Canada,45.37314,-73.362544,88701.42743523035
2967,J2W1B4,Canada,45.37314,-73.362544,88701.42743523035
2968,J2X5P2,Canada,45.317455,-73.210229,84432.92306187116
2969,J2W1W9,Canada,45.339635,-73.297124,87379.14162785008
2970,J2W2Z7,Canada,45.356655,-73.302913,86409.1402631589
2971,J2W1X2,Canada,45.340141,-73.299386,87467.87848728901
2972,J2N2W2,Canada,45.279408,-72.988898,77629.87871430464
2973,J2W2T6,Canada,45.360037,-73.295322,85717.65105380454
2974,J2W2B7,Canada,45.372086,-73.252578,82363.86178930357
2975,J2W1O9,Canada,0,0,8672420.421869809
2976,J2W1X7,Canada,45.337692,-73.299383,87656.47058123091
2977,J2W3A5,Canada,45.364086,-73.30866,86182.50055601206
2978,J2W2C2,Canada,45.370954,-73.256496,82672.5319092364
2979,J2W1H2,Canada,45.344752,-73.30176,87248.47994212007
2980,J2W2C5,Canada,45.366344,-73.262652,83375.09961114461
2981,J2W1W6,Canada,45.353875,-73.297423,86305.39881792775
2982,J2X3E8,Canada,45.31328,-73.244921,86605.88413753321
2983,J2X3Y2,Canada,45.299169,-73.231747,87073.36068166285
2984,J2Y1A8,Canada,45.316187,-73.320335,90499.80589129546
2985,J2W3A3,Canada,45.337246,-73.294658,87424.88662947285
2986,J2X3Y2,Canada,45.299169,-73.231747,87073.36068166285
2987,J2X4Z1,Canada,45.288221,-73.243844,88613.54155976347
2988,J2W1Z5,Canada,45.360308,-73.309385,86507.19929222697
2989,J2W1Z6,Canada,45.382102,-73.254186,81689.38482311317
2990,J2X3J1,Canada,45.301954,-73.239518,87249.25679201691
2991,J2W1H1,Canada,45.34516,-73.295589,86867.12798448915
2992,J2W3C1,Canada,45.369687,-73.258131,82862.39768524698
2993,J2X3R8,Canada,45.308602,-73.238187,86631.59661639624
2994,J2W1G6,Canada,45.344032,-73.295755,86963.1981434693
2995,J2Y1L6,Canada,45.320418,-73.300905,89084.8526140587
2996,J2N0H2,Canada,45.275648,-72.970851,77292.18836176001
2997,J2W1Y3,Canada,45.339602,-73.296213,87330.30553934089
2998,J2W1H4,Canada,45.346529,-73.295468,86755.1989338087
2999,J2X1X4,Canada,45.306754,-73.228042,86250.71833060139
3000,J2W2R5,Canada,45.357669,-73.29564,85915.28026847141
3001,J2W3C1,Canada,45.369687,-73.258131,82862.39768524698
3002,J2N0G6,Canada,45.275648,-72.970851,77292.18836176001
3003,J2W2Y4,Canada,45.335529,-73.296936,87685.9057177226
3004,J2W2B2,Canada,45.375087,-73.253961,82211.8763082814
3005,J2Y1A4,Canada,45.316467,-73.33814,91481.33630423968
3006,J2X5N8,Canada,45.378302,-73.244647,81437.4642285865
3007,J2W1W4,Canada,45.358851,-73.294829,85779.21282190975
3008,J2W1W4,Canada,45.358851,-73.294829,85779.21282190975
3009,J2W1W4,Canada,45.358851,-73.294829,85779.21282190975
3010,J2X1A2,Canada,45.316798,-73.237379,85917.25585500138
3011,J2W1X5,Canada,45.338174,-73.299579,87630.34371400005
3012,J2X0A2,Canada,45.321859,-73.248641,86108.86600617351
3013,J2W1M6,Canada,45.365687,-73.266784,83659.59370800247
3014,J2W3E7,Canada,45.354997,-73.272825,84823.52126053936
3015,J2X0A2,Canada,45.321859,-73.248641,86108.86600617351
3016,J2W1M6,Canada,45.365687,-73.266784,83659.59370800247
3017,J2W1Y8,Canada,45.344142,-73.278005,85955.45375504532
3018,J2W1H1,Canada,45.34516,-73.295589,86867.12798448915
3019,J2W1X2,Canada,45.340141,-73.299386,87467.87848728901
3020,J2W2B8,Canada,45.370488,-73.252827,82500.91214110646
3021,J2X4C5,Canada,45.274845,-73.229641,89005.75154116073
3022,J2W2T6,Canada,45.360037,-73.295322,85717.65105380454
3023,J2Y0A1,Canada,45.317032,-73.314747,90121.23865431765
3024,J2Y1L2,Canada,45.318871,-73.300352,89175.41100531805
3025,J2X5P9,Canada,45.315891,-73.248356,86576.91987549575
3026,J2W0H6,Canada,45.365035,-73.260531,83355.92578491292
3027,J2W3B2,Canada,45.353448,-73.307754,86929.55386397774
3028,J2W1B4,Canada,45.37314,-73.362544,88701.42743523035
3029,J2Y1C5,Canada,45.309748,-73.342992,92272.93090026359
3030,J2W1Y4,Canada,45.36164,-73.311929,86554.79219366993
3031,J2Y1E5,Canada,45.343557,-73.374872,91572.86706435756
3032,J2Y1E5,Canada,45.343557,-73.374872,91572.86706435756
3033,J2W3B7,Canada,45.357201,-73.3122,86902.95857719891
3034,J2W0K6,Canada,45.337322,-73.291298,87230.27923813634
3035,J2W3E8,Canada,45.353414,-73.289512,85889.73928229019
3036,J2W0B5,Canada,45.359382,-73.291538,85550.5295161899
3037,J2W2Y2,Canada,45.339718,-73.294409,87219.675823969
3038,J2W1X4,Canada,45.337879,-73.300614,87711.50317356722
3039,J2W3E7,Canada,45.354997,-73.272825,84823.52126053936
3040,J2W1W3,Canada,45.353421,-73.296502,86287.35421132574
3041,J2W1H2,Canada,45.344752,-73.30176,87248.47994212007
3042,J2W3A1,Canada,45.337182,-73.301085,87791.8295073692
3043,J2W3A1,Canada,45.337182,-73.301085,87791.8295073692
3044,J2W1Y3,Canada,45.339602,-73.296213,87330.30553934089
3045,J2W2V5,Canada,45.337026,-73.297679,87611.88166585444
3046,J2X1A2,Canada,45.316798,-73.237379,85917.25585500138
3047,J2X0B5,Canada,45.321181,-73.248693,86166.45086326725
3048,J2E2V5,Canada,0,0,8672420.421869809
3049,J2W0K8,Canada,45.337322,-73.291298,87230.27923813634
3050,J2W2Y2,Canada,45.339718,-73.294409,87219.675823969
3051,J2W3E1,Canada,45.347352,-73.301319,87024.65148212241
3052,J2W1M6,Canada,45.365687,-73.266784,83659.59370800247
3053,J2W2X4,Canada,45.363292,-73.307753,86189.29178578965
3054,J2N1Y8,Canada,45.270443,-72.984461,78320.85472049753
3055,J2X4X3,Canada,45.281384,-73.240027,88986.71650081787
3056,J2W1E8,Canada,45.361403,-73.30895,86399.98767348313
3057,J2Y1A4,Canada,45.316467,-73.33814,91481.33630423968
3058,J2W2K2,Canada,45.343862,-73.2772,85932.16755599967
3059,J2W2C5,Canada,45.366344,-73.262652,83375.09961114461
3060,J2X4X3,Canada,45.281384,-73.240027,88986.71650081787
3061,J2X4X3,Canada,45.281384,-73.240027,88986.71650081787
3062,J2W1L7,Canada,45.352356,-73.273,85037.48348489235
3063,J2W0H3,Canada,45.362142,-73.3077,86272.30716940125
3064,J2W1XW2,Canada,0,0,8672420.421869809
3065,J2Y1G5,Canada,45.375442,-73.392871,90373.11336260573
3066,J2W1L2,Canada,45.353473,-73.300526,86513.33453594879
3067,J2Y1A4,Canada,45.316467,-73.33814,91481.33630423968
3068,J2Y1A4,Canada,45.316467,-73.33814,91481.33630423968
3069,J2Y1B5,Canada,45.307638,-73.317405,91003.76389389395
3070,J2W2Y3,Canada,45.341819,-73.293476,87004.87425388089
3071,J2W1G8,Canada,45.344396,-73.290545,86640.7524249321
3072,J2X5R9,Canada,45.347483,-73.255788,84456.80214568076
3073,J2W2W9,Canada,45.341819,-73.293964,87032.40343675177
3074,J2W2Z4,Canada,45.359483,-73.303247,86214.98506732106
3075,J2W1X5,Canada,45.338174,-73.299579,87630.34371400005
3076,J2W3B1,Canada,45.358986,-73.293479,85691.66233873706
3077,J2W1H6,Canada,45.348192,-73.291897,86425.18455558979
3078,J2Y1E1,Canada,45.330399,-73.352017,91215.41082777726
3079,J2X2L4,Canada,45.29915,-73.236327,87313.95917071844
3080,J2X4Z9,Canada,45.292367,-73.233336,87722.3732806704
3081,J2X4B5,Canada,45.293128,-73.229967,87484.3621515792
3082,J2W1X2,Canada,45.340141,-73.299386,87467.87848728901
3083,J2W1X2,Canada,45.340141,-73.299386,87467.87848728901
3084,J2Y1A7,Canada,45.315955,-73.318952,90440.36364852462
3085,J2W2J1,Canada,45.351978,-73.276943,85288.67722593572
3086,J2W1X7,Canada,45.337692,-73.299383,87656.47058123091
3087,J2W3A5,Canada,45.364086,-73.30866,86182.50055601206
3088,J2W0B8,Canada,45.356622,-73.290798,85718.13149782109
3089,J2W1V4,Canada,45.349271,-73.301101,86865.83659133491
3090,J2W0C1,Canada,45.349563,-73.287163,86051.82267473475
3091,J2W3B6,Canada,45.342129,-73.2921,86903.35920394858
3092,J2Y1B4,Canada,45.309863,-73.307478,90278.51084068336
3093,J2X5M6,Canada,45.318057,-73.227281,85278.73075484496
3094,J2W2C9,Canada,45.360777,-73.265912,83987.78356940973
3095,J2X4J3,Canada,45.327304,-73.256662,86105.3180156372
3096,J2W0A7,Canada,45.35469,-73.277429,85107.01646603741
3097,J2W2A7,Canada,45.378187,-73.255468,82060.6130083159
3098,J2W1R8,Canada,45.344778,-73.274564,85713.42428590867
3099,J2W1Z1,Canada,45.342117,-73.298068,87241.30959732868
3100,J2W2H1,Canada,45.327396,-73.29787,88370.30386859697
3101,J2W1X9,Canada,45.342104,-73.302765,87508.37736935147
3102,J2W1R1,Canada,45.345614,-73.269998,85393.22101613258
3103,J2X5R8,Canada,45.32331,-73.251029,86120.59995254438
3104,J2W2T6,Canada,45.360037,-73.295322,85717.65105380454
3105,J2W3A4,Canada,45.335974,-73.294979,87541.46510709604
3106,J2W2Z7,Canada,45.356655,-73.302913,86409.1402631589
3107,J2X1L8,Canada,45.310955,-73.232516,86138.87938029981
3108,J2W2B3,Canada,45.371559,-73.256467,82624.44590643821
3109,J2X5W1,Canada,45.322892,-73.248996,86044.59239059189
3110,J2W1H6,Canada,45.348192,-73.291897,86425.18455558979
3111,J2X2C3,Canada,45.303008,-73.24372,87383.58518892039
3112,J2X3P2,Canada,45.301219,-73.237398,87198.73507446775
3113,J2W1S8,Canada,45.379422,-73.293614,84165.90665313309
3114,J2W1J6,Canada,45.358699,-73.30599,86432.05045058101
3115,J2W1K8,Canada,45.354224,-73.301639,86520.06693460082
3116,J2X2S9,Canada,45.277661,-73.229802,88775.73042780285
3117,J2W0A8,Canada,45.356209,-73.2783,85039.46495000822
3118,J2W1A4,Canada,45.388543,-73.364339,87721.06221438218
3119,J2W2J4,Canada,45.359291,-73.296711,85853.78591344849
3120,J2W1H1,Canada,45.34516,-73.295589,86867.12798448915
3121,J2Y1A4,Canada,45.316467,-73.33814,91481.33630423968
3122,J2Y1A3,Canada,45.315261,-73.340124,91686.37724023039
3123,J2W2N8,Canada,45.347321,-73.277568,85684.14586441753
3124,J2W1R1,Canada,45.345614,-73.269998,85393.22101613258
3125,J2W2X1,Canada,45.374538,-73.356533,88241.09652232646
3126,J2X5R9,Canada,45.347483,-73.255788,84456.80214568076
3127,J2Y1A4,Canada,45.316467,-73.33814,91481.33630423968
3128,J2W1R2,Canada,45.347219,-73.275769,85591.118190628
3129,J2W3A2,Canada,45.341391,-73.302677,87558.078080613
3130,J2W1Z1,Canada,45.342117,-73.298068,87241.30959732868
3131,J2W2P4,Canada,45.344399,-73.278536,85965.22340945165
3132,J2W3C7,Canada,45.342737,-73.278558,86095.68951245022
3133,J2W0C7,Canada,45.355651,-73.289365,85710.48088205779
3134,J2W3A4,Canada,45.335974,-73.294979,87541.46510709604
3135,J2Y1B3,Canada,45.307375,-73.308796,90547.46131913459
3136,J2W1A9,Canada,45.376653,-73.361688,88399.70766401046
3137,J2W2N3,Canada,45.34673,-73.277156,85706.86276486686
3138,J2Y1K9,Canada,45.317967,-73.305572,89536.42601406475
3139,J2X3P6,Canada,45.315606,-73.239876,86147.43541507571
3140,J2X4W5,Canada,45.281384,-73.240027,88986.71650081787
3141,J2X4W5,Canada,45.281384,-73.240027,88986.71650081787
3142,J2Y1K9,Canada,45.317967,-73.305572,89536.42601406475
3143,J2Y1A4,Canada,45.316467,-73.33814,91481.33630423968
3144,J2L6H8,Canada,0,0,8672420.421869809
3145,J2W3L8,Canada,0,0,8672420.421869809
3146,J2W1J7,Canada,45.356649,-73.308717,86743.51089746646
3147,J2W1G8,Canada,45.344396,-73.290545,86640.7524249321
3148,J2W2A7,Canada,45.378187,-73.255468,82060.6130083159
3149,J2W1P9,Canada,45.346205,-73.270025,85348.6236510478
3150,J2Y1E9,Canada,45.369138,-73.381308,90115.10348375826
3151,J2X2Y1,Canada,45.291933,-73.242889,88255.28977453405
3152,J2X5M8,Canada,45.334054,-73.23957,84636.33484769004
3153,J2X4N9,Canada,45.2924,-73.231454,87622.13829033126
3154,J2W1H6,Canada,45.348192,-73.291897,86425.18455558979
3155,J2X2S4,Canada,45.284335,-73.230589,88253.4409926218
3156,J2Y1E5,Canada,45.343557,-73.374872,91572.86706435756
3157,J2Y1K7,Canada,45.318676,-73.30601,89505.33463698656
3158,J2X1A1,Canada,45.316765,-73.239812,86049.45272983087
3159,J2W1H6,Canada,45.348192,-73.291897,86425.18455558979
3160,J2W2B3,Canada,45.371559,-73.256467,82624.44590643821
3161,J2W3A2,Canada,45.341391,-73.302677,87558.078080613
3162,J2W3A7,Canada,45.348015,-73.283799,85981.05383153007
3163,J2W1Z6,Canada,45.382102,-73.254186,81689.38482311317
3164,J2W1R8,Canada,45.344778,-73.274564,85713.42428590867
3165,J2W2B1,Canada,45.37357,-73.251894,82211.10588804899
3166,J2X5R8,Canada,45.32331,-73.251029,86120.59995254438
3167,J2Y119,Canada,0,0,8672420.421869809
3168,J2W2V6,Canada,45.340322,-73.29208,87041.84714126779
3169,J2W3E4,Canada,45.355619,-73.272525,84758.60669124778
3170,J2X5J5,Canada,45.291011,-73.233978,87868.82786552959
3171,J2X4X1,Canada,45.290666,-73.231361,87762.27946207213
3172,J2W2J1,Canada,45.351978,-73.276943,85288.67722593572
3173,J2H0B7,Canada,45.377402,-72.73442,59313.77601962062
3174,J2W2Z3,Canada,45.377582,-73.367856,88705.5057840474
3175,J2W2B9,Canada,45.370081,-73.25222,82498.00744934488
3176,J2W0E1,Canada,45.362993,-73.254787,83190.31263395377
3177,J2W2K2,Canada,45.343862,-73.2772,85932.16755599967
3178,J2W1N1,Canada,45.353964,-73.286847,85696.24149233976
3179,J2W2X9,Canada,45.358494,-73.312896,86846.21465893058
3180,J2W2K6,Canada,45.354922,-73.29857,86291.4213864799
3181,J2W1E7,Canada,45.363462,-73.305499,86046.08421496338
3182,J2Y1K8,Canada,45.318676,-73.30601,89505.33463698656
3183,J2W2Z3,Canada,45.377582,-73.367856,88705.5057840474
3184,J2W1W5,Canada,45.358974,-73.295766,85823.58987909052
3185,J2W3A1,Canada,45.337182,-73.301085,87791.8295073692
3186,J2X2Y4,Canada,45.278359,-73.239394,89207.94233841168
3187,J2W1W8,Canada,45.354425,-73.298024,86297.93823161478
3188,J2X4B5,Canada,45.293128,-73.229967,87484.3621515792
3189,J2W2V5,Canada,45.337026,-73.297679,87611.88166585444
3190,J2W2C8,Canada,45.364007,-73.256371,83200.83878689958
3191,J2W3E1,Canada,45.347352,-73.301319,87024.65148212241
3192,J2X5A4,Canada,45.284335,-73.230589,88253.4409926218
3193,J2X0C9,Canada,45.299481,-73.228686,86888.0902519105
3194,J2N1R1,Canada,45.282763,-72.981704,77023.90955216665
3195,J2W2A7,Canada,45.378187,-73.255468,82060.6130083159
3196,J2W1Z1,Canada,45.342117,-73.298068,87241.30959732868
3197,J2W1L2,Canada,45.353473,-73.300526,86513.33453594879
3198,J2X0B5,Canada,45.321181,-73.248693,86166.45086326725
3199,J2X5B7,Canada,45.308117,-73.234709,86488.10635861223
3200,J2W1Y4,Canada,45.36164,-73.311929,86554.79219366993
3201,J2H2X6,Canada,45.344624,-72.692988,61847.81829823662
3202,J2W1B4,Canada,45.37314,-73.362544,88701.42743523035
3203,J2W2K3,Canada,45.350113,-73.266697,84858.15455483699
3204,J2Y1A6,Canada,45.31615,-73.315979,90258.83840931332
3205,J2X5P1,Canada,45.362475,-73.245511,82711.38301086274
3206,J2Y0A1,Canada,45.317032,-73.314747,90121.23865431765
3207,J2N1B6,Canada,45.287413,-72.969832,76112.23071837655
3208,J2W2N5,Canada,45.347986,-73.275771,85531.71308188708
3209,J2W1H6,Canada,45.348192,-73.291897,86425.18455558979
3210,J2W2B3,Canada,45.371559,-73.256467,82624.44590643821
3211,J2W0K8,Canada,45.337322,-73.291298,87230.27923813634
3212,J2W2T6,Canada,45.360037,-73.295322,85717.65105380454
3213,J2W3A4,Canada,45.335974,-73.294979,87541.46510709604
3214,J2X1A3,Canada,45.315896,-73.247634,86537.86194602531
3215,J2W1Z1,Canada,45.342117,-73.298068,87241.30959732868
3216,J2X5H9,Canada,45.304118,-73.22693,86411.18015515534
3217,J2W2B1,Canada,45.37357,-73.251894,82211.10588804899
3218,J2W1A4,Canada,45.388543,-73.364339,87721.06221438218
3219,J2X5P6,Canada,45.270216,-73.231987,89517.25009304412
3220,J2W2H1,Canada,45.327396,-73.29787,88370.30386859697
3221,J2W0A8,Canada,45.356209,-73.2783,85039.46495000822
3222,J2X1T1,Canada,45.306233,-73.242482,87053.1287966501
3223,J2X4B1,Canada,45.297009,-73.230025,87163.52680383364
3224,J2W2V6,Canada,45.340322,-73.29208,87041.84714126779
3225,J2X3V6,Canada,45.303045,-73.234433,86892.32599348709
3226,J2W1S8,Canada,45.379422,-73.293614,84165.90665313309
3227,J2Y1A8,Canada,45.316187,-73.320335,90499.80589129546
3228,J2WIN7,Canada,0,0,8672420.421869809
3229,J2X4B1,Canada,45.297009,-73.230025,87163.52680383364
3230,J2X5K7,Canada,45.310498,-73.228019,85939.95705102755
3231,J2N2N4,Canada,45.280368,-72.969025,76763.88522026941
3232,J2Y1C7,Canada,45.314181,-73.352114,92450.10069551908
3233,J2X1L8,Canada,45.310955,-73.232516,86138.87938029981
3234,J2W2A7,Canada,45.378187,-73.255468,82060.6130083159
3235,J2W2T7,Canada,45.339089,-73.296275,87373.40362234757
3236,J2W0C3,Canada,45.356481,-73.279801,85103.60394005995
3237,J2X5W3,Canada,45.318476,-73.234095,85605.56455879129
3238,J2Y1G1,Canada,45.371826,-73.388085,90335.39804033902
3239,J2X5N8,Canada,45.378302,-73.244647,81437.4642285865
3240,J2Y1B2,Canada,45.309568,-73.312175,90561.93466096783
3241,J2W2L6,Canada,45.349199,-73.275747,85436.32869628769
3242,J2X5V8,Canada,45.301887,-73.23812,87181.3873105801
3243,J2N1Y7,Canada,45.267756,-72.984954,78599.94922887844
3244,J2W1S8,Canada,45.379422,-73.293614,84165.90665313309
3245,J2X4J3,Canada,45.327304,-73.256662,86105.3180156372
3246,J2X5C6,Canada,45.297485,-73.227652,87000.70010256501
3247,J2W0A5,Canada,45.358663,-73.258905,83757.19280284682
3248,J2X1A1,Canada,45.316765,-73.239812,86049.45272983087
3249,J2W3R9,Canada,0,0,8672420.421869809
3250,J2X5N6,Canada,45.348106,-73.252127,84205.16520332449
3251,J2W3A2,Canada,45.341391,-73.302677,87558.078080613
3252,J2W2J4,Canada,45.359291,-73.296711,85853.78591344849
3253,J2W0C7,Canada,45.355651,-73.289365,85710.48088205779
3254,J2W3A6,Canada,45.336059,-73.291334,87330.34970982664
3255,J2W1Y8,Canada,45.344142,-73.278005,85955.45375504532
3256,J2X5C6,Canada,45.297485,-73.227652,87000.70010256501
3257,J2W1W5,Canada,45.358974,-73.295766,85823.58987909052
3258,J2B1G7,Canada,45.881177,-72.484792,76.41757339641165
3259,J2Y1G5,Canada,45.375442,-73.392871,90373.11336260573
3260,J2Y1A6,Canada,45.31615,-73.315979,90258.83840931332
3261,J2W1S7,Canada,45.349051,-73.279044,85633.16288745328
3262,J2W1G2,Canada,45.349228,-73.298205,86704.12868343262
3263,J2W1S7,Canada,45.349051,-73.279044,85633.16288745328
3264,J2W2V8,Canada,45.349721,-73.273034,85243.54868860167
3265,J2W2V8,Canada,45.349721,-73.273034,85243.54868860167
3266,J2W2V8,Canada,45.349721,-73.273034,85243.54868860167
3267,J2W2V8,Canada,45.349721,-73.273034,85243.54868860167
3268,J2W1R5,Canada,45.347209,-73.268088,85162.18864350182
3269,J2W1N2,Canada,45.350406,-73.286815,85967.33489505299
3270,J2X1K3,Canada,45.311539,-73.234698,86205.98762325312
3271,J2W3E2,Canada,45.36049,-73.263443,83870.74974262321
3272,J2W2E4,Canada,45.356007,-73.257712,83896.90017233233
3273,J2Y1A5,Canada,45.379229,-73.378863,89256.05327359836
3274,J2X5S2,Canada,45.273153,-73.232237,89281.04071946189
3275,J2Y1K6,Canada,45.319163,-73.308534,89608.00512898904
3276,J2W1H6,Canada,45.348192,-73.291897,86425.18455558979
3277,J2W3B7,Canada,45.357201,-73.3122,86902.95857719891
3278,J2X1V5,Canada,45.307497,-73.230123,86298.27352390632
3279,J2W3B7,Canada,45.357201,-73.3122,86902.95857719891
3280,J2W2B9,Canada,45.370081,-73.25222,82498.00744934488
3281,J2X4C1,Canada,45.284984,-73.230071,88172.28728564485
3282,J2W2S8,Canada,45.347984,-73.29541,86640.38335918022
3283,J2W2T1,Canada,45.337261,-73.298985,87667.30113594918
3284,J2W2T1,Canada,45.337261,-73.298985,87667.30113594918
3285,J2X5P6,Canada,45.270216,-73.231987,89517.25009304412
3286,J2W2R5,Canada,45.357669,-73.29564,85915.28026847141
3287,J2W1Z5,Canada,45.360308,-73.309385,86507.19929222697
3288,J2Y1B2,Canada,45.309568,-73.312175,90561.93466096783
3289,J2X5S2,Canada,45.273153,-73.232237,89281.04071946189
3290,J2X5M6,Canada,45.318057,-73.227281,85278.73075484496
3291,J2X2Y1,Canada,45.291933,-73.242889,88255.28977453405
3292,J2W2V6,Canada,45.340322,-73.29208,87041.84714126779
3293,J2W2S8,Canada,45.347984,-73.29541,86640.38335918022
3294,J2W2C9,Canada,45.360777,-73.265912,83987.78356940973
3295,J2W2P5,Canada,45.363441,-73.303075,85907.50553062082
3296,J2X5M8,Canada,45.334054,-73.23957,84636.33484769004
3297,J2W2C6,Canada,45.367343,-73.260038,83150.42979959688
3298,J2W1X2,Canada,45.340141,-73.299386,87467.87848728901
3299,J2W1G9,Canada,45.345289,-73.292795,86699.0864375925
3300,J2X1E6,Canada,45.314395,-73.237283,86108.63535468678
3301,J2Y1K6,Canada,45.319163,-73.308534,89608.00512898904
3302,J2Y1K6,Canada,45.319163,-73.308534,89608.00512898904
3303,J2W1Y4,Canada,45.36164,-73.311929,86554.79219366993
3304,J2W2Z8,Canada,45.358006,-73.304351,86389.84982542068
3305,J2Y0A1,Canada,45.317032,-73.314747,90121.23865431765
3306,J2Y0A1,Canada,45.317032,-73.314747,90121.23865431765
3307,J2W2E2,Canada,45.358362,-73.261013,83898.80301463198
3308,J2W3B7,Canada,45.357201,-73.3122,86902.95857719891
3309,J2W1R3,Canada,45.345037,-73.270165,85447.57236240857
3310,J2W1R3,Canada,45.345037,-73.270165,85447.57236240857
3311,J2X5P1,Canada,45.362475,-73.245511,82711.38301086274
3312,J2X5P1,Canada,45.362475,-73.245511,82711.38301086274
3313,J2X3Y2,Canada,45.299169,-73.231747,87073.36068166285
3314,J2W1T6,Canada,45.365328,-73.310734,86210.24311738131
3315,J2W1Z3,Canada,45.34044,-73.296448,87278.91491564688
3316,J2W1Z3,Canada,45.34044,-73.296448,87278.91491564688
3317,J2X1J2,Canada,45.310829,-73.24071,86582.37282551477
3318,J2W3E2,Canada,45.36049,-73.263443,83870.74974262321
3319,J2Y1K5,Canada,45.319163,-73.308534,89608.00512898904
3320,J2X1T8,Canada,45.307449,-73.237259,86677.45761619984
3321,J2W2G3,Canada,45.351698,-73.263177,84537.96485568146
3322,J2W0C7,Canada,45.355651,-73.289365,85710.48088205779
3323,J2W0A5,Canada,45.358663,-73.258905,83757.19280284682
3324,J2W0C7,Canada,45.355651,-73.289365,85710.48088205779
3325,J2W1A4,Canada,45.388543,-73.364339,87721.06221438218
3326,J2W2C6,Canada,45.367343,-73.260038,83150.42979959688
3327,J2W2P6,Canada,45.34292,-73.294989,87005.43456253225
3328,J2W2P6,Canada,45.34292,-73.294989,87005.43456253225
3329,J2W1Z3,Canada,45.34044,-73.296448,87278.91491564688
3330,J2W2S8,Canada,45.347984,-73.29541,86640.38335918022
3331,J2X2L4,Canada,45.29915,-73.236327,87313.95917071844
3332,J2W2W4,Canada,45.335383,-73.299307,87830.56727281232
3333,J2W1Z6,Canada,45.382102,-73.254186,81689.38482311317
3334,J2X1Z8,Canada,45.305137,-73.236409,86823.2135660457
3335,J2Y0A1,Canada,45.317032,-73.314747,90121.23865431765
3336,J2Y1J9,Canada,45.317963,-73.310152,89791.9714078276
3337,J2X4J2,Canada,45.27877,-73.208577,87607.61430271748
3338,J2X5R8,Canada,45.32331,-73.251029,86120.59995254438
3339,J2Y1M2,Canada,45.318871,-73.300352,89175.41100531805
3340,J2X1J2,Canada,45.310829,-73.24071,86582.37282551477
3341,J2W2S8,Canada,45.347984,-73.29541,86640.38335918022
3342,J2W2G3,Canada,45.351698,-73.263177,84537.96485568146
3343,J2W3A4,Canada,45.335974,-73.294979,87541.46510709604
3344,J2W2N5,Canada,45.347986,-73.275771,85531.71308188708
3345,J2X1A7,Canada,45.315977,-73.238612,86049.89206425413
3346,J2X0A2,Canada,45.321859,-73.248641,86108.86600617351
3347,J2W2S4,Canada,45.340275,-73.294615,87188.26375543367
3348,J2W3A4,Canada,45.335974,-73.294979,87541.46510709604
3349,J2W2P5,Canada,45.363441,-73.303075,85907.50553062082
3350,J2X1A1,Canada,45.316765,-73.239812,86049.45272983087
3351,J2B0A2,Canada,45.863649,-72.500418,2275.649245992857
3352,J2X5P1,Canada,45.362475,-73.245511,82711.38301086274
3353,J2W2S4,Canada,45.340275,-73.294615,87188.26375543367
3354,J2W1K7,Canada,45.352514,-73.303379,86749.39223610805
3355,J2X5H3,Canada,45.294284,-73.242957,88063.85143971563
3356,J2W2Y4,Canada,45.335529,-73.296936,87685.9057177226
3357,J2X1B8,Canada,45.315148,-73.242337,86315.85896973514
3358,J2Y1J7,Canada,45.319072,-73.312671,89846.24511860656
3359,J2W1Y8,Canada,45.344142,-73.278005,85955.45375504532
3360,J2W0A8,Canada,45.356209,-73.2783,85039.46495000822
3361,J2W2S4,Canada,45.340275,-73.294615,87188.26375543367
3362,J2N3G2,Canada,45.276635,-72.984598,77728.06034840955
3363,J2W2W4,Canada,45.335383,-73.299307,87830.56727281232
3364,J2Y1L2,Canada,45.318871,-73.300352,89175.41100531805
3365,J2W1Z2,Canada,45.341366,-73.298074,87299.42501899094
3366,J2W1W5,Canada,45.358974,-73.295766,85823.58987909052
3367,J2W1N3,Canada,45.347512,-73.285236,86100.905639938
3368,J2X1K3,Canada,45.311539,-73.234698,86205.98762325312
3369,J2X1A1,Canada,45.316765,-73.239812,86049.45272983087
3370,J2W2V3,Canada,45.337812,-73.295773,87443.80936404398
3371,J2X2R8,Canada,45.292347,-73.232406,87675.85670452945
3372,J2W1H2,Canada,45.344752,-73.30176,87248.47994212007
3373,J2W0K9,Canada,45.337322,-73.291298,87230.27923813634
3374,J2W0E3,Canada,45.3598,-73.257675,83599.97954911148
3375,J2X4Z4,Canada,45.28787,-73.229905,87921.4036156248
3376,J2W1K9,Canada,45.351728,-73.269112,84867.81825926605
3377,J2W0K8,Canada,45.337322,-73.291298,87230.27923813634
3378,J2Y1G3,Canada,45.373219,-73.390255,90369.3636984519
3379,J2Y1B5,Canada,45.307638,-73.317405,91003.76389389395
3380,J2W1E8,Canada,45.361403,-73.30895,86399.98767348313
3381,J2X5P1,Canada,45.362475,-73.245511,82711.38301086274
3382,J2W1X4,Canada,45.337879,-73.300614,87711.50317356722
3383,J2W2S4,Canada,45.340275,-73.294615,87188.26375543367
3384,J2W1V7,Canada,45.349823,-73.297051,86593.00373520334
3385,J2Y1L2,Canada,45.318871,-73.300352,89175.41100531805
3386,J2W1Z8,Canada,45.377939,-73.25161,81860.09376953643
3387,J2W2B1,Canada,45.37357,-73.251894,82211.10588804899
3388,J2W3C7,Canada,45.342737,-73.278558,86095.68951245022
3389,J2W1N9,Canada,45.351176,-73.28201,85636.39890763994
3390,J2W1Z6,Canada,45.382102,-73.254186,81689.38482311317
3391,J2N2B6,Canada,45.280384,-72.980433,77203.63376874672
3392,J2W1J9,Canada,45.356571,-73.304126,86485.18139315219
3393,J2W1J9,Canada,45.356571,-73.304126,86485.18139315219
3394,J2W1S1,Canada,45.351186,-73.27781,85398.6890616556
3395,J2W1Y8,Canada,45.344142,-73.278005,85955.45375504532
3396,J2W1Z2,Canada,45.341366,-73.298074,87299.42501899094
3397,J2W1Z2,Canada,45.341366,-73.298074,87299.42501899094
3398,J2W2L9,Canada,45.352627,-73.275737,85170.60605322426
3399,J2W2P5,Canada,45.363441,-73.303075,85907.50553062082
3400,J2W2P5,Canada,45.363441,-73.303075,85907.50553062082
3401,J2Y1G5,Canada,45.375442,-73.392871,90373.11336260573
3402,J2W0C3,Canada,45.356481,-73.279801,85103.60394005995
3403,J2W0A7,Canada,45.35469,-73.277429,85107.01646603741
3404,J2W1S8,Canada,45.379422,-73.293614,84165.90665313309
3405,J2W1Z2,Canada,45.341366,-73.298074,87299.42501899094
3406,J2Y1K9,Canada,45.317967,-73.305572,89536.42601406475
3407,J2B1G7,Canada,45.881177,-72.484792,76.41757339641165
3408,J2W1J9,Canada,45.356571,-73.304126,86485.18139315219
3409,J2W3B2,Canada,45.353448,-73.307754,86929.55386397774
3410,J2X2V7,Canada,45.275474,-73.229781,88959.62179801904
3411,J2X2J3,Canada,45.29983,-73.239558,87426.82383577248
3412,J2X1R8,Canada,45.308985,-73.227998,86063.84326042589
3413,J2W1K5,Canada,45.355135,-73.304425,86610.86164421319
3414,J2W2Y8,Canada,45.35986,-73.302531,86145.3518143355
3415,J2W0C8,Canada,45.358681,-73.291022,85574.26944070039
3416,J2X2X3,Canada,45.301786,-73.24386,87491.54655036748
3417,J2W2R9,Canada,45.339027,-73.298842,87522.97650230864
3418,J2W1G5,Canada,45.343245,-73.302622,87412.81912552583
3419,J2Y1B5,Canada,45.307638,-73.317405,91003.76389389395
3420,J2W1A4,Canada,45.388543,-73.364339,87721.06221438218
3421,J2N1X7,Canada,45.292456,-72.981314,76076.2805641355
3422,J2X5C6,Canada,45.297485,-73.227652,87000.70010256501
3423,J2W2E4,Canada,45.356007,-73.257712,83896.90017233233
3424,J2Y1C8,Canada,45.312423,-73.361111,93097.39985443678
3425,J2W1C2,Canada,45.351534,-73.293833,86279.18080210174
3426,J2W1G2,Canada,45.349228,-73.298205,86704.12868343262
3427,J2X5R7,Canada,45.323321,-73.245985,85847.73819386474
3428,J2Y1K6,Canada,45.319163,-73.308534,89608.00512898904
3429,J2W1H2,Canada,45.344752,-73.30176,87248.47994212007
3430,J2X2X3,Canada,45.301786,-73.24386,87491.54655036748
3431,J2X2X3,Canada,45.301786,-73.24386,87491.54655036748
3432,J2X2X3,Canada,45.301786,-73.24386,87491.54655036748
3433,J2W0A8,Canada,45.356209,-73.2783,85039.46495000822
3434,J2W1H2,Canada,45.344752,-73.30176,87248.47994212007
3435,J2Y1K9,Canada,45.317967,-73.305572,89536.42601406475
3436,J2W1S8,Canada,45.379422,-73.293614,84165.90665313309
3437,J2W1X4,Canada,45.337879,-73.300614,87711.50317356722
3438,J2W1L2,Canada,45.353473,-73.300526,86513.33453594879
3439,J2W1L2,Canada,45.353473,-73.300526,86513.33453594879
3440,J2X5S5,Canada,45.270372,-73.238634,89842.06382749318
3441,J2W2B1,Canada,45.37357,-73.251894,82211.10588804899
3442,J2W1V4,Canada,45.349271,-73.301101,86865.83659133491
3443,J2W1N1,Canada,45.353964,-73.286847,85696.24149233976
3444,J2W1Y9,Canada,45.341892,-73.296924,87193.93279715111
3445,J2W1Z1,Canada,45.342117,-73.298068,87241.30959732868
3446,J2X3K6,Canada,45.308236,-73.240637,86791.12980043465
3447,J2W2T1,Canada,45.337261,-73.298985,87667.30113594918
3448,J2Y1K6,Canada,45.319163,-73.308534,89608.00512898904
3449,J2Y1A6,Canada,45.31615,-73.315979,90258.83840931332
3450,J2W2P5,Canada,45.363441,-73.303075,85907.50553062082
3451,J2Y1B7,Canada,45.307933,-73.324635,91383.23216626068
3452,J2W0B6,Canada,45.349296,-73.29497,86514.94982662627
3453,J2W2X4,Canada,45.363292,-73.307753,86189.29178578965
3454,J2W1Y4,Canada,45.36164,-73.311929,86554.79219366993
3455,J2W1Y4,Canada,45.36164,-73.311929,86554.79219366993
3456,J2W2P5,Canada,45.363441,-73.303075,85907.50553062082
3457,J2W2N5,Canada,45.347986,-73.275771,85531.71308188708
3458,J2W1E6,Canada,45.362744,-73.305621,86106.94188348476
3459,J2W1N3,Canada,45.347512,-73.285236,86100.905639938
3460,J2K2E3,Canada,45.192859,-72.747572,79273.18630729997
3461,J2X5R8,Canada,45.32331,-73.251029,86120.59995254438
3462,J2W2S4,Canada,45.340275,-73.294615,87188.26375543367
3463,J2W2S4,Canada,45.340275,-73.294615,87188.26375543367
3464,J2W2B1,Canada,45.37357,-73.251894,82211.10588804899
3465,J2W0C8,Canada,45.358681,-73.291022,85574.26944070039
3466,J2Y1A4,Canada,45.316467,-73.33814,91481.33630423968
3467,J2X5N8,Canada,45.378302,-73.244647,81437.4642285865
3468,J2X3M9,Canada,45.308139,-73.239464,86737.09197354277
3469,J2W3E8,Canada,45.353414,-73.289512,85889.73928229019
3470,J2W2A9,Canada,45.373806,-73.250659,82123.09547050165
3471,J2W0C3,Canada,45.356481,-73.279801,85103.60394005995
3472,J2B1G7,Canada,45.881177,-72.484792,76.41757339641165
3473,J2X5P6,Canada,45.270216,-73.231987,89517.25009304412
3474,J2Y1A0,Canada,0,0,8672420.421869809
3475,J2W1M8,Canada,45.373017,-73.259206,82668.13411279593
3476,J2W1Y5,Canada,45.358627,-73.312196,86795.76023048043
3477,J2X4B5,Canada,45.293128,-73.229967,87484.3621515792
3478,J2X3P2,Canada,45.301219,-73.237398,87198.73507446775
3479,J2W2P6,Canada,45.34292,-73.294989,87005.43456253225
3480,J2W1N1,Canada,45.353964,-73.286847,85696.24149233976
3481,J2W3B7,Canada,45.357201,-73.3122,86902.95857719891
3482,J2W1X7,Canada,45.337692,-73.299383,87656.47058123091
3483,J2W1X7,Canada,45.337692,-73.299383,87656.47058123091
3484,J2W0A8,Canada,45.356209,-73.2783,85039.46495000822
3485,J2X3C2,Canada,45.304738,-73.241449,87121.47472150176
3486,J2W1G2,Canada,45.349228,-73.298205,86704.12868343262
3487,J2W2B1,Canada,45.37357,-73.251894,82211.10588804899
3488,J2Y1B6,Canada,45.306572,-73.319005,91176.26614881483
3489,J2W2V4,Canada,45.337934,-73.292132,87229.6422520501
3490,J2W0C8,Canada,45.358681,-73.291022,85574.26944070039
3491,J2X5P1,Canada,45.362475,-73.245511,82711.38301086274
3492,J2W2L9,Canada,45.352627,-73.275737,85170.60605322426
3493,J2X5R8,Canada,45.32331,-73.251029,86120.59995254438
3494,J2W1S1,Canada,45.351186,-73.27781,85398.6890616556
3495,J2W2P5,Canada,45.363441,-73.303075,85907.50553062082
3496,J2W3A4,Canada,45.335974,-73.294979,87541.46510709604
3497,J2W2V3,Canada,45.337812,-73.295773,87443.80936404398
3498,J2W2V3,Canada,45.337812,-73.295773,87443.80936404398
3499,J2Y1M4,Canada,45.320435,-73.305354,89331.28037135472
3500,J2W2B1,Canada,45.37357,-73.251894,82211.10588804899
3501,J2W2B1,Canada,45.37357,-73.251894,82211.10588804899
3502,J2W3E4,Canada,45.355619,-73.272525,84758.60669124778
3503,J2W1N3,Canada,45.347512,-73.285236,86100.905639938
3504,J2X1B8,Canada,45.315148,-73.242337,86315.85896973514
3505,J2Y1K9,Canada,45.317967,-73.305572,89536.42601406475
3506,J2X2W3,Canada,45.28243,-73.241895,88995.5727584911
3507,J2W3B3,Canada,45.33738,-73.291268,87224.09580392519
3508,J2W2P3,Canada,45.352667,-73.281272,85479.9168267064
3509,J2X4L8,Canada,45.276216,-73.239358,89386.26668806464
3510,J2W1N2,Canada,45.350406,-73.286815,85967.33489505299
3511,J2W3E9,Canada,45.348685,-73.296252,86634.54948854035
3512,J2W3E9,Canada,45.348685,-73.296252,86634.54948854035
3513,J2Y1B3,Canada,45.307375,-73.308796,90547.46131913459
3514,J2W2A9,Canada,45.373806,-73.250659,82123.09547050165
3515,J2X5T1,Canada,45.267434,-73.229725,89639.1669444093
3516,J2X5T1,Canada,45.267434,-73.229725,89639.1669444093
3517,J2W0E3,Canada,45.3598,-73.257675,83599.97954911148
3518,J2N1Y7,Canada,45.267756,-72.984954,78599.94922887844
3519,J2N2P9,Canada,45.265913,-72.937379,77009.40278776865
3520,J2W2Y1,Canada,45.334983,-73.298525,87817.52112442051
3521,J2W1K3,Canada,45.355957,-73.308255,86769.02030087567
3522,J2X5S1,Canada,45.265256,-73.241953,90443.8587659717
3523,J2W3C3,Canada,45.362237,-73.292027,85362.15105860477
3524,J2W0A8,Canada,45.356209,-73.2783,85039.46495000822
3525,J2W0A8,Canada,45.356209,-73.2783,85039.46495000822
3526,J2W3A3,Canada,45.337246,-73.294658,87424.88662947285
3527,J2X1A2,Canada,45.316798,-73.237379,85917.25585500138
3528,J2W2S1,Canada,45.34292,-73.294989,87005.43456253225
3529,J2N2P9,Canada,45.265913,-72.937379,77009.40278776865
3530,J2X4B5,Canada,45.293128,-73.229967,87484.3621515792
3531,J2W2N8,Canada,45.347321,-73.277568,85684.14586441753
3532,J2W2N8,Canada,45.347321,-73.277568,85684.14586441753
3533,J2W2V5,Canada,45.337026,-73.297679,87611.88166585444
3534,J2W1G5,Canada,45.343245,-73.302622,87412.81912552583
3535,J2Y0A1,Canada,45.317032,-73.314747,90121.23865431765
3536,J2W1V4,Canada,45.349271,-73.301101,86865.83659133491
3537,J2W1V4,Canada,45.349271,-73.301101,86865.83659133491
3538,J2W2V3,Canada,45.337812,-73.295773,87443.80936404398
3539,J2Y2B2,Canada,0,0,8672420.421869809
3540,J2W1N2,Canada,45.350406,-73.286815,85967.33489505299
3541,J2W3C8,Canada,45.35808,-73.273333,84614.62475046037
3542,J2X0A2,Canada,45.321859,-73.248641,86108.86600617351
3543,J2W2Y4,Canada,45.335529,-73.296936,87685.9057177226
3544,J2W2Y4,Canada,45.335529,-73.296936,87685.9057177226
3545,J2W2P3,Canada,45.352667,-73.281272,85479.9168267064
3546,J2W1G8,Canada,45.344396,-73.290545,86640.7524249321
3547,J2X5S2,Canada,45.273153,-73.232237,89281.04071946189
3548,J2W1X7,Canada,45.337692,-73.299383,87656.47058123091
3549,J2W0K4,Canada,45.337322,-73.291298,87230.27923813634
3550,J2W3B1,Canada,45.358986,-73.293479,85691.66233873706
3551,J2W0C1,Canada,45.349563,-73.287163,86051.82267473475
3552,J2W1G5,Canada,45.343245,-73.302622,87412.81912552583
3553,J2W3A2,Canada,45.341391,-73.302677,87558.078080613
3554,J2Y1K9,Canada,45.317967,-73.305572,89536.42601406475
3555,J2X2S4,Canada,45.284335,-73.230589,88253.4409926218
3556,J2W1G6,Canada,45.344032,-73.295755,86963.1981434693
3557,J2W1G6,Canada,45.344032,-73.295755,86963.1981434693
3558,J2W1S1,Canada,45.351186,-73.27781,85398.6890616556
3559,J2W1G6,Canada,45.344032,-73.295755,86963.1981434693
3560,J2W1G6,Canada,45.344032,-73.295755,86963.1981434693
3561,J2W1G6,Canada,45.344032,-73.295755,86963.1981434693
3562,J2W2W1,Canada,45.338476,-73.294671,87330.43471184588
3563,J2W1Z1,Canada,45.342117,-73.298068,87241.30959732868
3564,J2W2Y4,Canada,45.335529,-73.296936,87685.9057177226
3565,J2W2Y4,Canada,45.335529,-73.296936,87685.9057177226
3566,J2X5M6,Canada,45.318057,-73.227281,85278.73075484496
3567,J2W1K3,Canada,45.355957,-73.308255,86769.02030087567
3568,J2W3A9,Canada,45.349739,-73.303731,86980.30661048753
3569,J2W2Y3,Canada,45.341819,-73.293476,87004.87425388089
3570,J2W2Y3,Canada,45.341819,-73.293476,87004.87425388089
3571,J2W2Y3,Canada,45.341819,-73.293476,87004.87425388089
3572,J2W1Y8,Canada,45.344142,-73.278005,85955.45375504532
3573,J2W0A5,Canada,45.358663,-73.258905,83757.19280284682
3574,J2W2W4,Canada,45.335383,-73.299307,87830.56727281232
3575,J2W3A7,Canada,45.348015,-73.283799,85981.05383153007
3576,J2Y1A7,Canada,45.315955,-73.318952,90440.36364852462
3577,J2Y1A6,Canada,45.31615,-73.315979,90258.83840931332
3578,J2X5R7,Canada,45.323321,-73.245985,85847.73819386474
3579,J2X0A9,Canada,45.320375,-73.239063,85715.41961159783
3580,J2W0G2,Canada,45.360475,-73.291563,85469.03010717893
3581,J2X0A8,Canada,45.318355,-73.239642,85910.78199198844
3582,J2X0A8,Canada,45.318355,-73.239642,85910.78199198844
3583,J2W1X5,Canada,45.338174,-73.299579,87630.34371400005
3584,J2W3C8,Canada,45.35808,-73.273333,84614.62475046037
3585,J2X0A8,Canada,45.318355,-73.239642,85910.78199198844
3586,J2X5W5,Canada,45.320178,-73.23422,85473.20487774564
3587,J2X1A2,Canada,45.316798,-73.237379,85917.25585500138
3588,J2W1Z5,Canada,45.360308,-73.309385,86507.19929222697
3589,J2Y1B6,Canada,45.306572,-73.319005,91176.26614881483
3590,J2W1J9,Canada,45.356571,-73.304126,86485.18139315219
3591,J2Y1H1,Canada,45.34181,-73.33169,89184.57870190329
3592,J2Y1H1,Canada,45.34181,-73.33169,89184.57870190329
3593,J2Y1H1,Canada,45.34181,-73.33169,89184.57870190329
3594,J2Y1H1,Canada,45.34181,-73.33169,89184.57870190329
3595,J2Y1M4,Canada,45.320435,-73.305354,89331.28037135472
3596,J2W2V6,Canada,45.340322,-73.29208,87041.84714126779
3597,J2W3E9,Canada,45.348685,-73.296252,86634.54948854035
3598,J2W0A5,Canada,45.358663,-73.258905,83757.19280284682
3599,J2W3E9,Canada,45.348685,-73.296252,86634.54948854035
3600,J2W3E9,Canada,45.348685,-73.296252,86634.54948854035
3601,J2W2S4,Canada,45.340275,-73.294615,87188.26375543367
3602,J2W0E3,Canada,45.3598,-73.257675,83599.97954911148
3603,J2W2V6,Canada,45.340322,-73.29208,87041.84714126779
3604,J2W2V6,Canada,45.340322,-73.29208,87041.84714126779
3605,J2W2V6,Canada,45.340322,-73.29208,87041.84714126779
3606,J2W3B2,Canada,45.353448,-73.307754,86929.55386397774
3607,J2X1V2,Canada,45.307536,-73.233299,86461.82039135553
3608,J2X5C6,Canada,45.297485,-73.227652,87000.70010256501
3609,J2X5s4,Canada,45.26594,-73.241932,90384.8960259578
3610,J2Y1E9,Canada,45.369138,-73.381308,90115.10348375826
3611,J2Y1L6,Canada,45.320418,-73.300905,89084.8526140587
3612,J2W2E9,Canada,45.353878,-73.264463,84440.2840086222
3613,J2X5T1,Canada,45.267434,-73.229725,89639.1669444093
3614,J2W1B3,Canada,45.379098,-73.368401,88631.28442250192
3615,J2W3B4,Canada,45.336081,-73.293828,87468.53847806907
3616,J2Y1A4,Canada,45.316467,-73.33814,91481.33630423968
3617,J2W1V1,Canada,45.350347,-73.302543,86866.19965651003
3618,J2W1X1,Canada,45.339428,-73.300089,87562.5038073759
3619,J2X0A8,Canada,45.318355,-73.239642,85910.78199198844
3620,J2Y1B2,Canada,45.309568,-73.312175,90561.93466096783
3621,J2Y1B2,Canada,45.309568,-73.312175,90561.93466096783
3622,J2Y1B2,Canada,45.309568,-73.312175,90561.93466096783
3623,J2Y1E6,Canada,45.364976,-73.374978,90030.39328336777
3624,J2W1L2,Canada,45.353473,-73.300526,86513.33453594879
3625,J2W2E9,Canada,45.353878,-73.264463,84440.2840086222
3626,J2W1H7,Canada,45.347604,-73.290948,86416.5955979173
3627,J2W2T2,Canada,45.34292,-73.295378,87027.41872978397
3628,J2W0K6,Canada,45.337322,-73.291298,87230.27923813634
3629,J2N0J3,Canada,45.275648,-72.970851,77292.18836176001
3630,J2W1S9,Canada,45.371063,-73.30141,85241.15625249181
3631,J2W0K6,Canada,45.337322,-73.291298,87230.27923813634
3632,J2W3C3,Canada,45.362237,-73.292027,85362.15105860477
3633,J2W1H7,Canada,45.347604,-73.290948,86416.5955979173
3634,J2W1P5,Canada,45.342958,-73.275402,85902.05585850301
3635,J2W2P4,Canada,45.344399,-73.278536,85965.22340945165
3636,J2W0G2,Canada,45.360475,-73.291563,85469.03010717893
3637,J2W3A2,Canada,45.341391,-73.302677,87558.078080613
3638,J2W2J5,Canada,45.358762,-73.296147,85861.48734520924
3639,J2W2A8,Canada,45.375847,-73.255266,82227.82045129073
3640,J2W1Z6,Canada,45.382102,-73.254186,81689.38482311317
3641,J2Y1B2,Canada,45.309568,-73.312175,90561.93466096783
3642,J2X1H1,Canada,45.312667,-73.215639,85112.55151291407
3643,J2X1H1,Canada,45.312667,-73.215639,85112.55151291407
3644,J2W2E2,Canada,45.358362,-73.261013,83898.80301463198
3645,J2Y1L6,Canada,45.320418,-73.300905,89084.8526140587
3646,J2W2V5,Canada,45.337026,-73.297679,87611.88166585444
3647,J2W3C7,Canada,45.342737,-73.278558,86095.68951245022
3648,J2W0C8,Canada,45.358681,-73.291022,85574.26944070039
3649,J2X5S6,Canada,45.266632,-73.241885,90323.95802885466
3650,J2W2T2,Canada,45.34292,-73.295378,87027.41872978397
3651,J2W1B3,Canada,45.379098,-73.368401,88631.28442250192
3652,J2X5S3,Canada,45.322473,-73.246963,85968.91361685532
3653,J2W2T5,Canada,45.358456,-73.276197,84747.82200852458
3654,J2W3C7,Canada,45.342737,-73.278558,86095.68951245022
3655,J2W3C7,Canada,45.342737,-73.278558,86095.68951245022
3656,J2Y1H7,Canada,45.292154,-73.324328,92606.81316896009
3657,J2X4P9,Canada,45.296206,-73.241026,87803.6190113597
3658,J2W1S9,Canada,45.371063,-73.30141,85241.15625249181
3659,J2X3J1,Canada,45.301954,-73.239518,87249.25679201691
3660,J2X3J1,Canada,45.301954,-73.239518,87249.25679201691
3661,J2W0C8,Canada,45.358681,-73.291022,85574.26944070039
3662,J2W2R5,Canada,45.357669,-73.29564,85915.28026847141
3663,J2X4C3,Canada,45.279827,-73.229641,88584.60012081993
3664,J2W2P3,Canada,45.352667,-73.281272,85479.9168267064
3665,J2W1H2,Canada,45.344752,-73.30176,87248.47994212007
3666,J2X2L8,Canada,45.298292,-73.238496,87498.47711503894
3667,J2W1S1,Canada,45.351186,-73.27781,85398.6890616556
3668,J2Y1E3,Canada,45.334436,-73.346087,90569.66391138213
3669,J2Y1E3,Canada,45.334436,-73.346087,90569.66391138213
3670,J2W2S1,Canada,45.34292,-73.294989,87005.43456253225
3671,J2Y1B6,Canada,45.306572,-73.319005,91176.26614881483
3672,J2Y1M4,Canada,45.320435,-73.305354,89331.28037135472
3673,J2W3A2,Canada,45.341391,-73.302677,87558.078080613
3674,J2X2L8,Canada,45.298292,-73.238496,87498.47711503894
3675,J2X5S2,Canada,45.273153,-73.232237,89281.04071946189
3676,J2W1V1,Canada,45.350347,-73.302543,86866.19965651003
3677,J2W3B6,Canada,45.342129,-73.2921,86903.35920394858
3678,J2Y1H1,Canada,45.34181,-73.33169,89184.57870190329
3679,J2W1A6,Canada,45.384983,-73.378425,88827.37473366127
3680,J2W2Y3,Canada,45.341819,-73.293476,87004.87425388089
3681,J2W0A5,Canada,45.358663,-73.258905,83757.19280284682
3682,J2W2A7,Canada,45.378187,-73.255468,82060.6130083159
3683,J2W1T8,Canada,45.35222,-73.299247,86535.46940503428
3684,J2Y1E1,Canada,45.330399,-73.352017,91215.41082777726
3685,J2Y1B4,Canada,45.309863,-73.307478,90278.51084068336
3686,J2X5S1,Canada,45.265256,-73.241953,90443.8587659717
3687,J2W0C8,Canada,45.358681,-73.291022,85574.26944070039
3688,J2W1S3,Canada,45.350805,-73.26913,84940.50442870878
3689,J2W1S3,Canada,45.350805,-73.26913,84940.50442870878
3690,J2W2A3,Canada,45.35724,-73.298884,86133.66547836391
3691,J2W1N9,Canada,45.351176,-73.28201,85636.39890763994
3692,J2X5S4,Canada,45.26594,-73.241932,90384.8960259578
3693,J2X5M6,Canada,45.318057,-73.227281,85278.73075484496
3694,J2W1K2,Canada,45.355843,-73.30695,86702.50933184175
3695,J2X5S1,Canada,45.265256,-73.241953,90443.8587659717
3696,J2W1H7,Canada,45.347604,-73.290948,86416.5955979173
3697,J2X5S4,Canada,45.26594,-73.241932,90384.8960259578
3698,J2W0H3,Canada,45.362142,-73.3077,86272.30716940125
3699,J2X1A2,Canada,45.316798,-73.237379,85917.25585500138
3700,J2N2T8,Canada,45.281017,-72.991442,77576.01593843641
3701,J2X5T2,Canada,45.268016,-73.241804,90202.8194742337
3702,J2Y1A7,Canada,45.315955,-73.318952,90440.36364852462
3703,J2W1C9,Canada,45.341999,-73.280156,86242.53039874861
3704,J2W1H9,Canada,45.349264,-73.292884,86398.94500124601
3705,J2X5C3,Canada,45.316765,-73.242343,86184.40596075774
3706,J2W0A8,Canada,45.356209,-73.2783,85039.46495000822
3707,J2X3W8,Canada,45.303381,-73.233077,86793.50209039792
3708,J2W1G6,Canada,45.344032,-73.295755,86963.1981434693
3709,J2E1K2,Canada,45.906972,-72.541124,5298.101622694679
3710,J2X3J1,Canada,45.301954,-73.239518,87249.25679201691
3711,J2W2J4,Canada,45.359291,-73.296711,85853.78591344849
3712,J2X2G2,Canada,45.302203,-73.230046,86732.70313441192
3713,J2X5M6,Canada,45.318057,-73.227281,85278.73075484496
3714,J2Y1B4,Canada,45.309863,-73.307478,90278.51084068336
3715,J2W2A8,Canada,45.375847,-73.255266,82227.82045129073
3716,J2W1K2,Canada,45.355843,-73.30695,86702.50933184175
3717,J2W2Y2,Canada,45.339718,-73.294409,87219.675823969
3718,J2W3E4,Canada,45.355619,-73.272525,84758.60669124778
3719,J2W1M7,Canada,45.367516,-73.26457,83393.82843003313
3720,J2W2J3,Canada,45.34582,-73.274168,85610.16741023857
3721,J2W1A4,Canada,45.388543,-73.364339,87721.06221438218
3722,J2W1S3,Canada,45.350805,-73.26913,84940.50442870878
3723,J2W1J5,Canada,45.358763,-73.308677,86582.23190904374
3724,J2W2W5,Canada,45.345079,-73.266798,85256.68891752118
3725,J2Y1A8,Canada,45.316187,-73.320335,90499.80589129546
3726,J2W1K3,Canada,45.355957,-73.308255,86769.02030087567
3727,J2X5T9,Canada,45.329206,-73.236351,84853.64283246356
3728,J2S3L2,Canada,45.624125,-72.94474,45776.65349578789
3729,J2X0B5,Canada,45.321181,-73.248693,86166.45086326725
3730,J2W1T6,Canada,45.365328,-73.310734,86210.24311738131
3731,J2W1P7,Canada,45.34446,-73.274198,85717.73357648215
3732,J2W1Z1,Canada,45.342117,-73.298068,87241.30959732868
3733,J2W3E5,Canada,45.355619,-73.272525,84758.60669124778
3734,J2W3E5,Canada,45.355619,-73.272525,84758.60669124778
3735,J2H1G7,Canada,45.417274,-72.715311,54630.83864790529
3736,J2W2K7,Canada,45.354922,-73.29857,86291.4213864799
3737,J2Y1A4,Canada,45.316467,-73.33814,91481.33630423968
3738,J2W1H4,Canada,45.346529,-73.295468,86755.1989338087
3739,J2X1T9,Canada,45.307449,-73.237259,86677.45761619984
3740,J2X5T6,Canada,45.318749,-73.22777,85247.80351866885
3741,J2X4J2,Canada,45.27877,-73.208577,87607.61430271748
3742,J2X5N2,Canada,45.276363,-73.202023,87486.12713842484
3743,J2W1M4,Canada,45.357448,-73.274034,84702.87811724523
3744,J2W3E5,Canada,45.355619,-73.272525,84758.60669124778
3745,J2Y1G3,Canada,45.373219,-73.390255,90369.3636984519
3746,J2W1Y6,Canada,45.361803,-73.311416,86512.8731694763
3747,J2W2S6,Canada,45.34881,-73.301909,86947.045605089
3748,J2W2V6,Canada,45.340322,-73.29208,87041.84714126779
3749,J2W2V6,Canada,45.340322,-73.29208,87041.84714126779
3750,J2W2V2,Canada,45.359299,-73.314887,86901.23065245016
3751,J2W1H5,Canada,45.346396,-73.293595,86659.2699763903
3752,J2Y1L2,Canada,45.318871,-73.300352,89175.41100531805
3753,J2W0A7,Canada,45.35469,-73.277429,85107.01646603741
3754,J2W3A4,Canada,45.335974,-73.294979,87541.46510709604
3755,J2W1L4,Canada,45.354783,-73.306432,86752.73943731918
3756,J2W2V2,Canada,45.359299,-73.314887,86901.23065245016
3757,J2W1M4,Canada,45.357448,-73.274034,84702.87811724523
3758,J2W1Y6,Canada,45.361803,-73.311416,86512.8731694763
3759,J2Y1L2,Canada,45.318871,-73.300352,89175.41100531805
3760,J2W2P4,Canada,45.344399,-73.278536,85965.22340945165
3761,J2X4Y6,Canada,45.3175,-73.242312,86122.91147802513
3762,J2W1X1,Canada,45.339428,-73.300089,87562.5038073759
3763,J2Y1A4,Canada,45.316467,-73.33814,91481.33630423968
3764,J2W1A4,Canada,45.388543,-73.364339,87721.06221438218
3765,J2W2W9,Canada,45.341819,-73.293964,87032.40343675177
3766,J2X3P2,Canada,45.301219,-73.237398,87198.73507446775
3767,J2W1X7,Canada,45.337692,-73.299383,87656.47058123091
3768,J2W1X7,Canada,45.337692,-73.299383,87656.47058123091
3769,J2W1X5,Canada,45.338174,-73.299579,87630.34371400005
3770,J2W2T7,Canada,45.339089,-73.296275,87373.40362234757
3771,J2X1K3,Canada,45.311539,-73.234698,86205.98762325312
3772,J2W1N1,Canada,45.353964,-73.286847,85696.24149233976
3773,J2W1N1,Canada,45.353964,-73.286847,85696.24149233976
3774,J2W0B1,Canada,45.357268,-73.278104,84947.04747327903
3775,J2W0B1,Canada,45.357268,-73.278104,84947.04747327903
3776,J2W2W9,Canada,45.341819,-73.293964,87032.40343675177
3777,J2W2W9,Canada,45.341819,-73.293964,87032.40343675177
3778,J2W1W5,Canada,45.358974,-73.295766,85823.58987909052
3779,J2W1L8,Canada,45.35275,-73.274366,85083.8823099499
3780,J2Y1B3,Canada,45.307375,-73.308796,90547.46131913459
3781,J2W1X7,Canada,45.337692,-73.299383,87656.47058123091
3782,J2W5S4,Canada,0,0,8672420.421869809
3783,J2W2Y2,Canada,45.339718,-73.294409,87219.675823969
3784,J2W1N9,Canada,45.351176,-73.28201,85636.39890763994
3785,J2X0A3,Canada,45.320485,-73.249843,86284.60156330529
3786,J2X0A3,Canada,45.320485,-73.249843,86284.60156330529
3787,J2W2X4,Canada,45.363292,-73.307753,86189.29178578965
3788,J2W2A8,Canada,45.375847,-73.255266,82227.82045129073
3789,J2W1Z1,Canada,45.342117,-73.298068,87241.30959732868
3790,J2W2Y3,Canada,45.341819,-73.293476,87004.87425388089
3791,J2W1W3,Canada,45.353421,-73.296502,86287.35421132574
3792,J2W1H5,Canada,45.346396,-73.293595,86659.2699763903
3793,J2X3W9,Canada,45.302179,-73.233077,86893.03633121986
3794,J2W2G1,Canada,45.352984,-73.264274,84499.19489370314
3795,J2W2V6,Canada,45.340322,-73.29208,87041.84714126779
3796,J2W1M3,Canada,45.355005,-73.268757,84593.8900159851
3797,J2Y1E4,Canada,45.340698,-73.361884,91020.42336970569
3798,J2W3C6,Canada,45.350772,-73.30487,86966.92826338313
3799,J2Y1A7,Canada,45.315955,-73.318952,90440.36364852462
3800,J2W1X5,Canada,45.338174,-73.299579,87630.34371400005
3801,J2X1T9,Canada,45.307449,-73.237259,86677.45761619984
3802,J2W2K6,Canada,45.354922,-73.29857,86291.4213864799
3803,J2W1A4,Canada,45.388543,-73.364339,87721.06221438218
3804,J2W1W9,Canada,45.339635,-73.297124,87379.14162785008
3805,J2W1W9,Canada,45.339635,-73.297124,87379.14162785008
3806,J2W2T5,Canada,45.358456,-73.276197,84747.82200852458
3807,J2W1V1,Canada,45.350347,-73.302543,86866.19965651003
3808,J2Y1E4,Canada,45.340698,-73.361884,91020.42336970569
3809,J2W0H2,Canada,45.364874,-73.258024,83226.93076931754
3810,J2Y1G9,Canada,45.368383,-73.373577,89703.20258888812
3811,J2W2B1,Canada,45.37357,-73.251894,82211.10588804899
3812,J2X0E3,Canada,45.322527,-73.245194,85869.39149753065
3813,J2W1G4,Canada,45.345457,-73.302082,87212.85518974351
3814,J2X1Z7,Canada,45.304774,-73.227491,86386.0146383317
3815,J2W1C9,Canada,45.341999,-73.280156,86242.53039874861
3816,J2X3J1,Canada,45.301954,-73.239518,87249.25679201691
3817,J2W1Z1,Canada,45.342117,-73.298068,87241.30959732868
3818,J2W2B6,Canada,45.369903,-73.254587,82645.36260322116
3819,J2W1Y3,Canada,45.339602,-73.296213,87330.30553934089
3820,J2W1V1,Canada,45.350347,-73.302543,86866.19965651003
3821,J2W2P1,Canada,45.354335,-73.29973,86402.35317262508
3822,J2Y1A9,Canada,45.3129,-73.317128,90576.5175594066
3823,J2W2Z7,Canada,45.356655,-73.302913,86409.1402631589
3824,J2Y1C3,Canada,45.29119,-73.321506,92528.02886029072
3825,J2W2V5,Canada,45.337026,-73.297679,87611.88166585444
3826,J2W2V6,Canada,45.340322,-73.29208,87041.84714126779
3827,J2W1L4,Canada,45.354783,-73.306432,86752.73943731918
3828,J2W3C8,Canada,45.35808,-73.273333,84614.62475046037
3829,J2X1P1,Canada,45.309723,-73.22564,85879.23010596997
3830,J2Y0A1,Canada,45.317032,-73.314747,90121.23865431765
3831,J2W1X3,Canada,45.342125,-73.299626,87328.87108177746
3832,J2W1Y5,Canada,45.358627,-73.312196,86795.76023048043
3833,J2X2W5,Canada,45.288806,-73.24324,88533.442624111
3834,J2W2V5,Canada,45.337026,-73.297679,87611.88166585444
3835,J2X5S1,Canada,45.265256,-73.241953,90443.8587659717
3836,J2W1G4,Canada,45.345457,-73.302082,87212.85518974351
3837,J2W1Y3,Canada,45.339602,-73.296213,87330.30553934089
3838,J2W3A3,Canada,45.337246,-73.294658,87424.88662947285
3839,J2W2G1,Canada,45.352984,-73.264274,84499.19489370314
3840,J2W3A3,Canada,45.337246,-73.294658,87424.88662947285
3841,J2W3A9,Canada,45.349739,-73.303731,86980.30661048753
3842,J2Y1A6,Canada,45.31615,-73.315979,90258.83840931332
3843,J2W2W9,Canada,45.341819,-73.293964,87032.40343675177
3844,J2W2W4,Canada,45.335383,-73.299307,87830.56727281232
3845,J2Y1E5,Canada,45.343557,-73.374872,91572.86706435756
3846,J2Y1E5,Canada,45.343557,-73.374872,91572.86706435756
3847,J2W3B3,Canada,45.33738,-73.291268,87224.09580392519
3848,J2W2B1,Canada,45.37357,-73.251894,82211.10588804899
3849,J2Y1K9,Canada,45.317967,-73.305572,89536.42601406475
3850,J2W1T9,Canada,45.351607,-73.301753,86725.25317797785
3851,J2W0C8,Canada,45.358681,-73.291022,85574.26944070039
3852,J2W3C6,Canada,45.350772,-73.30487,86966.92826338313
3853,J2Y1L2,Canada,45.318871,-73.300352,89175.41100531805
3854,J2X0A8,Canada,45.318355,-73.239642,85910.78199198844
3855,J2W1X1,Canada,45.339428,-73.300089,87562.5038073759
3856,J2W2P2,Canada,45.341892,-73.295778,87129.18068933043
3857,J2W1J1,Canada,45.349937,-73.291544,86271.33319976277
3858,J2Y1G7,Canada,45.37377,-73.385948,90069.19134964113
3859,J2X5P1,Canada,45.362475,-73.245511,82711.38301086274
3860,J2X3B8,Canada,45.30562,-73.241738,87064.1925058252
3861,J2Y1C4,Canada,45.294589,-73.335832,93051.11655538362
3862,J2Y1C4,Canada,45.294589,-73.335832,93051.11655538362
3863,J2W2T4,Canada,45.340679,-73.294131,87129.79010242938
3864,J2W1Y9,Canada,45.341892,-73.296924,87193.93279715111
3865,J2W1X1,Canada,45.339428,-73.300089,87562.5038073759
3866,J2N2W9,Canada,45.293865,-72.98441,76064.36689965794
3867,J2X4J3,Canada,45.327304,-73.256662,86105.3180156372
3868,J2Y1K5,Canada,45.319163,-73.308534,89608.00512898904
3869,J2X1T9,Canada,45.307449,-73.237259,86677.45761619984
3870,J2N2W9,Canada,45.293865,-72.98441,76064.36689965794
3871,J2W2N2,Canada,45.354335,-73.29973,86402.35317262508
3872,J2W1X5,Canada,45.338174,-73.299579,87630.34371400005
3873,J2W1K3,Canada,45.355957,-73.308255,86769.02030087567
3874,J2W0H2,Canada,45.364874,-73.258024,83226.93076931754
3875,J2W2V6,Canada,45.340322,-73.29208,87041.84714126779
3876,J2W2R1,Canada,45.353279,-73.291608,86019.26960239498
3877,J2X2H6,Canada,45.300204,-73.242812,87566.77843871331
3878,J2X4J2,Canada,45.27877,-73.208577,87607.61430271748
3879,J2W2G6,Canada,45.370166,-73.337523,87424.83070756793
3880,J2W2G6,Canada,45.370166,-73.337523,87424.83070756793
3881,J2W2G6,Canada,45.370166,-73.337523,87424.83070756793
3882,J2W2W9,Canada,45.341819,-73.293964,87032.40343675177
3883,J2W2W9,Canada,45.341819,-73.293964,87032.40343675177
3884,J2Y1K2,Canada,45.317963,-73.310152,89791.9714078276
3885,J2W1K6,Canada,45.352959,-73.305465,86835.18384151708
3886,J2X0E2,Canada,45.322527,-73.245194,85869.39149753065
3887,J2W2V3,Canada,45.337812,-73.295773,87443.80936404398
3888,J2Y1A9,Canada,45.3129,-73.317128,90576.5175594066
3889,J2Y1A9,Canada,45.3129,-73.317128,90576.5175594066
3890,J2W0G3,Canada,45.35979,-73.291143,85496.95923510376
3891,J2W1X2,Canada,45.340141,-73.299386,87467.87848728901
3892,J2W1X2,Canada,45.340141,-73.299386,87467.87848728901
3893,J2W1C4,Canada,45.354006,-73.294624,86135.64931721336
3894,J2X3W3,Canada,45.315247,-73.232421,85781.19010017536
3895,J2W2W9,Canada,45.341819,-73.293964,87032.40343675177
3896,J2W1J5,Canada,45.358763,-73.308677,86582.23190904374
3897,J2X1L1,Canada,45.308769,-73.24196,86817.41968878102
3898,J2W3E7,Canada,45.354997,-73.272825,84823.52126053936
3899,J2W3E7,Canada,45.354997,-73.272825,84823.52126053936
3900,J2W3E7,Canada,45.354997,-73.272825,84823.52126053936
3901,J2W3E7,Canada,45.354997,-73.272825,84823.52126053936
3902,J2Y1A4,Canada,45.316467,-73.33814,91481.33630423968
3903,J2X1G9,Canada,45.313183,-73.227667,85699.9885003071
3904,J2J2Z1,Canada,45.366902,-72.743772,60658.29172563731
3905,J2Y1E6,Canada,45.364976,-73.374978,90030.39328336777
3906,J2Y1B4,Canada,45.309863,-73.307478,90278.51084068336
3907,J2W0C7,Canada,45.355651,-73.289365,85710.48088205779
3908,J2Y0A1,Canada,45.317032,-73.314747,90121.23865431765
3909,J2X5L8,Canada,45.293758,-73.241827,88048.40999221921
3910,J2X4T9,Canada,45.275478,-73.239355,89448.22413830663
3911,J2W1L1,Canada,45.352328,-73.303742,86784.2848126472
3912,J2W2W9,Canada,45.341819,-73.293964,87032.40343675177
3913,J2W1L1,Canada,45.352328,-73.303742,86784.2848126472
3914,J2X5S2,Canada,45.273153,-73.232237,89281.04071946189
3915,J2Y1C3,Canada,45.29119,-73.321506,92528.02886029072
3916,J2X2Y8,Canada,45.305378,-73.242728,87136.36222154375
3917,J2W3B3,Canada,45.33738,-73.291268,87224.09580392519
3918,J2W1N5,Canada,45.348731,-73.268744,85080.21193795792
3919,J2W0G3,Canada,45.35979,-73.291143,85496.95923510376
3920,J2W2S8,Canada,45.347984,-73.29541,86640.38335918022
3921,J2W1L1,Canada,45.352328,-73.303742,86784.2848126472
3922,J2W1W8,Canada,45.354425,-73.298024,86297.93823161478
3923,J2N2J2,Canada,45.278248,-72.977376,77291.19656601553
3924,J2X3X2,Canada,45.301062,-73.233336,86999.14691196877
3925,J2Y1H1,Canada,45.34181,-73.33169,89184.57870190329
3926,J2Y1A4,Canada,45.316467,-73.33814,91481.33630423968
3927,J2X2S2,Canada,45.289266,-73.229938,87806.05330666459
3928,J2W1L7,Canada,45.352356,-73.273,85037.48348489235
3929,J2X4L5,Canada,45.316578,-73.228284,85453.1960671031
3930,J2X4X4,Canada,45.292339,-73.241805,88165.03377770174
3931,J2Y1C1,Canada,45.296296,-73.325999,92371.87545286448
3932,J2Y1B8,Canada,45.294894,-73.314003,91822.11375857951
3933,J2Y1A4,Canada,45.316467,-73.33814,91481.33630423968
3934,J2Y1E1,Canada,45.330399,-73.352017,91215.41082777726
3935,J2X5N7,Canada,45.316058,-73.229226,85545.67733814627
3936,J2W3B3,Canada,45.33738,-73.291268,87224.09580392519
3937,J2X5M2,Canada,45.316065,-73.22799,85479.82536382398
3938,J2Y1A7,Canada,45.315955,-73.318952,90440.36364852462
3939,J2W3B4,Canada,45.336081,-73.293828,87468.53847806907
3940,J2W2G2,Canada,45.351976,-73.261526,84424.09239670311
3941,J2X2S2,Canada,45.289266,-73.229938,87806.05330666459
3942,J2X1A2,Canada,45.316798,-73.237379,85917.25585500138
3943,J2X4T9,Canada,45.275478,-73.239355,89448.22413830663
3944,J2N0K2,Canada,45.275648,-72.970851,77292.18836176001
3945,J2W1L1,Canada,45.352328,-73.303742,86784.2848126472
3946,J2N2C9,Canada,45.284677,-72.977976,76693.42498355232
3947,J2W2Z2,Canada,45.359028,-73.304129,86300.05501372923
3948,J2X1S4,Canada,45.308209,-73.23014,86240.33521426911
3949,J2X4Z9,Canada,45.292367,-73.233336,87722.3732806704
3950,J2N2W2,Canada,45.279408,-72.988898,77629.87871430464
3951,J2W2N3,Canada,45.34673,-73.277156,85706.86276486686
3952,J2W2W5,Canada,45.345079,-73.266798,85256.68891752118
3953,J2W2S5,Canada,45.347994,-73.274135,85439.33432325373
3954,J2W2X7,Canada,45.339696,-73.292532,87115.70045348024
3955,J2X5T9,Canada,45.329206,-73.236351,84853.64283246356
3956,J2W1X1,Canada,45.339428,-73.300089,87562.5038073759
3957,J2X5J4,Canada,45.315597,-73.22708,85470.29967242654
3958,J2X5J4,Canada,45.315597,-73.22708,85470.29967242654
3959,J2X1Z9,Canada,45.305137,-73.236409,86823.2135660457
3960,J2W2E6,Canada,45.354299,-73.261373,84234.5727141552
3961,J2W2E6,Canada,45.354299,-73.261373,84234.5727141552
3962,J2W1E1,Canada,45.341257,-73.276558,86099.26055057136
3963,J2X3M6,Canada,45.308891,-73.239811,86693.6829457804
3964,J2X1W8,Canada,45.306462,-73.236496,86718.54635707194
3965,J2X1T7,Canada,45.306925,-73.239483,86837.87133762773
3966,J2X5S1,Canada,45.265256,-73.241953,90443.8587659717
3967,J2X5C6,Canada,45.297485,-73.227652,87000.70010256501
3968,J2X2V4,Canada,45.276214,-73.232269,89023.81160450645
3969,J2W2B5,Canada,45.372159,-73.254362,82459.17977919134
3970,J2X4S8,Canada,45.296216,-73.237528,87620.03656582012
3971,J2W0J9,Canada,45.337322,-73.291298,87230.27923813634
3972,J2X4L3,Canada,45.310496,-73.225672,85816.97820973763
3973,J2X5K2,Canada,45.310496,-73.225672,85816.97820973763
3974,J2X1V8,Canada,45.307481,-73.225621,86063.87509440484
3975,J2X2V3,Canada,45.276214,-73.232269,89023.81160450645
3976,J2X5S2,Canada,45.273153,-73.232237,89281.04071946189
3977,J2X1K3,Canada,45.311539,-73.234698,86205.98762325312
3978,J2W1P9,Canada,45.346205,-73.270025,85348.6236510478
3979,J2W1L1,Canada,45.352328,-73.303742,86784.2848126472
3980,J2W1V4,Canada,45.349271,-73.301101,86865.83659133491
3981,J2X5K5,Canada,45.312814,-73.239712,86366.92114470951
3982,J2X1G4,Canada,45.313091,-73.242005,86466.08448872488
3983,J2X2W7,Canada,45.27189,-73.241288,89849.47548339938
3984,J2W2P2,Canada,45.341892,-73.295778,87129.18068933043
3985,J2W2P2,Canada,45.341892,-73.295778,87129.18068933043
3986,J2X5P1,Canada,45.362475,-73.245511,82711.38301086274
3987,J2W1L7,Canada,45.352356,-73.273,85037.48348489235
3988,J2W1R1,Canada,45.345614,-73.269998,85393.22101613258
3989,J2X4R6,Canada,45.305822,-73.236439,86768.29911457255
3990,J2X2Z3,Canada,45.303011,-73.242725,87330.87705668915
3991,J2W1M5,Canada,45.36054,-73.268103,84129.7331545864
3992,J2W1M2,Canada,45.354633,-73.268452,84605.54382333632
3993,J2W1R1,Canada,45.345614,-73.269998,85393.22101613258
3994,J2X4M7,Canada,45.289266,-73.229938,87806.05330666459
3995,J2X5F5,Canada,0,0,8672420.421869809
3996,J2X1A2,Canada,45.316798,-73.237379,85917.25585500138
3997,J2X8P5,Canada,0,0,8672420.421869809
3998,J2W0G2,Canada,45.360475,-73.291563,85469.03010717893
3999,J2X2H3,Canada,45.300642,-73.23484,87112.57485205749
4000,J2W2B5,Canada,45.372159,-73.254362,82459.17977919134
4001,J2W1S7,Canada,45.349051,-73.279044,85633.16288745328
4002,J2W1P9,Canada,45.346205,-73.270025,85348.6236510478
4003,J2X4L3,Canada,45.310496,-73.225672,85816.97820973763
4004,J2X4B7,Canada,45.29289,-73.23016,87514.23621231123
4005,J2W1W3,Canada,45.353421,-73.296502,86287.35421132574
4006,J2W1Y3,Canada,45.339602,-73.296213,87330.30553934089
4007,J2X5C6,Canada,45.297485,-73.227652,87000.70010256501
4008,J2X4B1,Canada,45.297009,-73.230025,87163.52680383364
4009,J2X4R6,Canada,45.305822,-73.236439,86768.29911457255
4010,J2X1Z4,Canada,45.30533,-73.225611,86241.7620658221
4011,J2X5A3,Canada,45.298319,-73.227412,86918.70572468454
4012,J2X2X9,Canada,45.291933,-73.242889,88255.28977453405
4013,J2X5A7,Canada,45.290958,-73.237485,88055.11045165078
4014,J2N2K1,Canada,45.28361,-72.974376,76656.2498343475
4015,J2X5A3,Canada,45.298319,-73.227412,86918.70572468454
4016,J2X4B7,Canada,45.29289,-73.23016,87514.23621231123
4017,J2X1M9,Canada,45.308558,-73.239145,86685.81857619464
4018,J2X4Y2,Canada,45.298319,-73.227412,86918.70572468454
4019,J2X4J1,Canada,45.319436,-73.208916,84200.04446573039
4020,J2X1X2,Canada,45.30675,-73.230121,86359.92627081923
4021,J2X2X9,Canada,45.291933,-73.242889,88255.28977453405
4022,J2X5M8,Canada,45.334054,-73.23957,84636.33484769004
4023,J2X5L8,Canada,45.293758,-73.241827,88048.40999221921
4024,J2W1M2,Canada,45.354633,-73.268452,84605.54382333632
4025,J2W2Z2,Canada,45.359028,-73.304129,86300.05501372923
4026,J2X3G1,Canada,45.315917,-73.244916,86390.81952706975
4027,J2X1E9,Canada,45.31442,-73.234845,85977.33786701738
4028,J2W1S1,Canada,45.351186,-73.27781,85398.6890616556
4029,J2W1M5,Canada,45.36054,-73.268103,84129.7331545864
4030,J2X1C2,Canada,45.315205,-73.237296,86043.05201793813
4031,J2X1B6,Canada,45.315139,-73.244685,86441.81327063
4032,J2X2G6,Canada,45.301012,-73.244483,87588.10956974578
4033,J2X3W9,Canada,45.302179,-73.233077,86893.03633121986
4034,J2X5T9,Canada,45.329206,-73.236351,84853.64283246356
4035,J2X4B1,Canada,45.297009,-73.230025,87163.52680383364
4036,J2X4B5,Canada,45.293128,-73.229967,87484.3621515792
4037,J2W1E1,Canada,45.341257,-73.276558,86099.26055057136
4038,J2X1X3,Canada,45.306754,-73.228042,86250.71833060139
4039,J2X1L8,Canada,45.310955,-73.232516,86138.87938029981
4040,J2W1Y3,Canada,45.339602,-73.296213,87330.30553934089
4041,J2W2L2,Canada,45.362142,-73.3077,86272.30716940125
4042,J2X2V4,Canada,45.276214,-73.232269,89023.81160450645
4043,J2X5J1,Canada,45.317505,-73.239878,85992.63252583958
4044,J2X5V1,Canada,45.298305,-73.188104,84910.86535537768
4045,J2Y1C3,Canada,45.29119,-73.321506,92528.02886029072
4046,J2W2Y7,Canada,45.369687,-73.258131,82862.39768524698
4047,J2W2Y7,Canada,45.369687,-73.258131,82862.39768524698
4048,J2X4B7,Canada,45.29289,-73.23016,87514.23621231123
4049,J2X5V1,Canada,45.298305,-73.188104,84910.86535537768
4050,J2X2G7,Canada,45.301016,-73.242443,87480.40091107709
4051,J2X4B5,Canada,45.293128,-73.229967,87484.3621515792
4052,J2X1E1,Canada,45.313475,-73.244188,86550.92477508652
4053,J2W2E6,Canada,45.354299,-73.261373,84234.5727141552
4054,J2X5S5,Canada,45.270372,-73.238634,89842.06382749318
4055,J2X2M3,Canada,45.29843,-73.234028,87253.6489884326
4056,J2X5T6,Canada,45.318749,-73.22777,85247.80351866885
4057,J2X4J2,Canada,45.27877,-73.208577,87607.61430271748
4058,J2X4C3,Canada,45.279827,-73.229641,88584.60012081993
4059,J2X7B4,Canada,0,0,8672420.421869809
4060,J2X5K5,Canada,45.312814,-73.239712,86366.92114470951
4061,J2Y1C5,Canada,45.309748,-73.342992,92272.93090026359
4062,J2X1T7,Canada,45.306925,-73.239483,86837.87133762773
4063,J2W1T9,Canada,45.351607,-73.301753,86725.25317797785
4064,J2K0E4,Canada,45.191199,-72.745867,79417.49187536737
4065,J2X5V4,Canada,45.293758,-73.241827,88048.40999221921
4066,J2X4T5,Canada,45.314354,-73.245755,86562.84759403802
4067,J2X5V4,Canada,45.293758,-73.241827,88048.40999221921
4068,J2X5N6,Canada,45.348106,-73.252127,84205.16520332449
4069,J2X4L8,Canada,45.276216,-73.239358,89386.26668806464
4070,J2X1W8,Canada,45.306462,-73.236496,86718.54635707194
4071,J2W1E9,Canada,45.36247,-73.308273,86280.91290131734
4072,J2W2S4,Canada,45.340275,-73.294615,87188.26375543367
4073,J2X4X3,Canada,45.281384,-73.240027,88986.71650081787
4074,J2X4J3,Canada,45.327304,-73.256662,86105.3180156372
4075,J2X4J3,Canada,45.327304,-73.256662,86105.3180156372
4076,J2X4J3,Canada,45.327304,-73.256662,86105.3180156372
4077,J2X3V6,Canada,45.303045,-73.234433,86892.32599348709
4078,J2X5T5,Canada,45.308387,-73.209206,85135.30533297123
4079,J2X5T5,Canada,45.308387,-73.209206,85135.30533297123
4080,J2W1M8,Canada,45.373017,-73.259206,82668.13411279593
4081,J2W0L1,Canada,45.337322,-73.291298,87230.27923813634
4082,J2X1T9,Canada,45.307449,-73.237259,86677.45761619984
4083,J2X4J2,Canada,45.27877,-73.208577,87607.61430271748
4084,J2X5V4,Canada,45.293758,-73.241827,88048.40999221921
4085,J2W1E9,Canada,45.36247,-73.308273,86280.91290131734
4086,J2X0E3,Canada,45.322527,-73.245194,85869.39149753065
4087,J2W2G4,Canada,45.352661,-73.259317,84247.38309747662
4088,J2X1Z8,Canada,45.305137,-73.236409,86823.2135660457
4089,J2X3W8,Canada,45.303381,-73.233077,86793.50209039792
4090,J2X2E7,Canada,45.303054,-73.233259,86830.09774575499
4091,J2X2Z1,Canada,45.304199,-73.242727,87233.23065488039
4092,J2W1M2,Canada,45.354633,-73.268452,84605.54382333632
4093,J2W1L9,Canada,45.351978,-73.276943,85288.67722593572
4094,J2X2E7,Canada,45.303054,-73.233259,86830.09774575499
4095,J2W0E5,Canada,45.361577,-73.297569,85730.34741191899
4096,J2W2B3,Canada,45.371559,-73.256467,82624.44590643821
4097,J2W2B3,Canada,45.371559,-73.256467,82624.44590643821
4098,J2W0E5,Canada,45.361577,-73.297569,85730.34741191899
4099,J2X5T4,Canada,45.323493,-73.207547,83792.40177750245
4100,J2X5T1,Canada,45.267434,-73.229725,89639.1669444093
4101,J2X4J1,Canada,45.319436,-73.208916,84200.04446573039
4102,J2Y1L9,Canada,45.319099,-73.303586,89337.28788653386
4103,J2W0E7,Canada,45.360591,-73.261785,83769.60523459622
4104,J2Y1C9,Canada,45.319318,-73.344293,91612.36400885782
4105,J2W2K6,Canada,45.354922,-73.29857,86291.4213864799
4106,J2W1J4,Canada,45.358063,-73.310831,86759.17626720897
4107,J2N2P9,Canada,45.265913,-72.937379,77009.40278776865
4108,J2X0C7,Canada,45.32146,-73.243527,85866.28250682131
4109,J2W1C1,Canada,45.362222,-73.30758,86259.37159046368
4110,J2W1X1,Canada,45.339428,-73.300089,87562.5038073759
4111,J2W1X1,Canada,45.339428,-73.300089,87562.5038073759
4112,J2X4L8,Canada,45.276216,-73.239358,89386.26668806464
4113,J2X1L5,Canada,45.309596,-73.238388,86560.56549857985
4114,J2W0C7,Canada,45.355651,-73.289365,85710.48088205779
4115,J2W2R6,Canada,45.358245,-73.294701,85817.82980228028
4116,J2X5S5,Canada,45.270372,-73.238634,89842.06382749318
4117,J2X2N2,Canada,45.297673,-73.24164,87714.33554705004
4118,J2X1Z8,Canada,45.305137,-73.236409,86823.2135660457
4119,J2X4J2,Canada,45.27877,-73.208577,87607.61430271748
4120,J2X5M8,Canada,45.334054,-73.23957,84636.33484769004
4121,J2X4M7,Canada,45.289266,-73.229938,87806.05330666459
4122,J2X4M7,Canada,45.289266,-73.229938,87806.05330666459
4123,J2Y1H1,Canada,45.34181,-73.33169,89184.57870190329
4124,J2Y1J5,Canada,45.354825,-73.36369,90089.98741024714
4125,J2X1Z9,Canada,45.305137,-73.236409,86823.2135660457
4126,J2X5S6,Canada,45.266632,-73.241885,90323.95802885466
4127,J2W0H3,Canada,45.362142,-73.3077,86272.30716940125
4128,J2W1C4,Canada,45.354006,-73.294624,86135.64931721336
4129,J2W0E5,Canada,45.361577,-73.297569,85730.34741191899
4130,J2X5R9,Canada,45.347483,-73.255788,84456.80214568076
4131,J2X4N1,Canada,45.2924,-73.231454,87622.13829033126
4132,J2W2W8,Canada,45.365691,-73.30267,85715.4492133511
4133,J2X5J1,Canada,45.317505,-73.239878,85992.63252583958
4134,J2X5A3,Canada,45.298319,-73.227412,86918.70572468454
4135,J2W1X1,Canada,45.339428,-73.300089,87562.5038073759
4136,J2X5S1,Canada,45.265256,-73.241953,90443.8587659717
4137,J2W2B8,Canada,45.370488,-73.252827,82500.91214110646
4138,J2X4B7,Canada,45.29289,-73.23016,87514.23621231123
4139,J2X2E1,Canada,45.303016,-73.239562,87163.94372420479
4140,J2X1K2,Canada,45.310785,-73.237618,86422.24667392108
4141,J2X5N1,Canada,45.330303,-73.236726,84785.1298600437
4142,J2X4B2,Canada,45.297009,-73.230025,87163.52680383364
4143,J2X4T1,Canada,45.292347,-73.239497,88044.09825577844
4144,J2W2S5,Canada,45.347994,-73.274135,85439.33432325373
4145,J2X4J3,Canada,45.327304,-73.256662,86105.3180156372
4146,J2X4Y2,Canada,45.298319,-73.227412,86918.70572468454
4147,J2X5S5,Canada,45.270372,-73.238634,89842.06382749318
4148,J2W1M2,Canada,45.354633,-73.268452,84605.54382333632
4149,J2X1P1,Canada,45.309723,-73.22564,85879.23010596997
4150,J2W1P9,Canada,45.346205,-73.270025,85348.6236510478
4151,J2X3T5,Canada,45.315205,-73.237296,86043.05201793813
4152,J2W1P9,Canada,45.346205,-73.270025,85348.6236510478
4153,J2X5J8,Canada,45.31146,-73.226402,85775.62250552906
4154,J2X5J8,Canada,45.31146,-73.226402,85775.62250552906
4155,J2X5J8,Canada,45.31146,-73.226402,85775.62250552906
4156,J2W2X5,Canada,45.361159,-73.292025,85443.65467144277
4157,J2Y1C3,Canada,45.29119,-73.321506,92528.02886029072
4158,J2Y1C1,Canada,45.296296,-73.325999,92371.87545286448
4159,J2X4T9,Canada,45.275478,-73.239355,89448.22413830663
4160,J2X5C2,Canada,45.290666,-73.231361,87762.27946207213
4161,J2X4Z9,Canada,45.292367,-73.233336,87722.3732806704
4162,J2W1M3,Canada,45.355005,-73.268757,84593.8900159851
4163,J2X1T7,Canada,45.306925,-73.239483,86837.87133762773
4164,J2X3W9,Canada,45.302179,-73.233077,86893.03633121986
4165,J2X3X8,Canada,45.30926,-73.231191,86208.78960066198
4166,J2X5N7,Canada,45.316058,-73.229226,85545.67733814627
4167,J2X4T9,Canada,45.275478,-73.239355,89448.22413830663
4168,J2X3R7,Canada,45.310059,-73.238613,86534.45776146554
4169,J2W1M2,Canada,45.354633,-73.268452,84605.54382333632
4170,J2X5A7,Canada,45.290958,-73.237485,88055.11045165078
4171,J2X3J1,Canada,45.301954,-73.239518,87249.25679201691
4172,J2W1H4,Canada,45.346529,-73.295468,86755.1989338087
4173,J2Y1M2,Canada,45.318871,-73.300352,89175.41100531805
4174,J2X5E5,Canada,45.303887,-73.225567,86359.32172927477
4175,J2X5E5,Canada,45.303887,-73.225567,86359.32172927477
4176,J2W1G3,Canada,45.349,-73.29922,86779.32412799631
4177,J2W1G3,Canada,45.349,-73.29922,86779.32412799631
4178,J2X5P9,Canada,45.315891,-73.248356,86576.91987549575
4179,J2X3A3,Canada,45.299433,-73.241841,87579.40813951357
4180,J2Y1A4,Canada,45.316467,-73.33814,91481.33630423968
4181,J2Y1A4,Canada,45.316467,-73.33814,91481.33630423968
4182,J2W1A8,Canada,45.392368,-73.386058,88784.44712226196
4183,J2X4R6,Canada,45.305822,-73.236439,86768.29911457255
4184,J2Y1J9,Canada,45.317963,-73.310152,89791.9714078276
4185,J2K4V3,Canada,45.265303,-72.792939,72604.6896214487
4186,J2X5S5,Canada,45.270372,-73.238634,89842.06382749318
4187,J2X5E4,Canada,45.303492,-73.222886,86252.68433114963
4188,J2X0E9,Canada,45.31751,-73.23621,85796.92885559106
4189,J2W2S5,Canada,45.347994,-73.274135,85439.33432325373
4190,J2S0L7,Canada,45.63818,-72.97214,46529.99650106498
4191,J2X5T5,Canada,45.308387,-73.209206,85135.30533297123
4192,J2W1T1,Canada,45.371725,-73.303826,85332.40587944177
4193,J2W1W2,Canada,45.379339,-73.280263,83396.90224247874
4194,J2W1A6,Canada,45.384983,-73.378425,88827.37473366127
4195,J2X4W7,Canada,45.295712,-73.227672,87149.71337991014
4196,J2Y1H4,Canada,45.29215,-73.360349,94611.28779558364
4197,J2X0E9,Canada,45.31751,-73.23621,85796.92885559106
4198,J2S0L7,Canada,45.63818,-72.97214,46529.99650106498
4199,J2Y1L5,Canada,45.320838,-73.303074,89172.70714837253
4200,J2X1T6,Canada,45.306925,-73.239483,86837.87133762773
4201,J2W2R8,Canada,45.35395,-73.274389,84992.49475378412
4202,J2W2A8,Canada,45.375847,-73.255266,82227.82045129073
4203,J2W0K6,Canada,45.337322,-73.291298,87230.27923813634
4204,J2X5T9,Canada,45.329206,-73.236351,84853.64283246356
4205,J2W2L2,Canada,45.362142,-73.3077,86272.30716940125
4206,J2W0K6,Canada,45.337322,-73.291298,87230.27923813634
4207,J2X4L3,Canada,45.310496,-73.225672,85816.97820973763
4208,J2X4W7,Canada,45.295712,-73.227672,87149.71337991014
4209,J2X5C2,Canada,45.290666,-73.231361,87762.27946207213
4210,J2X2H7,Canada,45.300202,-73.243845,87621.27121619422
4211,J2W1T9,Canada,45.351607,-73.301753,86725.25317797785
4212,J2N2P,Canada,0,0,8672420.421869809
4213,J2X4J8,Canada,45.305822,-73.236439,86768.29911457255
4214,J2X2P5,Canada,45.296979,-73.235042,87427.03156821882
4215,J2W1K8,Canada,45.354224,-73.301639,86520.06693460082
4216,J2X1G4,Canada,45.313091,-73.242005,86466.08448872488
4217,J2X2T3,Canada,45.276923,-73.229787,88837.34906676204
4218,J2X4J2,Canada,45.27877,-73.208577,87607.61430271748
4219,J2X1V4,Canada,45.307497,-73.230123,86298.27352390632
4220,J2X1V4,Canada,45.307497,-73.230123,86298.27352390632
4221,J2X0E1,Canada,45.31386,-73.242288,86418.3377557293
4222,J2X5J4,Canada,45.315597,-73.22708,85470.29967242654
4223,J2X2P5,Canada,45.296979,-73.235042,87427.03156821882
4224,J2X2T7,Canada,45.27692,-73.23481,89094.02729084597
4225,J2X5V1,Canada,45.298305,-73.188104,84910.86535537768
4226,J2X5V1,Canada,45.298305,-73.188104,84910.86535537768
4227,J2X1L6,Canada,45.309596,-73.238388,86560.56549857985
4228,J2X5R3,Canada,45.26602,-73.230814,89814.51270067423
4229,J2W1E1,Canada,45.341257,-73.276558,86099.26055057136
4230,J2X2W7,Canada,45.27189,-73.241288,89849.47548339938
4231,J2X2W7,Canada,45.27189,-73.241288,89849.47548339938
4232,J2W1G3,Canada,45.349,-73.29922,86779.32412799631
4233,J2X1T7,Canada,45.306925,-73.239483,86837.87133762773
4234,J2X3N1,Canada,45.3075,-73.239165,86773.81205683452
4235,J2H0S1,Canada,45.38674,-72.692763,57331.031848991195
4236,J2X0A5,Canada,45.320375,-73.239063,85715.41961159783
4237,J2X1P2,Canada,45.306806,-73.243438,87056.65475344242
4238,J2X4W7,Canada,45.295712,-73.227672,87149.71337991014
4239,J2X1G4,Canada,45.313091,-73.242005,86466.08448872488
4240,J2X2E7,Canada,45.303054,-73.233259,86830.09774575499
4241,J2X3A5,Canada,45.303178,-73.232928,86802.50609166376
4242,J2X3A5,Canada,45.303178,-73.232928,86802.50609166376
4243,J2Y1H1,Canada,45.34181,-73.33169,89184.57870190329
4244,J2X2X4,Canada,45.301786,-73.24386,87491.54655036748
4245,J2X1X3,Canada,45.306754,-73.228042,86250.71833060139
4246,J2N1H4,Canada,45.290939,-72.987823,76480.85818089877
4247,J2X2E7,Canada,45.303054,-73.233259,86830.09774575499
4248,J2X1Z4,Canada,45.30533,-73.225611,86241.7620658221
4249,J2X5T6,Canada,45.318749,-73.22777,85247.80351866885
4250,J2X4Z9,Canada,45.292367,-73.233336,87722.3732806704
4251,J2Y1M2,Canada,45.318871,-73.300352,89175.41100531805
4252,J2X2G7,Canada,45.301016,-73.242443,87480.40091107709
4253,J2X2G7,Canada,45.301016,-73.242443,87480.40091107709
4254,J2X1M3,Canada,45.307781,-73.242667,86935.87019915358
4255,J2X2T7,Canada,45.27692,-73.23481,89094.02729084597
4256,J2X4V2,Canada,45.279957,-73.241272,89170.49698472908
4257,J2X5M4,Canada,45.317538,-73.237443,85860.23559911412
4258,J2W2R8,Canada,45.35395,-73.274389,84992.49475378412
4259,J2X2E7,Canada,45.303054,-73.233259,86830.09774575499
4260,J2X2G8,Canada,45.301016,-73.242443,87480.40091107709
4261,J2X2H2,Canada,45.300642,-73.23484,87112.57485205749
4262,J2X3W9,Canada,45.302179,-73.233077,86893.03633121986
4263,J2W2A5,Canada,45.376296,-73.25121,81963.18544900506
4264,J2X1L8,Canada,45.310955,-73.232516,86138.87938029981
4265,J2X4S9,Canada,45.292347,-73.239497,88044.09825577844
4266,J2W2K6,Canada,45.354922,-73.29857,86291.4213864799
4267,J2W1L2,Canada,45.353473,-73.300526,86513.33453594879
4268,J2Y1B1,Canada,45.308447,-73.314249,90765.04583023404
4269,J2W0K6,Canada,45.337322,-73.291298,87230.27923813634
4270,J2X4J3,Canada,45.327304,-73.256662,86105.3180156372
4271,J2X1S7,Canada,45.308211,-73.225624,86003.55162664768
4272,J2X2E2,Canada,45.303016,-73.239562,87163.94372420479
4273,J2X5N6,Canada,45.348106,-73.252127,84205.16520332449
4274,J2X5N3,Canada,45.317989,-73.223022,85059.53949328494
4275,J2X5B8,Canada,45.292344,-73.240389,88090.80617149227
4276,J2W0A5,Canada,45.358663,-73.258905,83757.19280284682
4277,J2X1X2,Canada,45.30675,-73.230121,86359.92627081923
4278,J2X1X2,Canada,45.30675,-73.230121,86359.92627081923
4279,J2X4Y9,Canada,45.282821,-73.241589,88947.05300000236
4280,J2X4Y9,Canada,45.282821,-73.241589,88947.05300000236
4281,J2X1E2,Canada,45.31386,-73.242288,86418.3377557293
4282,J2W2G5,Canada,45.355392,-73.266182,84419.22376120502
4283,J2X5N2,Canada,45.276363,-73.202023,87486.12713842484
4284,J2X5N1,Canada,45.330303,-73.236726,84785.1298600437
4285,J2W2H1,Canada,45.327396,-73.29787,88370.30386859697
4286,J2W2N3,Canada,45.34673,-73.277156,85706.86276486686
4287,J2X4J3,Canada,45.327304,-73.256662,86105.3180156372
4288,J2X4J1,Canada,45.319436,-73.208916,84200.04446573039
4289,J2W2W8,Canada,45.365691,-73.30267,85715.4492133511
4290,J2X3X2,Canada,45.301062,-73.233336,86999.14691196877
4291,J2W0G2,Canada,45.360475,-73.291563,85469.03010717893
4292,J2W0G2,Canada,45.360475,-73.291563,85469.03010717893
4293,J2Y1B2,Canada,45.309568,-73.312175,90561.93466096783
4294,J2X5M2,Canada,45.316065,-73.22799,85479.82536382398
4295,J2W2E6,Canada,45.354299,-73.261373,84234.5727141552
4296,J2Y1E5,Canada,45.343557,-73.374872,91572.86706435756
4297,J2W1V5,Canada,45.368365,-73.26296,83237.4424196694
4298,J2W1T9,Canada,45.351607,-73.301753,86725.25317797785
4299,J2Y1E5,Canada,45.343557,-73.374872,91572.86706435756
4300,J2W2W1,Canada,45.338476,-73.294671,87330.43471184588
4301,J2X5S5,Canada,45.270372,-73.238634,89842.06382749318
4302,J2W1Y9,Canada,45.341892,-73.296924,87193.93279715111
4303,J2Y1H1,Canada,45.34181,-73.33169,89184.57870190329
4304,J2Y1H1,Canada,45.34181,-73.33169,89184.57870190329
4305,J2X4R6,Canada,45.305822,-73.236439,86768.29911457255
4306,J2X3P5,Canada,45.275503,-73.232266,89083.73603992058
4307,J2X1L5,Canada,45.309596,-73.238388,86560.56549857985
4308,J2Y1M4,Canada,45.320435,-73.305354,89331.28037135472
4309,J2Y1H4,Canada,45.29215,-73.360349,94611.28779558364
4310,J2W1G8,Canada,45.344396,-73.290545,86640.7524249321
4311,J2X5T4,Canada,45.323493,-73.207547,83792.40177750245
4312,J2W2E7,Canada,45.356507,-73.265067,84270.20703689528
4313,J2X5T5,Canada,45.308387,-73.209206,85135.30533297123
4314,J2W0B6,Canada,45.349296,-73.29497,86514.94982662627
4315,J2X5S8,Canada,45.342014,-73.232775,83628.94782421595
4316,J2W1Y5,Canada,45.358627,-73.312196,86795.76023048043
4317,J2X5S5,Canada,45.270372,-73.238634,89842.06382749318
4318,J2W3B6,Canada,45.342129,-73.2921,86903.35920394858
4319,J2W3C6,Canada,45.350772,-73.30487,86966.92826338313
4320,J2X3X2,Canada,45.301062,-73.233336,86999.14691196877
4321,J2X2G7,Canada,45.301016,-73.242443,87480.40091107709
4322,J2W3A1,Canada,45.337182,-73.301085,87791.8295073692
4323,J2W0B1,Canada,45.357268,-73.278104,84947.04747327903
4324,J2X1T7,Canada,45.306925,-73.239483,86837.87133762773
4325,J2X5B5,Canada,45.300926,-73.231783,86929.32830960695
4326,J2W3E8,Canada,45.353414,-73.289512,85889.73928229019
4327,J2X4Y6,Canada,45.3175,-73.242312,86122.91147802513
4328,J2W1X7,Canada,45.337692,-73.299383,87656.47058123091
4329,J2W1E3,Canada,45.340983,-73.269516,85728.60162637051
4330,J2W3C6,Canada,45.350772,-73.30487,86966.92826338313
4331,J2W3C6,Canada,45.350772,-73.30487,86966.92826338313
4332,J2W3C6,Canada,45.350772,-73.30487,86966.92826338313
4333,J2W3C6,Canada,45.350772,-73.30487,86966.92826338313
4334,J2W1R4,Canada,45.346199,-73.269374,85312.75480735487
4335,J2S0L7,Canada,45.63818,-72.97214,46529.99650106498
4336,J2W2A9,Canada,45.373806,-73.250659,82123.09547050165
4337,J2W2V3,Canada,45.337812,-73.295773,87443.80936404398
4338,J2A0A7,Canada,45.847568,-72.430053,5581.316790048615
4339,J2Y1B2,Canada,45.309568,-73.312175,90561.93466096783
4340,J2N0C5,Canada,45.27435,-72.962177,77089.53993928051
4341,J2W2W3,Canada,45.359838,-73.300074,86005.61972420431
4342,J2X1H4,Canada,45.312923,-73.212374,84921.22752608413
4343,J2W2R9,Canada,45.339027,-73.298842,87522.97650230864
4344,J2X5N1,Canada,45.330303,-73.236726,84785.1298600437
4345,J2X0E3,Canada,45.322527,-73.245194,85869.39149753065
4346,J2W1P9,Canada,45.346205,-73.270025,85348.6236510478
4347,J2X5P2,Canada,45.317455,-73.210229,84432.92306187116
4348,J2W0K1,Canada,45.337322,-73.291298,87230.27923813634
4349,J2X1V3,Canada,45.30755,-73.23067,86322.5886656267
4350,J2W3E6,Canada,45.354655,-73.271103,84752.94343145889
4351,J2W3E9,Canada,45.348685,-73.296252,86634.54948854035
4352,J2X5N1,Canada,45.330303,-73.236726,84785.1298600437
4353,J2W2Y6,Canada,45.348012,-73.277565,85630.4226738185
4354,J2W1T8,Canada,45.35222,-73.299247,86535.46940503428
4355,J2W1Y6,Canada,45.361803,-73.311416,86512.8731694763
4356,J2W1Y3,Canada,45.339602,-73.296213,87330.30553934089
4357,J2W3B5,Canada,45.362638,-73.309087,86315.48412396452
4358,J2W1X7,Canada,45.337692,-73.299383,87656.47058123091
4359,J2W2Y3,Canada,45.341819,-73.293476,87004.87425388089
4360,J2W3E6,Canada,45.354655,-73.271103,84752.94343145889
4361,J2X3A5,Canada,45.303178,-73.232928,86802.50609166376
4362,J2N0G7,Canada,45.275648,-72.970851,77292.18836176001
4363,J2W1M2,Canada,45.354633,-73.268452,84605.54382333632
4364,J2W1N2,Canada,45.350406,-73.286815,85967.33489505299
4365,J2W2W9,Canada,45.341819,-73.293964,87032.40343675177
4366,J2W2P1,Canada,45.354335,-73.29973,86402.35317262508
4367,J2W2N3,Canada,45.34673,-73.277156,85706.86276486686
4368,J2W1L6,Canada,45.353143,-73.273001,84976.66490752903
4369,J2X5T4,Canada,45.323493,-73.207547,83792.40177750245
4370,J2W3C8,Canada,45.35808,-73.273333,84614.62475046037
4371,J2X5M2,Canada,45.316065,-73.22799,85479.82536382398
4372,J2W1E7,Canada,45.363462,-73.305499,86046.08421496338
4373,J2X3T5,Canada,45.315205,-73.237296,86043.05201793813
4374,J2W2G6,Canada,45.370166,-73.337523,87424.83070756793
4375,J2Y1A8,Canada,45.316187,-73.320335,90499.80589129546
4376,J2W1H5,Canada,45.346396,-73.293595,86659.2699763903
4377,J2X1K6,Canada,45.312268,-73.229528,85873.34744786617
4378,J2W2C1,Canada,45.369157,-73.255103,82731.94202773977
4379,J2W1X7,Canada,45.337692,-73.299383,87656.47058123091
4380,J2Y1E5,Canada,45.343557,-73.374872,91572.86706435756
4381,J2W2S4,Canada,45.340275,-73.294615,87188.26375543367
4382,J2X5K4,Canada,45.310966,-73.228038,85902.32429469812
4383,J2X5B7,Canada,45.308117,-73.234709,86488.10635861223
4384,J2W0G2,Canada,45.360475,-73.291563,85469.03010717893
4385,J2X5N1,Canada,45.330303,-73.236726,84785.1298600437
4386,J2W2Y6,Canada,45.348012,-73.277565,85630.4226738185
4387,J2W2W8,Canada,45.365691,-73.30267,85715.4492133511
4388,J2W1H5,Canada,45.346396,-73.293595,86659.2699763903
4389,J2W1H5,Canada,45.346396,-73.293595,86659.2699763903
4390,J2W1J6,Canada,45.358699,-73.30599,86432.05045058101
4391,J2W1G9,Canada,45.345289,-73.292795,86699.0864375925
4392,J2X5T6,Canada,45.318749,-73.22777,85247.80351866885
4393,J2W1A7,Canada,45.384873,-73.374187,88576.78107032916
4394,J2Y1E1,Canada,45.330399,-73.352017,91215.41082777726
4395,J2W3B7,Canada,45.357201,-73.3122,86902.95857719891
4396,J2W1X7,Canada,45.337692,-73.299383,87656.47058123091
4397,J2Y1B8,Canada,45.294894,-73.314003,91822.11375857951
4398,J2W3A7,Canada,45.348015,-73.283799,85981.05383153007
4399,J2X3X2,Canada,45.301062,-73.233336,86999.14691196877
4400,J2W1Z5,Canada,45.360308,-73.309385,86507.19929222697
4401,J2W1Z5,Canada,45.360308,-73.309385,86507.19929222697
4402,J2W3E4,Canada,45.355619,-73.272525,84758.60669124778
4403,J2W2G5,Canada,45.355392,-73.266182,84419.22376120502
4404,J2W2G5,Canada,45.355392,-73.266182,84419.22376120502
4405,J2Y1H1,Canada,45.34181,-73.33169,89184.57870190329
4406,J2W2Y6,Canada,45.348012,-73.277565,85630.4226738185
4407,J2W2V3,Canada,45.337812,-73.295773,87443.80936404398
4408,J2W3A1,Canada,45.337182,-73.301085,87791.8295073692
4409,J2W1X9,Canada,45.342104,-73.302765,87508.37736935147
4410,J2W2W5,Canada,45.345079,-73.266798,85256.68891752118
4411,J2W2W5,Canada,45.345079,-73.266798,85256.68891752118
4412,J2Y1B2,Canada,45.309568,-73.312175,90561.93466096783
4413,J2W1W3,Canada,45.353421,-73.296502,86287.35421132574
4414,J2W2R9,Canada,45.339027,-73.298842,87522.97650230864
4415,J2W1M8,Canada,45.373017,-73.259206,82668.13411279593
4416,J2W2P6,Canada,45.34292,-73.294989,87005.43456253225
4417,J2W2X4,Canada,45.363292,-73.307753,86189.29178578965
4418,J2W2X4,Canada,45.363292,-73.307753,86189.29178578965
4419,J2W2V3,Canada,45.337812,-73.295773,87443.80936404398
4420,J2W5M4,Canada,0,0,8672420.421869809
4421,J2W1L4,Canada,45.354783,-73.306432,86752.73943731918
4422,J2W1X9,Canada,45.342104,-73.302765,87508.37736935147
4423,J2X5K3,Canada,45.311728,-73.223687,85611.06459771655
4424,J2X1A2,Canada,45.316798,-73.237379,85917.25585500138
4425,J2W3E4,Canada,45.355619,-73.272525,84758.60669124778
4426,J2W4X7,Canada,0,0,8672420.421869809
4427,J2W1L4,Canada,45.354783,-73.306432,86752.73943731918
4428,J2W2K9,Canada,45.357928,-73.297629,86009.6107316189
4429,J2X3R8,Canada,45.308602,-73.238187,86631.59661639624
4430,J2W2C8,Canada,45.364007,-73.256371,83200.83878689958
4431,J2N0A7,Canada,45.29241,-72.983488,76167.05470379865
4432,J2W1L2,Canada,45.353473,-73.300526,86513.33453594879
4433,J2W1L2,Canada,45.353473,-73.300526,86513.33453594879
4434,J2W3B7,Canada,45.357201,-73.3122,86902.95857719891
4435,J2W3B7,Canada,45.357201,-73.3122,86902.95857719891
4436,J2X4Y6,Canada,45.3175,-73.242312,86122.91147802513
4437,J2W2N8,Canada,45.347321,-73.277568,85684.14586441753
4438,J2W2N8,Canada,45.347321,-73.277568,85684.14586441753
4439,J2W0K1,Canada,45.337322,-73.291298,87230.27923813634
4440,J2W1H5,Canada,45.346396,-73.293595,86659.2699763903
4441,J2X5K5,Canada,45.312814,-73.239712,86366.92114470951
4442,J2X5K5,Canada,45.312814,-73.239712,86366.92114470951
4443,J2W3E6,Canada,45.354655,-73.271103,84752.94343145889
4444,J2X4C3,Canada,45.279827,-73.229641,88584.60012081993
4445,J2W3E6,Canada,45.354655,-73.271103,84752.94343145889
4446,J2X4M6,Canada,45.297636,-73.230972,87160.52000255091
4447,J2W1P9,Canada,45.346205,-73.270025,85348.6236510478
4448,J2X3A3,Canada,45.299433,-73.241841,87579.40813951357
4449,J2X5T9,Canada,45.329206,-73.236351,84853.64283246356
4450,J2W3A7,Canada,45.348015,-73.283799,85981.05383153007
4451,J2W1B4,Canada,45.37314,-73.362544,88701.42743523035
4452,J2W1B4,Canada,45.37314,-73.362544,88701.42743523035
4453,J2W1X7,Canada,45.337692,-73.299383,87656.47058123091
4454,J2W3B2,Canada,45.353448,-73.307754,86929.55386397774
4455,J2W1B4,Canada,45.37314,-73.362544,88701.42743523035
4456,J2X5T9,Canada,45.329206,-73.236351,84853.64283246356
4457,J2W2K4,Canada,45.355969,-73.300717,86335.0090279509
4458,J2W2T1,Canada,45.337261,-73.298985,87667.30113594918
4459,J2W3E4,Canada,45.355619,-73.272525,84758.60669124778
4460,J2W1G6,Canada,45.344032,-73.295755,86963.1981434693
4461,J2W2S4,Canada,45.340275,-73.294615,87188.26375543367
4462,J2W3A6,Canada,45.336059,-73.291334,87330.34970982664
4463,J2W1R6,Canada,45.345432,-73.275762,85729.56270950647
4464,J2Y1A7,Canada,45.315955,-73.318952,90440.36364852462
4465,J2Y1A7,Canada,45.315955,-73.318952,90440.36364852462
4466,J2X5T9,Canada,45.329206,-73.236351,84853.64283246356
4467,J2X5R8,Canada,45.32331,-73.251029,86120.59995254438
4468,J2Y1G8,Canada,45.375682,-73.39018,90192.46208664248
4469,J2X5P1,Canada,45.362475,-73.245511,82711.38301086274
4470,J2Y1A7,Canada,45.315955,-73.318952,90440.36364852462
4471,J2W1R6,Canada,45.345432,-73.275762,85729.56270950647
4472,J2W1X3,Canada,45.342125,-73.299626,87328.87108177746
4473,j2y1h4,Canada,45.29215,-73.360349,94611.28779558364
4474,J2W1L4,Canada,45.354783,-73.306432,86752.73943731918
4475,J2W2L2,Canada,45.362142,-73.3077,86272.30716940125
4476,J2X5S2,Canada,45.273153,-73.232237,89281.04071946189
4477,J2W1L2,Canada,45.353473,-73.300526,86513.33453594879
4478,J2Y1B6,Canada,45.306572,-73.319005,91176.26614881483
4479,J2X5T5,Canada,45.308387,-73.209206,85135.30533297123
4480,J2X5S2,Canada,45.273153,-73.232237,89281.04071946189
4481,J2W3A1,Canada,45.337182,-73.301085,87791.8295073692
4482,J2X3W3,Canada,45.315247,-73.232421,85781.19010017536
4483,J2Y1A9,Canada,45.3129,-73.317128,90576.5175594066
4484,J2W1K6,Canada,45.352959,-73.305465,86835.18384151708
4485,J2X5N1,Canada,45.330303,-73.236726,84785.1298600437
4486,J2W1L1,Canada,45.352328,-73.303742,86784.2848126472
4487,J2Y1L9,Canada,45.319099,-73.303586,89337.28788653386
4488,J2W2W5,Canada,45.345079,-73.266798,85256.68891752118
4489,J2W1Z3,Canada,45.34044,-73.296448,87278.91491564688
4490,J2W1K6,Canada,45.352959,-73.305465,86835.18384151708
4491,J2W0B1,Canada,45.357268,-73.278104,84947.04747327903
4492,J2W1J9,Canada,45.356571,-73.304126,86485.18139315219
4493,J2Y1A4,Canada,45.316467,-73.33814,91481.33630423968
4494,J2W1J3,Canada,45.347877,-73.30068,86948.1866143721
4495,J2W0E5,Canada,45.361577,-73.297569,85730.34741191899
4496,J2W2X4,Canada,45.363292,-73.307753,86189.29178578965
4497,J2W0B2,Canada,45.357268,-73.278104,84947.04747327903
4498,J2M1E9,Canada,45.356431,-72.489774,58358.776613298476
4499,J2W2K9,Canada,45.357928,-73.297629,86009.6107316189
4500,J2Y1E6,Canada,45.364976,-73.374978,90030.39328336777
4501,J2Y1E6,Canada,45.364976,-73.374978,90030.39328336777
4502,J2W3B6,Canada,45.342129,-73.2921,86903.35920394858
4503,J2W3B6,Canada,45.342129,-73.2921,86903.35920394858
4504,J2W2G1,Canada,45.352984,-73.264274,84499.19489370314
4505,J2W2P3,Canada,45.352667,-73.281272,85479.9168267064
4506,J2W2N8,Canada,45.347321,-73.277568,85684.14586441753
4507,J2W2G1,Canada,45.352984,-73.264274,84499.19489370314
4508,J2W2N8,Canada,45.347321,-73.277568,85684.14586441753
4509,J2Y1J9,Canada,45.317963,-73.310152,89791.9714078276
4510,J2W2S4,Canada,45.340275,-73.294615,87188.26375543367
4511,J2W2S4,Canada,45.340275,-73.294615,87188.26375543367
4512,J2W2S4,Canada,45.340275,-73.294615,87188.26375543367
4513,J2X2L5,Canada,45.299164,-73.233151,87146.9630828014
4514,J2W1K6,Canada,45.352959,-73.305465,86835.18384151708
4515,J2W2B2,Canada,45.375087,-73.253961,82211.8763082814
4516,J2W2B2,Canada,45.375087,-73.253961,82211.8763082814
4517,J2Y1A9,Canada,45.3129,-73.317128,90576.5175594066
4518,J2W1P9,Canada,45.346205,-73.270025,85348.6236510478
4519,J2Y1A5,Canada,45.379229,-73.378863,89256.05327359836
4520,J2N0G7,Canada,45.275648,-72.970851,77292.18836176001
4521,J2X4Y6,Canada,45.3175,-73.242312,86122.91147802513
4522,J2W2S4,Canada,45.340275,-73.294615,87188.26375543367
4523,J2X5V1,Canada,45.298305,-73.188104,84910.86535537768
4524,J2W2W5,Canada,45.345079,-73.266798,85256.68891752118
4525,J2W3B7,Canada,45.357201,-73.3122,86902.95857719891
4526,J2W2P5,Canada,45.363441,-73.303075,85907.50553062082
4527,J2Y7H4,Canada,0,0,8672420.421869809
4528,J2Y1A4,Canada,45.316467,-73.33814,91481.33630423968
4529,J2X1H1,Canada,45.312667,-73.215639,85112.55151291407
4530,J2N0B6,Canada,45.274431,-72.963576,77134.3633241533
4531,J2Y1M4,Canada,45.320435,-73.305354,89331.28037135472
4532,J2Y1C5,Canada,45.309748,-73.342992,92272.93090026359
4533,J2Y1E8,Canada,45.368064,-73.380274,90128.88920171221
4534,J2X4V2,Canada,45.279957,-73.241272,89170.49698472908
4535,J2W0H6,Canada,45.365035,-73.260531,83355.92578491292
4536,J2W1M3,Canada,45.355005,-73.268757,84593.8900159851
4537,J2W1Y3,Canada,45.339602,-73.296213,87330.30553934089
4538,J2W1Y3,Canada,45.339602,-73.296213,87330.30553934089
4539,J2W2T1,Canada,45.337261,-73.298985,87667.30113594918
4540,J2W2Y6,Canada,45.348012,-73.277565,85630.4226738185
4541,J2X1A2,Canada,45.316798,-73.237379,85917.25585500138
4542,J2W1S4,Canada,45.350582,-73.267302,84855.4899032274
4543,J2W1P6,Canada,45.344453,-73.275059,85766.40822858614
4544,J2Y1K2,Canada,45.317963,-73.310152,89791.9714078276
4545,J2T3H5,Canada,45.611131,-72.915535,44981.12016889001
4546,J2T3H5,Canada,45.611131,-72.915535,44981.12016889001
4547,J2W2B5,Canada,45.372159,-73.254362,82459.17977919134
4548,J2W2P7,Canada,45.347304,-73.28353,86020.78125686914
4549,J2W2Z5,Canada,45.375524,-73.36812,88867.2034556187
4550,J2W7X9,Canada,0,0,8672420.421869809
4551,J2W7X9,Canada,0,0,8672420.421869809
4552,J2W7X9,Canada,0,0,8672420.421869809
4553,J2W2W3,Canada,45.359838,-73.300074,86005.61972420431
4554,J2X4C3,Canada,45.279827,-73.229641,88584.60012081993
4555,J2W3C2,Canada,45.356702,-73.309189,86766.72455215166
4556,J2X5T4,Canada,45.323493,-73.207547,83792.40177750245
4557,J2W1X5,Canada,45.338174,-73.299579,87630.34371400005
4558,J2X5W5,Canada,45.320178,-73.23422,85473.20487774564
4559,J2X5W5,Canada,45.320178,-73.23422,85473.20487774564
4560,J2W1L1,Canada,45.352328,-73.303742,86784.2848126472
4561,J2W2K7,Canada,45.354922,-73.29857,86291.4213864799
4562,J2W1K6,Canada,45.352959,-73.305465,86835.18384151708
4563,J2X3P5,Canada,45.275503,-73.232266,89083.73603992058
4564,J2W1G5,Canada,45.343245,-73.302622,87412.81912552583
4565,J2W2Y8,Canada,45.35986,-73.302531,86145.3518143355
4566,J2Y1B3,Canada,45.307375,-73.308796,90547.46131913459
4567,J2Y1L6,Canada,45.320418,-73.300905,89084.8526140587
4568,J2W3A9,Canada,45.349739,-73.303731,86980.30661048753
4569,J2W3A9,Canada,45.349739,-73.303731,86980.30661048753
4570,J2W3A9,Canada,45.349739,-73.303731,86980.30661048753
4571,J2W1K1,Canada,45.355954,-73.30542,86606.14682215906
4572,J2W1M7,Canada,45.367516,-73.26457,83393.82843003313
4573,J2W3B7,Canada,45.357201,-73.3122,86902.95857719891
4574,J2W2W4,Canada,45.335383,-73.299307,87830.56727281232
4575,J2W3E4,Canada,45.355619,-73.272525,84758.60669124778
4576,J2W2B5,Canada,45.372159,-73.254362,82459.17977919134
4577,J2W1V1,Canada,45.350347,-73.302543,86866.19965651003
4578,J2X0C7,Canada,45.32146,-73.243527,85866.28250682131
4579,J2W3C8,Canada,45.35808,-73.273333,84614.62475046037
4580,J2W1Z3,Canada,45.34044,-73.296448,87278.91491564688
4581,J2W1Z3,Canada,45.34044,-73.296448,87278.91491564688
4582,J2W1Z3,Canada,45.34044,-73.296448,87278.91491564688
4583,J2W1Z3,Canada,45.34044,-73.296448,87278.91491564688
4584,J2Y1A4,Canada,45.316467,-73.33814,91481.33630423968
4585,J2W2T7,Canada,45.339089,-73.296275,87373.40362234757
4586,J2Y1C3,Canada,45.29119,-73.321506,92528.02886029072
4587,J2W1Z2,Canada,45.341366,-73.298074,87299.42501899094
4588,J2W1Z2,Canada,45.341366,-73.298074,87299.42501899094
4589,J2W1Z2,Canada,45.341366,-73.298074,87299.42501899094
4590,J2W3A7,Canada,45.348015,-73.283799,85981.05383153007
4591,J2W1K5,Canada,45.355135,-73.304425,86610.86164421319
4592,J2W0A2,Canada,45.353414,-73.289512,85889.73928229019
4593,J2X4J3,Canada,45.327304,-73.256662,86105.3180156372
4594,J2W3E8,Canada,45.353414,-73.289512,85889.73928229019
4595,J2W2Y4,Canada,45.335529,-73.296936,87685.9057177226
4596,J2W1X7,Canada,45.337692,-73.299383,87656.47058123091
4597,J2W2R8,Canada,45.35395,-73.274389,84992.49475378412
4598,J2Y1G4,Canada,45.369423,-73.37901,89956.30684551936
4599,J2X0B7,Canada,45.321177,-73.245781,86010.20304848377
4600,J2W3C4,Canada,45.360835,-73.296243,85710.16639293305
4601,J2W2B1,Canada,45.37357,-73.251894,82211.10588804899
4602,J2W1P7,Canada,45.34446,-73.274198,85717.73357648215
4603,J2W2T1,Canada,45.337261,-73.298985,87667.30113594918
4604,J2W2S8,Canada,45.347984,-73.29541,86640.38335918022
4605,J2Y1A7,Canada,45.315955,-73.318952,90440.36364852462
4606,J2W3R8,Canada,0,0,8672420.421869809
4607,J2Y1H7,Canada,45.292154,-73.324328,92606.81316896009
4608,J2W0A9,Canada,45.357268,-73.278104,84947.04747327903
4609,J2X2T3,Canada,45.276923,-73.229787,88837.34906676204
4610,J2W2Y4,Canada,45.335529,-73.296936,87685.9057177226
4611,J2X5B7,Canada,45.308117,-73.234709,86488.10635861223
4612,J2W3C7,Canada,45.342737,-73.278558,86095.68951245022
4613,J2W0B6,Canada,45.349296,-73.29497,86514.94982662627
4614,J2X4Z6,Canada,45.295712,-73.227672,87149.71337991014
4615,J2X5S6,Canada,45.266632,-73.241885,90323.95802885466
4616,J2X5L8,Canada,45.293758,-73.241827,88048.40999221921
4617,J2X2E4,Canada,45.303045,-73.234433,86892.32599348709
4618,J2W3A4,Canada,45.335974,-73.294979,87541.46510709604
4619,J2Y1B3,Canada,45.307375,-73.308796,90547.46131913459
4620,J2K3G6,Canada,45.217247,-72.808918,78070.3542091705
4621,J2W1A4,Canada,45.388543,-73.364339,87721.06221438218
4622,J2X5L8,Canada,45.293758,-73.241827,88048.40999221921
4623,J2W2W1,Canada,45.338476,-73.294671,87330.43471184588
4624,J2Y1L9,Canada,45.319099,-73.303586,89337.28788653386
4625,J2X4T5,Canada,45.314354,-73.245755,86562.84759403802
4626,J2W0A8,Canada,45.356209,-73.2783,85039.46495000822
4627,J2X0C8,Canada,45.3201,-73.244483,86027.82780903336
4628,J2W0A8,Canada,45.356209,-73.2783,85039.46495000822
4629,J2X0B7,Canada,45.321177,-73.245781,86010.20304848377
4630,J2Y1K6,Canada,45.319163,-73.308534,89608.00512898904
4631,J2X1C3,Canada,45.315205,-73.237296,86043.05201793813
4632,J2W1G6,Canada,45.344032,-73.295755,86963.1981434693
4633,J2W1M4,Canada,45.357448,-73.274034,84702.87811724523
4634,J2W2W6,Canada,45.358752,-73.313537,86863.9783879345
4635,J2X5H2,Canada,45.295461,-73.23752,87682.3064672515
4636,J2W3C3,Canada,45.362237,-73.292027,85362.15105860477
4637,J2W3C3,Canada,45.362237,-73.292027,85362.15105860477
4638,J2L0N2,Canada,45.308972,-72.633581,64696.02599716725
4639,J2W2K9,Canada,45.357928,-73.297629,86009.6107316189
4640,J2W1X3,Canada,45.342125,-73.299626,87328.87108177746
4641,J2W2W6,Canada,45.358752,-73.313537,86863.9783879345
4642,J2W2W6,Canada,45.358752,-73.313537,86863.9783879345
4643,J2X5S6,Canada,45.266632,-73.241885,90323.95802885466
4644,J2A3A7,Canada,45.849082,-72.386653,8334.639349075163
4645,J2W2P7,Canada,45.347304,-73.28353,86020.78125686914
4646,J2W2W2,Canada,45.360001,-73.299278,85947.54978333009
4647,J2W1P7,Canada,45.34446,-73.274198,85717.73357648215
4648,J2W1X5,Canada,45.338174,-73.299579,87630.34371400005
4649,J2X2Y4,Canada,45.278359,-73.239394,89207.94233841168
4650,J2W2P7,Canada,45.347304,-73.28353,86020.78125686914
4651,J2W1L1,Canada,45.352328,-73.303742,86784.2848126472
4652,J2X4T5,Canada,45.314354,-73.245755,86562.84759403802
4653,J2W1M9,Canada,45.37988,-73.258677,82114.8399592251
4654,J2X3R7,Canada,45.310059,-73.238613,86534.45776146554
4655,J2W1H1,Canada,45.34516,-73.295589,86867.12798448915
4656,J2W1L4,Canada,45.354783,-73.306432,86752.73943731918
4657,J2Y1B3,Canada,45.307375,-73.308796,90547.46131913459
4658,J2W2Y4,Canada,45.335529,-73.296936,87685.9057177226
4659,J2W2V9,Canada,45.337921,-73.294702,87375.11317289765
4660,J2W0E3,Canada,45.3598,-73.257675,83599.97954911148
4661,J2Y1B1,Canada,45.308447,-73.314249,90765.04583023404
4662,J2W1J3,Canada,45.347877,-73.30068,86948.1866143721
4663,J2X1H1,Canada,45.312667,-73.215639,85112.55151291407
4664,J2W2Y3,Canada,45.341819,-73.293476,87004.87425388089
4665,J2Y1B1,Canada,45.308447,-73.314249,90765.04583023404
4666,J2W2Y3,Canada,45.341819,-73.293476,87004.87425388089
4667,J2W1M9,Canada,45.37988,-73.258677,82114.8399592251
4668,J2W1V4,Canada,45.349271,-73.301101,86865.83659133491
4669,J2W1V4,Canada,45.349271,-73.301101,86865.83659133491
4670,J2W1V4,Canada,45.349271,-73.301101,86865.83659133491
4671,J2W3C6,Canada,45.350772,-73.30487,86966.92826338313
4672,J2W3C6,Canada,45.350772,-73.30487,86966.92826338313
4673,J2W3C6,Canada,45.350772,-73.30487,86966.92826338313
4674,J2W3C6,Canada,45.350772,-73.30487,86966.92826338313
4675,J2W2W4,Canada,45.335383,-73.299307,87830.56727281232
4676,J2W2V6,Canada,45.340322,-73.29208,87041.84714126779
4677,J2X5L8,Canada,45.293758,-73.241827,88048.40999221921
4678,J2W0A7,Canada,45.35469,-73.277429,85107.01646603741
4679,J2W0B9,Canada,45.363242,-73.31287,86489.8072786086
4680,J2W1L4,Canada,45.354783,-73.306432,86752.73943731918
4681,J2W1C9,Canada,45.341999,-73.280156,86242.53039874861
4682,J2W1L4,Canada,45.354783,-73.306432,86752.73943731918
4683,J2X5L8,Canada,45.293758,-73.241827,88048.40999221921
4684,J2W2S4,Canada,45.340275,-73.294615,87188.26375543367
4685,J2X4P6,Canada,45.296696,-73.237536,87580.61877908454
4686,J2X4K4,Canada,45.309262,-73.234697,86393.18659369189
4687,J2X4K4,Canada,45.309262,-73.234697,86393.18659369189
4688,J2W1K3,Canada,45.355957,-73.308255,86769.02030087567
4689,J2W1A3,Canada,45.385394,-73.362164,87810.06488382927
4690,J2W2W6,Canada,45.358752,-73.313537,86863.9783879345
4691,J2Y1B3,Canada,45.307375,-73.308796,90547.46131913459
4692,J2W1Z5,Canada,45.360308,-73.309385,86507.19929222697
4693,J2W3R8,Canada,0,0,8672420.421869809
4694,J2W1G2,Canada,45.349228,-73.298205,86704.12868343262
4695,J2X3J1,Canada,45.301954,-73.239518,87249.25679201691
4696,J2W1S4,Canada,45.350582,-73.267302,84855.4899032274
4697,J2W3C2,Canada,45.356702,-73.309189,86766.72455215166
4698,J2W2W6,Canada,45.358752,-73.313537,86863.9783879345
4699,J2X1A1,Canada,45.316765,-73.239812,86049.45272983087
4700,J2X1A1,Canada,45.316765,-73.239812,86049.45272983087
4701,J2X1A1,Canada,45.316765,-73.239812,86049.45272983087
4702,J2W1X5,Canada,45.338174,-73.299579,87630.34371400005
4703,J2W1L8,Canada,45.35275,-73.274366,85083.8823099499
4704,J2W2S6,Canada,45.34881,-73.301909,86947.045605089
4705,J2W2R9,Canada,45.339027,-73.298842,87522.97650230864
4706,J2W1H8,Canada,45.346676,-73.293988,86660.03227360094
4707,J2W0A7,Canada,45.35469,-73.277429,85107.01646603741
4708,J2W1H8,Canada,45.346676,-73.293988,86660.03227360094
4709,J2W3E4,Canada,45.355619,-73.272525,84758.60669124778
4710,J2X5S6,Canada,45.266632,-73.241885,90323.95802885466
4711,J2W3E4,Canada,45.355619,-73.272525,84758.60669124778
4712,J2X5L8,Canada,45.293758,-73.241827,88048.40999221921
4713,J2Y1A6,Canada,45.31615,-73.315979,90258.83840931332
4714,J2W2S8,Canada,45.347984,-73.29541,86640.38335918022
4715,J2W3E6,Canada,45.354655,-73.271103,84752.94343145889
4716,J2W1X8,Canada,45.342682,-73.302761,87463.84386367735
4717,J2W3B3,Canada,45.33738,-73.291268,87224.09580392519
4718,J2W1G2,Canada,45.349228,-73.298205,86704.12868343262
4719,J2W1G6,Canada,45.344032,-73.295755,86963.1981434693
4720,J2W2S4,Canada,45.340275,-73.294615,87188.26375543367
4721,J2W3C2,Canada,45.356702,-73.309189,86766.72455215166
4722,J2W2W1,Canada,45.338476,-73.294671,87330.43471184588
4723,J2W2T7,Canada,45.339089,-73.296275,87373.40362234757
4724,J2W2S6,Canada,45.34881,-73.301909,86947.045605089
4725,J2W2R7,Canada,45.360508,-73.296834,85768.82075653193
4726,J2X2Y2,Canada,45.284846,-73.242126,88805.62747328285
4727,J2X1W8,Canada,45.306462,-73.236496,86718.54635707194
4728,J2W1G9,Canada,45.345289,-73.292795,86699.0864375925
4729,J2W2Y2,Canada,45.339718,-73.294409,87219.675823969
4730,J2W1K8,Canada,45.354224,-73.301639,86520.06693460082
4731,J2W2H1,Canada,45.327396,-73.29787,88370.30386859697
4732,J2W1V7,Canada,45.349823,-73.297051,86593.00373520334
4733,J2X4K4,Canada,45.309262,-73.234697,86393.18659369189
4734,J2W3C6,Canada,45.350772,-73.30487,86966.92826338313
4735,J2W1X8,Canada,45.342682,-73.302761,87463.84386367735
4736,J2X1C3,Canada,45.315205,-73.237296,86043.05201793813
4737,J2X1C3,Canada,45.315205,-73.237296,86043.05201793813
4738,J2W2A8,Canada,45.375847,-73.255266,82227.82045129073
4739,J2Y1J8,Canada,45.318221,-73.311777,89862.57619749391
4740,J2W1H8,Canada,45.346676,-73.293988,86660.03227360094
4741,J2X4X3,Canada,45.281384,-73.240027,88986.71650081787
4742,J2X5S3,Canada,45.322473,-73.246963,85968.91361685532
4743,J2W1X3,Canada,45.342125,-73.299626,87328.87108177746
4744,J2W2A8,Canada,45.375847,-73.255266,82227.82045129073
4745,J2W2A8,Canada,45.375847,-73.255266,82227.82045129073
4746,J2W1S3,Canada,45.350805,-73.26913,84940.50442870878
4747,J2W1M4,Canada,45.357448,-73.274034,84702.87811724523
4748,J2W1V1,Canada,45.350347,-73.302543,86866.19965651003
4749,J2W2A8,Canada,45.375847,-73.255266,82227.82045129073
4750,J2W2Y2,Canada,45.339718,-73.294409,87219.675823969
4751,J2W1A3,Canada,45.385394,-73.362164,87810.06488382927
4752,J2W1H2,Canada,45.344752,-73.30176,87248.47994212007
4753,J2W2P4,Canada,45.344399,-73.278536,85965.22340945165
4754,J2W1M4,Canada,45.357448,-73.274034,84702.87811724523
4755,J2W1Y9,Canada,45.341892,-73.296924,87193.93279715111
4756,J2X0C8,Canada,45.3201,-73.244483,86027.82780903336
4757,J2K3X1,Canada,45.214823,-72.825074,78741.97421657317
4758,J2W1M5,Canada,45.36054,-73.268103,84129.7331545864
4759,J2W0H1,Canada,45.364874,-73.258024,83226.93076931754
4760,J2W2V9,Canada,45.337921,-73.294702,87375.11317289765
4761,J2W0E3,Canada,45.3598,-73.257675,83599.97954911148
4762,J2W2H1,Canada,45.327396,-73.29787,88370.30386859697
4763,J2W2W9,Canada,45.341819,-73.293964,87032.40343675177
4764,J2W2T1,Canada,45.337261,-73.298985,87667.30113594918
4765,J2W2G3,Canada,45.351698,-73.263177,84537.96485568146
4766,J2W2W9,Canada,45.341819,-73.293964,87032.40343675177
4767,J2W2W9,Canada,45.341819,-73.293964,87032.40343675177
4768,J2W0E8,Canada,0,0,8672420.421869809
4769,J2W2C7,Canada,45.3672,-73.258565,83078.16863828654
4770,J2W2C7,Canada,45.3672,-73.258565,83078.16863828654
4771,J2W2W8,Canada,45.365691,-73.30267,85715.4492133511
4772,J2W3E6,Canada,45.354655,-73.271103,84752.94343145889
4773,J2W3E6,Canada,45.354655,-73.271103,84752.94343145889
4774,J2W3E6,Canada,45.354655,-73.271103,84752.94343145889
4775,J2W1X1,Canada,45.339428,-73.300089,87562.5038073759
4776,J2W0J3,Canada,45.353271,-73.293807,86145.09803899424
4777,J2W2R8,Canada,45.35395,-73.274389,84992.49475378412
4778,J2W1G6,Canada,45.344032,-73.295755,86963.1981434693
4779,J2W2S4,Canada,45.340275,-73.294615,87188.26375543367
4780,J2X5P1,Canada,45.362475,-73.245511,82711.38301086274
4781,J2W2R5,Canada,45.357669,-73.29564,85915.28026847141
4782,J2W1Z4,Canada,45.353279,-73.291608,86019.26960239498
4783,J2W1Y9,Canada,45.341892,-73.296924,87193.93279715111
4784,J2X0G1,Canada,45.31751,-73.23621,85796.92885559106
4785,J2M1R6,Canada,45.358003,-72.636308,59376.127930003466
4786,J2W1H5,Canada,45.346396,-73.293595,86659.2699763903
4787,J2W1H5,Canada,45.346396,-73.293595,86659.2699763903
4788,J2W2W4,Canada,45.335383,-73.299307,87830.56727281232
4789,J2Y1C3,Canada,45.29119,-73.321506,92528.02886029072
4790,J2W2C5,Canada,45.366344,-73.262652,83375.09961114461
4791,J2W0C8,Canada,45.358681,-73.291022,85574.26944070039
4792,J2W2T7,Canada,45.339089,-73.296275,87373.40362234757
4793,J2W0B5,Canada,45.359382,-73.291538,85550.5295161899
4794,J2W0A1,Canada,45.34695,-73.301595,87071.0609161104
4795,J2W1H8,Canada,45.346676,-73.293988,86660.03227360094
4796,J2W1H8,Canada,45.346676,-73.293988,86660.03227360094
4797,J2W3E6,Canada,45.354655,-73.271103,84752.94343145889
4798,J2W2R9,Canada,45.339027,-73.298842,87522.97650230864
4799,J2W0B5,Canada,45.359382,-73.291538,85550.5295161899
4800,J2W0B1,Canada,45.357268,-73.278104,84947.04747327903
4801,J2W1X7,Canada,45.337692,-73.299383,87656.47058123091
4802,J2W1L5,Canada,45.352769,-73.270306,84854.09305150354
4803,J2W1Y3,Canada,45.339602,-73.296213,87330.30553934089
4804,J2W3C6,Canada,45.350772,-73.30487,86966.92826338313
4805,J2W1L6,Canada,45.353143,-73.273001,84976.66490752903
4806,J2W2S4,Canada,45.340275,-73.294615,87188.26375543367
4807,J2W3R8,Canada,0,0,8672420.421869809
4808,J2W3R8,Canada,0,0,8672420.421869809
4809,J2W2S8,Canada,45.347984,-73.29541,86640.38335918022
4810,J2W1S7,Canada,45.349051,-73.279044,85633.16288745328
4811,J2Y1C3,Canada,45.29119,-73.321506,92528.02886029072
4812,J2W1S7,Canada,45.349051,-73.279044,85633.16288745328
4813,J2W1H1,Canada,45.34516,-73.295589,86867.12798448915
4814,J2X4K4,Canada,45.309262,-73.234697,86393.18659369189
4815,J2X3N9,Canada,45.301347,-73.238519,87246.94102698799
4816,J2X3N9,Canada,45.301347,-73.238519,87246.94102698799
4817,J2W2V9,Canada,45.337921,-73.294702,87375.11317289765
4818,J2W2R7,Canada,45.360508,-73.296834,85768.82075653193
4819,J2W0E3,Canada,45.3598,-73.257675,83599.97954911148
4820,J2W3C2,Canada,45.356702,-73.309189,86766.72455215166
4821,J2W2W9,Canada,45.341819,-73.293964,87032.40343675177
4822,J2W1L4,Canada,45.354783,-73.306432,86752.73943731918
4823,J2W2T7,Canada,45.339089,-73.296275,87373.40362234757
4824,J2W1X7,Canada,45.337692,-73.299383,87656.47058123091
4825,J2X1L6,Canada,45.309596,-73.238388,86560.56549857985
4826,J2W1V8,Canada,45.371678,-73.268299,83288.05037668571
4827,J2X5L8,Canada,45.293758,-73.241827,88048.40999221921
4828,J2Y1A4,Canada,45.316467,-73.33814,91481.33630423968
4829,J2W1E7,Canada,45.363462,-73.305499,86046.08421496338
4830,J2W2Y3,Canada,45.341819,-73.293476,87004.87425388089
4831,J2X2T7,Canada,45.27692,-73.23481,89094.02729084597
4832,J2W0J3,Canada,45.353271,-73.293807,86145.09803899424
4833,J2W0J3,Canada,45.353271,-73.293807,86145.09803899424
4834,J2W1T9,Canada,45.351607,-73.301753,86725.25317797785
4835,J2W2W9,Canada,45.341819,-73.293964,87032.40343675177
4836,J2W1Z1,Canada,45.342117,-73.298068,87241.30959732868
4837,J2W1Z1,Canada,45.342117,-73.298068,87241.30959732868
4838,J2W2V3,Canada,45.337812,-73.295773,87443.80936404398
4839,J2W1H2,Canada,45.344752,-73.30176,87248.47994212007
4840,J2W3C2,Canada,45.356702,-73.309189,86766.72455215166
4841,J2W3C2,Canada,45.356702,-73.309189,86766.72455215166
4842,J2X5S6,Canada,45.266632,-73.241885,90323.95802885466
4843,J2W2W9,Canada,45.341819,-73.293964,87032.40343675177
4844,J2W2W9,Canada,45.341819,-73.293964,87032.40343675177
4845,J2Y1G5,Canada,45.375442,-73.392871,90373.11336260573
4846,J2W2W9,Canada,45.341819,-73.293964,87032.40343675177
4847,J2W2W9,Canada,45.341819,-73.293964,87032.40343675177
4848,J2W3C2,Canada,45.356702,-73.309189,86766.72455215166
4849,J2W2W6,Canada,45.358752,-73.313537,86863.9783879345
4850,J2W3E6,Canada,45.354655,-73.271103,84752.94343145889
4851,J2Y1C7,Canada,45.314181,-73.352114,92450.10069551908
4852,J2X5M4,Canada,45.317538,-73.237443,85860.23559911412
4853,J2W3E8,Canada,45.353414,-73.289512,85889.73928229019
4854,J2W1Y9,Canada,45.341892,-73.296924,87193.93279715111
4855,J2W2S6,Canada,45.34881,-73.301909,86947.045605089
4856,J2W1E6,Canada,45.362744,-73.305621,86106.94188348476
4857,J2X4Y4,Canada,45.293385,-73.233152,87627.90939578715
4858,J2W1E6,Canada,45.362744,-73.305621,86106.94188348476
4859,J2W1Z1,Canada,45.342117,-73.298068,87241.30959732868
4860,J2W1E6,Canada,45.362744,-73.305621,86106.94188348476
4861,J2N3C6,Canada,45.262067,-72.982028,79039.10270256606
4862,J2Y1C7,Canada,45.314181,-73.352114,92450.10069551908
4863,J2W1N9,Canada,45.351176,-73.28201,85636.39890763994
4864,J2X1J9,Canada,45.310281,-73.239653,86571.28483412614
4865,J2W2W6,Canada,45.358752,-73.313537,86863.9783879345
4866,J2W2W9,Canada,45.341819,-73.293964,87032.40343675177
4867,J2W2Y3,Canada,45.341819,-73.293476,87004.87425388089
4868,J2X1C3,Canada,45.315205,-73.237296,86043.05201793813
4869,J2X1C3,Canada,45.315205,-73.237296,86043.05201793813
4870,J2Y1A4,Canada,45.316467,-73.33814,91481.33630423968
4871,J2W3E5,Canada,45.355619,-73.272525,84758.60669124778
4872,J2Y1B7,Canada,45.307933,-73.324635,91383.23216626068
4873,J2W2Y3,Canada,45.341819,-73.293476,87004.87425388089
4874,J2W2Y3,Canada,45.341819,-73.293476,87004.87425388089
4875,J2W1Y6,Canada,45.361803,-73.311416,86512.8731694763
4876,J2W2B5,Canada,45.372159,-73.254362,82459.17977919134
4877,J2W0C8,Canada,45.358681,-73.291022,85574.26944070039
4878,J2Y1E1,Canada,45.330399,-73.352017,91215.41082777726
4879,J2Y1E1,Canada,45.330399,-73.352017,91215.41082777726
4880,J2X3J6,Canada,45.298866,-73.239544,87505.82210989825
4881,J2X5S1,Canada,45.265256,-73.241953,90443.8587659717
4882,J2W3B7,Canada,45.357201,-73.3122,86902.95857719891
4883,J2Y1B4,Canada,45.309863,-73.307478,90278.51084068336
4884,J2Y1E6,Canada,45.364976,-73.374978,90030.39328336777
4885,J2W2Y4,Canada,45.335529,-73.296936,87685.9057177226
4886,J2W1E6,Canada,45.362744,-73.305621,86106.94188348476
4887,J2X5P1,Canada,45.362475,-73.245511,82711.38301086274
4888,J2X2G2,Canada,45.302203,-73.230046,86732.70313441192
4889,J2Y1K5,Canada,45.319163,-73.308534,89608.00512898904
4890,J2W1W3,Canada,45.353421,-73.296502,86287.35421132574
4891,J2W1W3,Canada,45.353421,-73.296502,86287.35421132574
4892,J2W1W3,Canada,45.353421,-73.296502,86287.35421132574
4893,J2W1W3,Canada,45.353421,-73.296502,86287.35421132574
4894,J2W3A5,Canada,45.364086,-73.30866,86182.50055601206
4895,J2W1Y5,Canada,45.358627,-73.312196,86795.76023048043
4896,J2W1Y6,Canada,45.361803,-73.311416,86512.8731694763
4897,J2W2C5,Canada,45.366344,-73.262652,83375.09961114461
4898,J2X3J6,Canada,45.298866,-73.239544,87505.82210989825
4899,J2W2T9,Canada,45.345543,-73.290551,86552.70197441426
4900,J2W2R8,Canada,45.35395,-73.274389,84992.49475378412
4901,J2W2T9,Canada,45.345543,-73.290551,86552.70197441426
4902,J2W2T9,Canada,45.345543,-73.290551,86552.70197441426
4903,J2W2T9,Canada,45.345543,-73.290551,86552.70197441426
4904,J2W1L4,Canada,45.354783,-73.306432,86752.73943731918
4905,J2W1L4,Canada,45.354783,-73.306432,86752.73943731918
4906,J2Y1G5,Canada,45.375442,-73.392871,90373.11336260573
4907,J2X5M8,Canada,45.334054,-73.23957,84636.33484769004
4908,J2Y1A4,Canada,45.316467,-73.33814,91481.33630423968
4909,J2N0N3,Canada,45.275648,-72.970851,77292.18836176001
4910,J2X5S2,Canada,45.273153,-73.232237,89281.04071946189
4911,J2X4Z1,Canada,45.288221,-73.243844,88613.54155976347
4912,J2Y1E1,Canada,45.330399,-73.352017,91215.41082777726
4913,J2X5M4,Canada,45.317538,-73.237443,85860.23559911412
4914,J2X0A3,Canada,45.320485,-73.249843,86284.60156330529
4915,J2W3B6,Canada,45.342129,-73.2921,86903.35920394858
4916,J2A3A7,Canada,45.849082,-72.386653,8334.639349075163
4917,J2W1K6,Canada,45.352959,-73.305465,86835.18384151708
4918,J2W2S4,Canada,45.340275,-73.294615,87188.26375543367
4919,J2W1H2,Canada,45.344752,-73.30176,87248.47994212007
4920,J2Y1E1,Canada,45.330399,-73.352017,91215.41082777726
4921,J2W2V9,Canada,45.337921,-73.294702,87375.11317289765
4922,J2W2W6,Canada,45.358752,-73.313537,86863.9783879345
4923,J2X1K8,Canada,45.308524,-73.243014,86893.33509124542
4924,J2W2B5,Canada,45.372159,-73.254362,82459.17977919134
4925,J2W2T1,Canada,45.337261,-73.298985,87667.30113594918
4926,J2W2T1,Canada,45.337261,-73.298985,87667.30113594918
4927,J2Y1E3,Canada,45.334436,-73.346087,90569.66391138213
4928,J2X4M7,Canada,45.289266,-73.229938,87806.05330666459
4929,J2W1Y5,Canada,45.358627,-73.312196,86795.76023048043
4930,J2X1W8,Canada,45.306462,-73.236496,86718.54635707194
4931,J2X1W8,Canada,45.306462,-73.236496,86718.54635707194
4932,J2W3E8,Canada,45.353414,-73.289512,85889.73928229019
4933,J2W3A7,Canada,45.348015,-73.283799,85981.05383153007
4934,J2W3R8,Canada,0,0,8672420.421869809
4935,J2X5R8,Canada,45.32331,-73.251029,86120.59995254438
4936,J2W1H2,Canada,45.344752,-73.30176,87248.47994212007
4937,J2W1H2,Canada,45.344752,-73.30176,87248.47994212007
4938,J2W1X8,Canada,45.342682,-73.302761,87463.84386367735
4939,J2W2K9,Canada,45.357928,-73.297629,86009.6107316189
4940,J2Y1A4,Canada,45.316467,-73.33814,91481.33630423968
4941,J2X4L5,Canada,45.316578,-73.228284,85453.1960671031
4942,J2X5S2,Canada,45.273153,-73.232237,89281.04071946189
4943,J2X5P1,Canada,45.362475,-73.245511,82711.38301086274
4944,J2W2W9,Canada,45.341819,-73.293964,87032.40343675177
4945,J2Y1H4,Canada,45.29215,-73.360349,94611.28779558364
4946,J2W2Y3,Canada,45.341819,-73.293476,87004.87425388089
4947,J2W1H1,Canada,45.34516,-73.295589,86867.12798448915
4948,J2W0E5,Canada,45.361577,-73.297569,85730.34741191899
4949,J2Y1A4,Canada,45.316467,-73.33814,91481.33630423968
4950,J2W1H9,Canada,45.349264,-73.292884,86398.94500124601
4951,J2X5T4,Canada,45.323493,-73.207547,83792.40177750245
4952,J2X4Z1,Canada,45.288221,-73.243844,88613.54155976347
4953,J2W0C8,Canada,45.358681,-73.291022,85574.26944070039
4954,J2X4Z1,Canada,45.288221,-73.243844,88613.54155976347
4955,J2W0A8,Canada,45.356209,-73.2783,85039.46495000822
4956,J2W1Z1,Canada,45.342117,-73.298068,87241.30959732868
4957,J2W1L6,Canada,45.353143,-73.273001,84976.66490752903
4958,J2W2X7,Canada,45.339696,-73.292532,87115.70045348024
4959,J2W2W4,Canada,45.335383,-73.299307,87830.56727281232
4960,J2W2W4,Canada,45.335383,-73.299307,87830.56727281232
4961,J2W2W4,Canada,45.335383,-73.299307,87830.56727281232
4962,J2W1Z1,Canada,45.342117,-73.298068,87241.30959732868
4963,J2W2C7,Canada,45.3672,-73.258565,83078.16863828654
4964,J2W1W5,Canada,45.358974,-73.295766,85823.58987909052
4965,J2X1A1,Canada,45.316765,-73.239812,86049.45272983087
4966,J2W1T9,Canada,45.351607,-73.301753,86725.25317797785
4967,J2X4C3,Canada,45.279827,-73.229641,88584.60012081993
4968,J2W1W8,Canada,45.354425,-73.298024,86297.93823161478
4969,J2W2T7,Canada,45.339089,-73.296275,87373.40362234757
4970,J2W0A9,Canada,45.357268,-73.278104,84947.04747327903
4971,J2Y1A5,Canada,45.379229,-73.378863,89256.05327359836
4972,J2Y1H9,Canada,45.343557,-73.374872,91572.86706435756
4973,J2X0G1,Canada,45.31751,-73.23621,85796.92885559106
4974,J2W2M7,Canada,45.358379,-73.301532,86199.56925959882
4975,J2W2M7,Canada,45.358379,-73.301532,86199.56925959882
4976,J2W3B4,Canada,45.336081,-73.293828,87468.53847806907
4977,J2Y1A4,Canada,45.316467,-73.33814,91481.33630423968
4978,J2W1N9,Canada,45.351176,-73.28201,85636.39890763994
4979,J2Y1A4,Canada,45.316467,-73.33814,91481.33630423968
4980,J2W0A7,Canada,45.35469,-73.277429,85107.01646603741
4981,J2W1X5,Canada,45.338174,-73.299579,87630.34371400005
4982,J2W1V1,Canada,45.350347,-73.302543,86866.19965651003
4983,J2W2S6,Canada,45.34881,-73.301909,86947.045605089
4984,J2N0N3,Canada,45.275648,-72.970851,77292.18836176001
4985,J2W2S4,Canada,45.340275,-73.294615,87188.26375543367
4986,J2X5P1,Canada,45.362475,-73.245511,82711.38301086274
4987,J2X5N6,Canada,45.348106,-73.252127,84205.16520332449
4988,J2W1G8,Canada,45.344396,-73.290545,86640.7524249321
4989,J2X5P1,Canada,45.362475,-73.245511,82711.38301086274
4990,J2Y1C3,Canada,45.29119,-73.321506,92528.02886029072
4991,J2Y1M4,Canada,45.320435,-73.305354,89331.28037135472
4992,J2Y1M4,Canada,45.320435,-73.305354,89331.28037135472
4993,J2Y1M4,Canada,45.320435,-73.305354,89331.28037135472
4994,J2W2S4,Canada,45.340275,-73.294615,87188.26375543367
4995,J2W2Y3,Canada,45.341819,-73.293476,87004.87425388089
4996,J2W1X5,Canada,45.338174,-73.299579,87630.34371400005
4997,J2W1X5,Canada,45.338174,-73.299579,87630.34371400005
4998,J2W1X5,Canada,45.338174,-73.299579,87630.34371400005
5000,J2W2H1,Canada,45.327396,-73.29787,88370.30386859697
5001,J2W1H2,Canada,45.344752,-73.30176,87248.47994212007
5002,J2N3C6,Canada,45.262067,-72.982028,79039.10270256606
5003,J2W1Z1,Canada,45.342117,-73.298068,87241.30959732868
5004,J2W2S4,Canada,45.340275,-73.294615,87188.26375543367
5005,J2W3E5,Canada,45.355619,-73.272525,84758.60669124778
5006,J2W2G1,Canada,45.352984,-73.264274,84499.19489370314
5007,J2W1W8,Canada,45.354425,-73.298024,86297.93823161478
5008,J2X3Y2,Canada,45.299169,-73.231747,87073.36068166285
5009,J2W3B3,Canada,45.33738,-73.291268,87224.09580392519
5010,J2Y1B4,Canada,45.309863,-73.307478,90278.51084068336
5011,J2X5L8,Canada,45.293758,-73.241827,88048.40999221921
5012,J2W2V8,Canada,45.349721,-73.273034,85243.54868860167
5013,J2X5N6,Canada,45.348106,-73.252127,84205.16520332449
5014,J2X5N6,Canada,45.348106,-73.252127,84205.16520332449
5015,J2W3B3,Canada,45.33738,-73.291268,87224.09580392519
5016,J2W3B3,Canada,45.33738,-73.291268,87224.09580392519
5017,J2X2R3,Canada,45.293921,-73.229985,87419.04680294392
5018,J2N0H7,Canada,45.275648,-72.970851,77292.18836176001
5019,J2W1M6,Canada,45.365687,-73.266784,83659.59370800247
5020,J2W2Y3,Canada,45.341819,-73.293476,87004.87425388089
5021,J2W1J3,Canada,45.347877,-73.30068,86948.1866143721
5022,J2W1J3,Canada,45.347877,-73.30068,86948.1866143721
5023,J2Y1E3,Canada,45.334436,-73.346087,90569.66391138213
5024,J2W0A7,Canada,45.35469,-73.277429,85107.01646603741
5025,J2M1R6,Canada,45.358003,-72.636308,59376.127930003466
5026,J2W1T9,Canada,45.351607,-73.301753,86725.25317797785
5027,J2W1P7,Canada,45.34446,-73.274198,85717.73357648215
5028,J2W2A9,Canada,45.373806,-73.250659,82123.09547050165
5029,J2W3A5,Canada,45.364086,-73.30866,86182.50055601206
5030,J2W1K6,Canada,45.352959,-73.305465,86835.18384151708
5031,J2W2B5,Canada,45.372159,-73.254362,82459.17977919134
5032,J2W2B5,Canada,45.372159,-73.254362,82459.17977919134
5033,J2N0N3,Canada,45.275648,-72.970851,77292.18836176001
5034,J2W1Z7,Canada,45.379817,-73.255112,81916.09676709374
5035,J2W1K3,Canada,45.355957,-73.308255,86769.02030087567
5036,J2W2W4,Canada,45.335383,-73.299307,87830.56727281232
5037,J2X3M5,Canada,45.310104,-73.240375,86624.03076200341
5038,J2W3C4,Canada,45.360835,-73.296243,85710.16639293305
5039,J2W0K4,Canada,45.337322,-73.291298,87230.27923813634
5040,J2X5W5,Canada,45.320178,-73.23422,85473.20487774564
5041,J2X3T5,Canada,45.315205,-73.237296,86043.05201793813
5042,J2W0K4,Canada,45.337322,-73.291298,87230.27923813634
5043,J2W1H1,Canada,45.34516,-73.295589,86867.12798448915
5044,J2W3A2,Canada,45.341391,-73.302677,87558.078080613
5045,J2W1L3,Canada,45.353625,-73.305169,86767.78736894159
5046,J2X1G5,Canada,45.313525,-73.23981,86313.96119974129
5047,J2X5R8,Canada,45.32331,-73.251029,86120.59995254438
5048,J2W3B2,Canada,45.353448,-73.307754,86929.55386397774
5049,J2X4Y6,Canada,45.3175,-73.242312,86122.91147802513
5050,J2W1P6,Canada,45.344453,-73.275059,85766.40822858614
5051,J2W1P6,Canada,45.344453,-73.275059,85766.40822858614
5052,J2W1A5,Canada,45.386754,-73.376023,88557.54327198074
5053,J2W1A5,Canada,45.386754,-73.376023,88557.54327198074
5054,J2Y1C3,Canada,45.29119,-73.321506,92528.02886029072
5055,J2W3B7,Canada,45.357201,-73.3122,86902.95857719891
5056,J2W3B7,Canada,45.357201,-73.3122,86902.95857719891
5057,J2W3B7,Canada,45.357201,-73.3122,86902.95857719891
5058,J2W1H2,Canada,45.344752,-73.30176,87248.47994212007
5059,J2X3G8,Canada,45.308008,-73.241652,86863.53128627292
5060,J2W1H5,Canada,45.346396,-73.293595,86659.2699763903
5061,J2W1H5,Canada,45.346396,-73.293595,86659.2699763903
5062,J2W3A2,Canada,45.341391,-73.302677,87558.078080613
5063,J2M0G6,Canada,0,0,8672420.421869809
5064,J2W2V8,Canada,45.349721,-73.273034,85243.54868860167
5065,J2Y1C3,Canada,45.29119,-73.321506,92528.02886029072
5066,J2Y1C3,Canada,45.29119,-73.321506,92528.02886029072
5067,J2Y1C3,Canada,45.29119,-73.321506,92528.02886029072
5068,J2W1G1,Canada,45.350145,-73.296437,86533.46520742777
5069,J2W2H1,Canada,45.327396,-73.29787,88370.30386859697
5070,J2W2X4,Canada,45.363292,-73.307753,86189.29178578965
5071,J2W1H2,Canada,45.344752,-73.30176,87248.47994212007
5072,J2W1H8,Canada,45.346676,-73.293988,86660.03227360094
5073,J2Y1C3,Canada,45.29119,-73.321506,92528.02886029072
5074,J2W3B3,Canada,45.33738,-73.291268,87224.09580392519
5075,J2W1G5,Canada,45.343245,-73.302622,87412.81912552583
5076,J2W1G5,Canada,45.343245,-73.302622,87412.81912552583
5077,J2Y1A4,Canada,45.316467,-73.33814,91481.33630423968
5078,J2H2Y7,Canada,45.441714,-72.715821,52081.99626847183
5079,J2W2N3,Canada,45.34673,-73.277156,85706.86276486686
5080,J2W1M3,Canada,45.355005,-73.268757,84593.8900159851
5081,J2Y1H4,Canada,45.29215,-73.360349,94611.28779558364
5082,J2Y1H4,Canada,45.29215,-73.360349,94611.28779558364
5083,J2W0S8,Canada,0,0,8672420.421869809
5084,J2W1J8,Canada,45.358402,-73.305339,86416.89818690722
5085,J2X1P2,Canada,45.306806,-73.243438,87056.65475344242
5086,J2W1B9,Canada,45.400933,-73.374682,87496.70622264201
5087,J2W1M3,Canada,45.355005,-73.268757,84593.8900159851
5088,J2W1M3,Canada,45.355005,-73.268757,84593.8900159851
5089,J2W1G5,Canada,45.343245,-73.302622,87412.81912552583
5090,J2W3A2,Canada,45.341391,-73.302677,87558.078080613
5091,J2W3A9,Canada,45.349739,-73.303731,86980.30661048753
5092,J2X4M6,Canada,45.297636,-73.230972,87160.52000255091
5093,J2H3J5,Canada,45.38411,-72.72037,58254.202317097384
5094,J2W2X2,Canada,45.333439,-73.299737,88005.21778675016
5095,J2W3E1,Canada,45.347352,-73.301319,87024.65148212241
5096,J2X5P6,Canada,45.270216,-73.231987,89517.25009304412
5097,J2Y1M4,Canada,45.320435,-73.305354,89331.28037135472
5098,J2Y1K7,Canada,45.318676,-73.30601,89505.33463698656
5099,J2Y1K7,Canada,45.318676,-73.30601,89505.33463698656
5100,J2W3E2,Canada,45.36049,-73.263443,83870.74974262321
5101,J2W2E2,Canada,45.358362,-73.261013,83898.80301463198
5102,J2X4J3,Canada,45.327304,-73.256662,86105.3180156372
5103,J2W3B2,Canada,45.353448,-73.307754,86929.55386397774
5104,J2Y1A4,Canada,45.316467,-73.33814,91481.33630423968
5105,J2J0J1,Canada,45.410337,-72.759987,56586.370745264554
5106,J2X5K2,Canada,45.310496,-73.225672,85816.97820973763
5107,J2Y1C3,Canada,45.29119,-73.321506,92528.02886029072
5108,J2Y1B4,Canada,45.309863,-73.307478,90278.51084068336
5109,J2W1N2,Canada,45.350406,-73.286815,85967.33489505299
5110,J2N3G2,Canada,45.276635,-72.984598,77728.06034840955
5111,J2W2K7,Canada,45.354922,-73.29857,86291.4213864799
5112,J2X5H3,Canada,45.294284,-73.242957,88063.85143971563
5113,J2W1N2,Canada,45.350406,-73.286815,85967.33489505299
5114,J2X3N4,Canada,45.306707,-73.238792,86819.34703206146
5115,J2X5J9,Canada,45.31146,-73.226402,85775.62250552906
5116,J2W2C4,Canada,45.368896,-73.258832,82962.83786797292
5117,J2W1C1,Canada,45.362222,-73.30758,86259.37159046368
5118,J2X4Y6,Canada,45.3175,-73.242312,86122.91147802513
5119,J2K0B2,Canada,45.218019,-72.754727,76721.72705883102
5120,J2W2G3,Canada,45.351698,-73.263177,84537.96485568146
5121,J2W0B1,Canada,45.357268,-73.278104,84947.04747327903
5122,J2W1W5,Canada,45.358974,-73.295766,85823.58987909052
5123,J2X5S4,Canada,45.26594,-73.241932,90384.8960259578
5124,J2Y1E2,Canada,45.331643,-73.341267,90502.72566855482
5125,J2W2B8,Canada,45.370488,-73.252827,82500.91214110646
5126,J2W1C9,Canada,45.341999,-73.280156,86242.53039874861
5127,J2W2A8,Canada,45.375847,-73.255266,82227.82045129073
5128,J2W3C6,Canada,45.350772,-73.30487,86966.92826338313
5129,J2W1X1,Canada,45.339428,-73.300089,87562.5038073759
5130,J2X5S4,Canada,45.26594,-73.241932,90384.8960259578
5131,J2W0A7,Canada,45.35469,-73.277429,85107.01646603741
5132,J2W0A7,Canada,45.35469,-73.277429,85107.01646603741
5133,J2Y1M4,Canada,45.320435,-73.305354,89331.28037135472
5134,J2W2W8,Canada,45.365691,-73.30267,85715.4492133511
5135,J2W2K9,Canada,45.357928,-73.297629,86009.6107316189
5136,J2W0A7,Canada,45.35469,-73.277429,85107.01646603741
5137,J2W2T5,Canada,45.358456,-73.276197,84747.82200852458
5138,J2W0H2,Canada,45.364874,-73.258024,83226.93076931754
5139,J2W2W9,Canada,45.341819,-73.293964,87032.40343675177
5140,J2Y1E8,Canada,45.368064,-73.380274,90128.88920171221
5141,J2W2Z1,Canada,45.39342,-73.290471,82949.88200925349
5142,J2W2B1,Canada,45.37357,-73.251894,82211.10588804899
5143,J2W2T5,Canada,45.358456,-73.276197,84747.82200852458
5144,J2W2K9,Canada,45.357928,-73.297629,86009.6107316189
5145,J2X2W7,Canada,45.27189,-73.241288,89849.47548339938
5146,J2L0P2,Canada,45.272946,-72.78906,71701.2533487155
5147,J2W2H1,Canada,45.327396,-73.29787,88370.30386859697
5148,J2W2K9,Canada,45.357928,-73.297629,86009.6107316189
5149,J2W1S3,Canada,45.350805,-73.26913,84940.50442870878
5150,J2W1Z9,Canada,45.377822,-73.251837,81881.93931513013
5151,J2W1N9,Canada,45.351176,-73.28201,85636.39890763994
5152,J2W2V5,Canada,45.337026,-73.297679,87611.88166585444
5153,J2W2V5,Canada,45.337026,-73.297679,87611.88166585444
5154,J2W1Y9,Canada,45.341892,-73.296924,87193.93279715111
5155,J2W1Y9,Canada,45.341892,-73.296924,87193.93279715111
5156,J2W2Y1,Canada,45.334983,-73.298525,87817.52112442051
5157,J2Y1B1,Canada,45.308447,-73.314249,90765.04583023404
5158,J2X2E7,Canada,45.303054,-73.233259,86830.09774575499
5159,J2W0E1,Canada,45.362993,-73.254787,83190.31263395377
5160,J2W0B6,Canada,45.349296,-73.29497,86514.94982662627
5161,J2X3J1,Canada,45.301954,-73.239518,87249.25679201691
5162,J2J0B3,Canada,45.382639,-72.737633,58846.54685898602
5163,J2W2R9,Canada,45.339027,-73.298842,87522.97650230864
5164,J2J2K2,Canada,45.407528,-72.758849,56842.64912568912
5165,J2B4E1,Canada,45.848245,-72.459876,4069.410895666076
5166,J2J0H1,Canada,45.410337,-72.759987,56586.370745264554
5167,J2S8J5,Canada,45.630692,-72.960575,46299.495820358956
5168,J2X0B5,Canada,45.321181,-73.248693,86166.45086326725
5169,J2J2X6,Canada,45.357767,-72.748466,61739.40501500448
5170,J2J2G8,Canada,45.407387,-72.756393,56785.60998709818
5171,J2G0B9,Canada,45.401881,-72.734869,56757.599205515304
5172,J2H0E6,Canada,45.413996,-72.710579,54856.30048391138
5173,J2R1M9,Canada,45.644274,-72.905751,42006.15173945135
5174,J2W1G5,Canada,45.343245,-73.302622,87412.81912552583
5175,J2W0A1,Canada,45.34695,-73.301595,87071.0609161104
5176,J2C7K4,Canada,45.866851,-72.520341,3199.3806068577533
5177,J2C7K4,Canada,45.866851,-72.520341,3199.3806068577533
5178,J2G4P8,Canada,45.412929,-72.714541,55068.46488617372
5179,J2J0P8,Canada,45.442364,-72.819073,55313.45956157045
5180,J2X4N5,Canada,45.28422,-73.24282,88893.84522021245
5181,J2W2T2,Canada,45.34292,-73.295378,87027.41872978397
5182,J2W3B6,Canada,45.342129,-73.2921,86903.35920394858
5183,J2W0K2,Canada,45.337322,-73.291298,87230.27923813634
5184,J2W2R9,Canada,45.339027,-73.298842,87522.97650230864
5185,J2E1C9,Canada,45.908018,-72.531427,4764.010449380634
5186,J2X1W6,Canada,45.306332,-73.238617,86840.97921340413
5187,J2X3W8,Canada,45.303381,-73.233077,86793.50209039792
5188,J2W2A3,Canada,45.35724,-73.298884,86133.66547836391
5189,J2W1K5,Canada,45.355135,-73.304425,86610.86164421319
5190,J2X2G3,Canada,45.302203,-73.230046,86732.70313441192
5191,J2W1G8,Canada,45.344396,-73.290545,86640.7524249321
5192,J2Y1M4,Canada,45.320435,-73.305354,89331.28037135472
5193,J2Y1A4,Canada,45.316467,-73.33814,91481.33630423968
5194,J2X4J3,Canada,45.327304,-73.256662,86105.3180156372
5195,J2W2S9,Canada,45.35808,-73.273333,84614.62475046037
5196,J2G3P2,Canada,45.398758,-72.739721,57214.56069842501
5197,J2W1P3,Canada,45.341375,-73.275753,86045.13597441925
5198,J2W1G3,Canada,45.349,-73.29922,86779.32412799631
5199,J2X1R2,Canada,45.308825,-73.234496,86418.57309213362
5200,J2W1H5,Canada,45.346396,-73.293595,86659.2699763903
5201,J2Y0A1,Canada,45.317032,-73.314747,90121.23865431765
5202,J2X5G7,Canada,45.282237,-73.233723,88590.72432295106
5203,J2Y1B4,Canada,45.309863,-73.307478,90278.51084068336
5204,J2W2N8,Canada,45.347321,-73.277568,85684.14586441753
5205,J2W3A9,Canada,45.349739,-73.303731,86980.30661048753
5206,J2Y1C3,Canada,45.29119,-73.321506,92528.02886029072
5207,J2W0K6,Canada,45.337322,-73.291298,87230.27923813634
5208,J2W0E4,Canada,45.358802,-73.297567,85939.89723854234
5209,J2W2P1,Canada,45.354335,-73.29973,86402.35317262508
5210,J2W0K6,Canada,45.337322,-73.291298,87230.27923813634
5211,J2W1S3,Canada,45.350805,-73.26913,84940.50442870878
5212,J2L3M7,Canada,45.319961,-72.667116,64023.16861047868
5213,J2W1W8,Canada,45.354425,-73.298024,86297.93823161478
5214,J2X1H3,Canada,45.312667,-73.212545,84951.41872933813
5215,J2W2Y7,Canada,45.369687,-73.258131,82862.39768524698
5216,J2W1N3,Canada,45.347512,-73.285236,86100.905639938
5217,J2W2S9,Canada,45.35808,-73.273333,84614.62475046037
5218,J2W2Y4,Canada,45.335529,-73.296936,87685.9057177226
5219,J2N1C6,Canada,45.289709,-72.980042,76289.88427120594
5220,J2W0E3,Canada,45.3598,-73.257675,83599.97954911148
5221,J2W1M8,Canada,45.373017,-73.259206,82668.13411279593
5222,J2X5N1,Canada,45.330303,-73.236726,84785.1298600437
5223,J2W2C1,Canada,45.369157,-73.255103,82731.94202773977
5224,J2X5S5,Canada,45.270372,-73.238634,89842.06382749318
5225,J2W2H6,Canada,45.376366,-73.306225,85128.60378914149
5226,J2X4M6,Canada,45.297636,-73.230972,87160.52000255091
5227,J2W3E2,Canada,45.36049,-73.263443,83870.74974262321
5228,J2X4J2,Canada,45.27877,-73.208577,87607.61430271748
5229,J2X5N8,Canada,45.378302,-73.244647,81437.4642285865
5230,J2Y1C3,Canada,45.29119,-73.321506,92528.02886029072
5231,J2X4J1,Canada,45.319436,-73.208916,84200.04446573039
5232,J2X2X1,Canada,45.304202,-73.243505,87274.04599874871
5233,J2W0K1,Canada,45.337322,-73.291298,87230.27923813634
5234,J2W0K6,Canada,45.337322,-73.291298,87230.27923813634
5235,J2X1J8,Canada,45.309975,-73.240908,86662.83852268636
5236,J2X1E9,Canada,45.31442,-73.234845,85977.33786701738
5237,J2X2W7,Canada,45.27189,-73.241288,89849.47548339938
5238,J2X1X3,Canada,45.306754,-73.228042,86250.71833060139
5239,J2X4J2,Canada,45.27877,-73.208577,87607.61430271748
5240,J2X1X3,Canada,45.306754,-73.228042,86250.71833060139
5241,J2W3A1,Canada,45.337182,-73.301085,87791.8295073692
5242,J2W2G6,Canada,45.370166,-73.337523,87424.83070756793
5243,J2W0A9,Canada,45.357268,-73.278104,84947.04747327903
5244,J2X4Y6,Canada,45.3175,-73.242312,86122.91147802513
5245,J2W1J4,Canada,45.358063,-73.310831,86759.17626720897
5246,J2W0G2,Canada,45.360475,-73.291563,85469.03010717893
5247,J2X5E3,Canada,45.303649,-73.224246,86310.33735394274
5248,J2W1Y9,Canada,45.341892,-73.296924,87193.93279715111
5249,J2W1Y5,Canada,45.358627,-73.312196,86795.76023048043
5250,J2W2T9,Canada,45.345543,-73.290551,86552.70197441426
5251,J2H0W3,Canada,45.429679,-72.723478,53545.88114470259
5252,J2W2L2,Canada,45.362142,-73.3077,86272.30716940125
5253,J2W2Y2,Canada,45.339718,-73.294409,87219.675823969
5254,J2W1G6,Canada,45.344032,-73.295755,86963.1981434693
5255,J2W3A3,Canada,45.337246,-73.294658,87424.88662947285
5256,J2W1G8,Canada,45.344396,-73.290545,86640.7524249321
5257,J2W3A4,Canada,45.335974,-73.294979,87541.46510709604
5258,J2W2R8,Canada,45.35395,-73.274389,84992.49475378412
5259,J2W1L2,Canada,45.353473,-73.300526,86513.33453594879
5260,J2W1L2,Canada,45.353473,-73.300526,86513.33453594879
5261,J2W2N2,Canada,45.354335,-73.29973,86402.35317262508
5262,J2W1K3,Canada,45.355957,-73.308255,86769.02030087567
5263,J2W0G4,Canada,45.357702,-73.276834,84841.78867052734
5264,J2W0B8,Canada,45.356622,-73.290798,85718.13149782109
5265,J2W2P7,Canada,45.347304,-73.28353,86020.78125686914
5266,J2X5M2,Canada,45.316065,-73.22799,85479.82536382398
5267,J2X1G5,Canada,45.313525,-73.23981,86313.96119974129
5268,J2W1X2,Canada,45.340141,-73.299386,87467.87848728901
5269,J2W2W1,Canada,45.338476,-73.294671,87330.43471184588
5270,J2X4L2,Canada,45.296409,-73.225609,86984.71987775281
5271,J2Y1E8,Canada,45.368064,-73.380274,90128.88920171221
5272,J2X4S5,Canada,45.296409,-73.225609,86984.71987775281
5273,J2X5S1,Canada,45.265256,-73.241953,90443.8587659717
5274,J2W2N2,Canada,45.354335,-73.29973,86402.35317262508
5275,J2W2P2,Canada,45.341892,-73.295778,87129.18068933043
5276,J2Y1B2,Canada,45.309568,-73.312175,90561.93466096783
5277,J2W3C3,Canada,45.362237,-73.292027,85362.15105860477
5278,J2W2V5,Canada,45.337026,-73.297679,87611.88166585444
5279,J2N0G6,Canada,45.275648,-72.970851,77292.18836176001
5280,J2W3B4,Canada,45.336081,-73.293828,87468.53847806907
5281,J2W1P5,Canada,45.342958,-73.275402,85902.05585850301
5282,J2X1K6,Canada,45.312268,-73.229528,85873.34744786617
5283,J2X0A9,Canada,45.320375,-73.239063,85715.41961159783
5284,J2W1P6,Canada,45.344453,-73.275059,85766.40822858614
5285,J2W1N4,Canada,45.343158,-73.284205,86379.53311440129
5286,J2W1X5,Canada,45.338174,-73.299579,87630.34371400005
5287,J2Y1E2,Canada,45.331643,-73.341267,90502.72566855482
5288,J2W1L5,Canada,45.352769,-73.270306,84854.09305150354
5289,J2Y1E5,Canada,45.343557,-73.374872,91572.86706435756
5290,J2W1L4,Canada,45.354783,-73.306432,86752.73943731918
5291,J2X3N9,Canada,45.301347,-73.238519,87246.94102698799
5292,J2X5L8,Canada,45.293758,-73.241827,88048.40999221921
5293,J2Y1E8,Canada,45.368064,-73.380274,90128.88920171221
5294,J2W1Z2,Canada,45.341366,-73.298074,87299.42501899094
5295,J2W1R2,Canada,45.347219,-73.275769,85591.118190628
5296,J2W0B6,Canada,45.349296,-73.29497,86514.94982662627
5297,J2W0C2,Canada,45.340843,-73.301521,87534.6635544418
5298,J2W2P4,Canada,45.344399,-73.278536,85965.22340945165
5299,J2N2P9,Canada,45.265913,-72.937379,77009.40278776865
5300,J2W1L3,Canada,45.353625,-73.305169,86767.78736894159
5301,J2W1G4,Canada,45.345457,-73.302082,87212.85518974351
5302,J2W1M5,Canada,45.36054,-73.268103,84129.7331545864
5303,J2W1J4,Canada,45.358063,-73.310831,86759.17626720897
5304,J2W1J4,Canada,45.358063,-73.310831,86759.17626720897
5305,J2Y1A4,Canada,45.316467,-73.33814,91481.33630423968
5306,J2X1G5,Canada,45.313525,-73.23981,86313.96119974129
5307,J2X5S1,Canada,45.265256,-73.241953,90443.8587659717
5308,J2Y1A4,Canada,45.316467,-73.33814,91481.33630423968
5309,J2W1N6,Canada,45.348768,-73.271768,85246.56816462456
5310,J2W2R4,Canada,45.34292,-73.294989,87005.43456253225
5311,J2W1C6,Canada,45.352023,-73.290216,86036.16973780656
5312,J2H2G1,Canada,45.437888,-72.7139,52430.85657152983
5313,J2W3C8,Canada,45.35808,-73.273333,84614.62475046037
5314,J2W3C8,Canada,45.35808,-73.273333,84614.62475046037
5315,J2W1Z7,Canada,45.379817,-73.255112,81916.09676709374
5316,J2G6S1,Canada,45.392859,-72.716986,57246.49793076119
5317,J2G6S1,Canada,45.392859,-72.716986,57246.49793076119
5318,J2G6S1,Canada,45.392859,-72.716986,57246.49793076119
5319,J2X4P9,Canada,45.296206,-73.241026,87803.6190113597
5320,J2H3H8,Canada,45.38411,-72.72037,58254.202317097384
5321,J2H3H8,Canada,45.38411,-72.72037,58254.202317097384
5322,J2J0T2,Canada,45.387682,-72.777554,59440.98358641575
5323,J2W0H7,Canada,45.362589,-73.258399,83424.59209327832
5324,J2W1G5,Canada,45.343245,-73.302622,87412.81912552583
5325,J2H2C5,Canada,45.429467,-72.728657,53709.44021228218
5326,J2S5L9,Canada,45.631382,-72.958343,46114.61599609952
5327,J2G5H6,Canada,45.401891,-72.73115,56657.69106868597
5328,J2M2A1,Canada,45.385657,-72.608031,55941.188891568636
5329,J2J2W7,Canada,45.358926,-72.74698,61579.16405007999
5330,J2W3A2,Canada,45.341391,-73.302677,87558.078080613
5331,J2X5T9,Canada,45.329206,-73.236351,84853.64283246356
5332,J2X5T9,Canada,45.329206,-73.236351,84853.64283246356
5333,J2S0C2,Canada,45.60905,-72.983264,49169.432108552464
5334,J2R2A4,Canada,45.631732,-72.860039,40252.56717010004
5335,J2W1T6,Canada,45.365328,-73.310734,86210.24311738131
5336,J2J1K5,Canada,45.398039,-72.763106,57946.75970090905
5337,J2H3C8,Canada,45.385591,-72.705741,57747.41565825113
5338,J2J2L4,Canada,45.419872,-72.743406,55119.81753804549
5339,J2G2R4,Canada,45.402483,-72.709864,56054.61109542029
5340,J2G0B9,Canada,45.401881,-72.734869,56757.599205515304
5341,J2G9S8,Canada,45.39185,-72.731616,57723.05078115675
5342,J2J0V3,Canada,45.387682,-72.777554,59440.98358641575
5343,J2W1H1,Canada,45.34516,-73.295589,86867.12798448915
5344,J2W1X1,Canada,45.339428,-73.300089,87562.5038073759
5345,J2L0L8,Canada,45.314639,-72.612668,63799.684015211635
5346,J2K3W5,Canada,45.212159,-72.736945,76982.92126663968
5347,J2M1M6,Canada,45.354749,-72.587052,59090.16422231883
5348,J2W1H2,Canada,45.344752,-73.30176,87248.47994212007
5349,J2Y1B2,Canada,45.309568,-73.312175,90561.93466096783
5350,J2G4K9,Canada,45.390891,-72.71442,57391.75859147949
5351,J2W1P7,Canada,45.34446,-73.274198,85717.73357648215
5352,J2H0H6,Canada,45.387929,-72.684067,57015.604714026456
5353,J2G7B7,Canada,45.388519,-72.736348,58196.13258423256
5354,J2G3G5,Canada,45.405831,-72.743272,56574.46235122977
5355,J2K2V7,Canada,45.210358,-72.749402,77430.5181680801
5356,J2H2A8,Canada,45.422397,-72.742548,54833.65316471604
5357,J2Y1E6,Canada,45.364976,-73.374978,90030.39328336777
5358,J2W1L4,Canada,45.354783,-73.306432,86752.73943731918
5359,J2Y1K2,Canada,45.317963,-73.310152,89791.9714078276
5360,J2S5Y2,Canada,45.627316,-72.95853,46400.98942185187
5361,J2X3Z2,Canada,45.309514,-73.230165,86133.90663391518
5362,J2X5R7,Canada,45.323321,-73.245985,85847.73819386474
5363,J2M1H5,Canada,45.376599,-72.571133,56519.20608057654
5364,J2W1T2,Canada,45.383176,-73.302692,84419.92476197734
5365,J2W1W7,Canada,45.358674,-73.297302,85934.38127812847
5366,J2T3B6,Canada,45.61414,-72.918209,44913.4455652907
5367,J2J2A4,Canada,45.421794,-72.801127,56724.58269809631
5368,J2J0L6,Canada,45.3426,-72.74542,63257.94055969374
5369,J2X5N1,Canada,45.330303,-73.236726,84785.1298600437
5370,J2X5N1,Canada,45.330303,-73.236726,84785.1298600437
5371,J2W2N8,Canada,45.347321,-73.277568,85684.14586441753
5372,J2Y1C6,Canada,45.3236,-73.323803,90121.49156786427
5373,J2G8Y2,Canada,45.414789,-72.740602,55568.36352723468
5374,J2K0V1,Canada,45.188608,-72.755522,79892.48781151044
5375,J2X0C7,Canada,45.32146,-73.243527,85866.28250682131
5376,J2R1K6,Canada,45.673113,-72.929003,41554.293637119896
5377,J2T3P4,Canada,45.620431,-72.94703,46173.60702838601
5378,J2W2C1,Canada,45.369157,-73.255103,82731.94202773977
5379,J2W2P3,Canada,45.352667,-73.281272,85479.9168267064
5380,J2T1G3,Canada,45.635027,-72.929843,44113.154230327076
5381,J2T1G3,Canada,45.635027,-72.929843,44113.154230327076
5382,J2W2E8,Canada,45.354072,-73.26381,84388.63111232828
5383,J2H0R6,Canada,45.380983,-72.69796,58060.84416542668
5384,J2J0J5,Canada,45.419088,-72.789192,56600.50915497609
5385,J2S8W3,Canada,45.643604,-72.956308,45177.29421480843
5386,J2H0H1,Canada,45.368597,-72.703959,59516.209269102306
5387,J2J0T4,Canada,45.387682,-72.777554,59440.98358641575
5388,J2G4E7,Canada,45.388859,-72.735772,58145.36613707899
5389,J2S1B3,Canada,45.637473,-72.961741,45921.09402121225
5390,J2X1T9,Canada,45.307449,-73.237259,86677.45761619984
5391,J2X1T9,Canada,45.307449,-73.237259,86677.45761619984
5392,J2G4A4,Canada,45.389474,-72.736808,58108.1168494593
5393,J2S7N7,Canada,45.606273,-72.973797,48785.276492497556
5394,J2S3S4,Canada,45.61067,-72.977089,48680.058538383055
5395,J2B0H6,Canada,45.857269,-72.503525,3006.4986535830176
5396,J2G2B8,Canada,45.406255,-72.723654,56003.83815316057
5397,J2K3C8,Canada,45.210259,-72.767706,77834.35128691638
5398,J2G3N2,Canada,45.398889,-72.732715,57013.549783494476
5399,J2Y1E3,Canada,45.334436,-73.346087,90569.66391138213
5400,J2X1W3,Canada,45.30586,-73.240647,86986.87486867303
5401,J2Y1B7,Canada,45.307933,-73.324635,91383.23216626068
5402,J2H0W3,Canada,45.429679,-72.723478,53545.88114470259
5403,J2G7M7,Canada,45.396959,-72.740725,57429.60975824602
5404,J2X0A9,Canada,45.320375,-73.239063,85715.41961159783
5405,J2J0H8,Canada,45.362588,-72.786479,62290.406291325555
5406,J2X3X7,Canada,45.30989,-73.231166,86155.52277462989
5407,J2N1S2,Canada,45.281832,-72.97948,77026.68396802801
5408,J2W3E4,Canada,45.355619,-73.272525,84758.60669124778
5409,J2X5C2,Canada,45.290666,-73.231361,87762.27946207213
5410,J2J0M7,Canada,45.426443,-72.814932,56737.71024654494
5411,J2L3C8,Canada,45.30911,-72.617723,64470.06934183827
5412,J2W3A1,Canada,45.337182,-73.301085,87791.8295073692
5413,J2R1N3,Canada,45.638126,-72.914985,42995.362334908175
5414,J2W2N2,Canada,45.354335,-73.29973,86402.35317262508
5415,J2W3A9,Canada,45.349739,-73.303731,86980.30661048753
5416,J2W2V9,Canada,45.337921,-73.294702,87375.11317289765
5417,J2M1L4,Canada,45.3401,-72.58848,60721.140436115944
5418,J2G6E6,Canada,45.412259,-72.738015,55759.812770535966
5419,J2G6E6,Canada,45.412259,-72.738015,55759.812770535966
5420,J2W2E7,Canada,45.356507,-73.265067,84270.20703689528
5421,J2N1M9,Canada,45.279121,-72.964684,76719.33914459714
5422,J2T4N6,Canada,45.629243,-72.931056,44589.827083788725
5423,J2L0G7,Canada,45.318881,-72.661594,64046.2278039641
5424,J2W1J6,Canada,45.358699,-73.30599,86432.05045058101
5425,J2H2T9,Canada,45.382348,-72.733789,58777.477399697804
5426,J2Y1M4,Canada,45.320435,-73.305354,89331.28037135472
5427,J2K1R6,Canada,45.204917,-72.747363,77972.64724701495
5428,J2S0M2,Canada,45.63818,-72.97214,46529.99650106498
5429,J2H2B1,Canada,45.43311,-72.724938,53227.63295861931
5430,J2X5J6,Canada,45.300391,-73.228658,86810.91901683091
5431,J2W3A5,Canada,45.364086,-73.30866,86182.50055601206
5432,J2Y1M1,Canada,45.319099,-73.303586,89337.28788653386
5433,J2W2C5,Canada,45.366344,-73.262652,83375.09961114461
5434,J2G4K5,Canada,45.393047,-72.711537,57093.73905614258
5435,J2W0G8,Canada,45.362993,-73.254787,83190.31263395377
5436,J2G5H3,Canada,45.410169,-72.725475,55640.62246912456
5437,J2W2P9,Canada,45.357669,-73.29564,85915.28026847141
5438,J2Y1M1,Canada,45.319099,-73.303586,89337.28788653386
5439,J2Y1E4,Canada,45.340698,-73.361884,91020.42336970569
5440,J2S0H8,Canada,45.592203,-72.974923,49851.4478515383
5441,J2CK6,Canada,0,0,8672420.421869809
5442,J2T4W1,Canada,45.622164,-72.924903,44723.40118283427
5443,J2H0X5,Canada,45.428981,-72.7425,54150.62672354809
5444,J2R1G5,Canada,45.649426,-72.99737,47445.449886889764
5445,J2T0E5,Canada,45.61286,-72.940751,46334.401392132015
5446,J2T0E5,Canada,45.61286,-72.940751,46334.401392132015
5447,J2G5E2,Canada,45.405432,-72.726229,56157.20049875782
5448,J2C4K6,Canada,45.882108,-72.495202,872.2274000904765
5449,J2T1P3,Canada,45.620506,-72.94019,45755.78643949541
5450,J2S0K7,Canada,45.622897,-72.95249,46333.495226477746
5451,J2S4K3,Canada,45.632141,-72.950503,45578.22336309455
5452,J2B3R1,Canada,45.856419,-72.458497,3351.6935252272033
5453,J2S0G9,Canada,45.613716,-72.987211,49094.17026849127
5454,J2C4N8,Canada,45.881469,-72.491119,548.2482610606123
5455,J2W1G5,Canada,45.343245,-73.302622,87412.81912552583
5456,J2W2C1,Canada,45.369157,-73.255103,82731.94202773977
5457,J2W3A2,Canada,45.341391,-73.302677,87558.078080613
5458,J2W1X6,Canada,45.355446,-73.299644,86313.14911776765
5459,J2W1E4,Canada,45.355394,-73.294937,86047.86544976736
5460,J2W1J7,Canada,45.356649,-73.308717,86743.51089746646
5461,J2G5B3,Canada,45.400041,-72.726952,56741.91383033045
5462,J2W1X6,Canada,45.355446,-73.299644,86313.14911776765
5463,J2G3P4,Canada,45.398553,-72.741186,57275.69763308646
5464,J2Y1A8,Canada,45.316187,-73.320335,90499.80589129546
5465,J2W3A1,Canada,45.337182,-73.301085,87791.8295073692
5466,J2X4K3,Canada,45.277631,-73.234826,89034.9142496825
5467,J2M2B7,Canada,45.404721,-72.648118,54496.81139239457
5468,J2W1Z2,Canada,45.341366,-73.298074,87299.42501899094
5469,J2W0G4,Canada,45.357702,-73.276834,84841.78867052734
5470,J2S7K1,Canada,45.640198,-72.95964,45609.97573260814
5471,J2H2W4,Canada,45.422263,-72.718127,54179.72675652021
5472,J2R2H2,Canada,45.647833,-72.899148,41357.465443907175
5473,J2G7T1,Canada,45.395871,-72.745781,57681.00143479272
5474,J2J2K3,Canada,45.40796,-72.757589,56761.22572564005
5475,J2N2R2,Canada,45.302621,-72.960268,74270.6578874542
5476,J2G6A6,Canada,45.422361,-72.733001,54569.36007575731
5477,J2W0E1,Canada,45.362993,-73.254787,83190.31263395377
5478,J2W0E1,Canada,45.362993,-73.254787,83190.31263395377
5479,J2W0E1,Canada,45.362993,-73.254787,83190.31263395377
5480,J2G6S8,Canada,45.39592,-72.724196,57104.360448439744
5481,J2J2L6,Canada,45.418221,-72.747124,55397.227201082474
5482,J2W3E8,Canada,45.353414,-73.289512,85889.73928229019
5483,J2G8V7,Canada,45.375384,-72.746183,59832.08749580481
5484,J2G5H6,Canada,45.401891,-72.73115,56657.69106868597
5485,J2G6T7,Canada,45.397472,-72.729267,57071.76798928343
5486,J2H3E9,Canada,45.396062,-72.689565,56264.95284983244
5487,J2G8B3,Canada,45.411361,-72.757123,56396.509562460385
5488,J2K3T7,Canada,45.210131,-72.740075,77263.92010477152
5489,J2X5T4,Canada,45.323493,-73.207547,83792.40177750245
5490,J2W1Z5,Canada,45.360308,-73.309385,86507.19929222697
5491,J2W1Z5,Canada,45.360308,-73.309385,86507.19929222697
5492,J2W1W5,Canada,45.358974,-73.295766,85823.58987909052
5493,J2K3T9,Canada,45.214445,-72.731642,76631.71955290335
5494,J2N0G1,Canada,45.244267,-72.837473,76007.04652607608
5495,J2G3P6,Canada,45.398135,-72.744084,57398.43971767595
5496,J2k3T1,Canada,45.191607,-72.751573,79489.13403216534
5497,J2Y1B7,Canada,45.307933,-73.324635,91383.23216626068
5498,J2W3B6,Canada,45.342129,-73.2921,86903.35920394858
5499,J2W1X7,Canada,45.337692,-73.299383,87656.47058123091
5500,J2G3H3,Canada,45.403306,-72.742568,56817.90984803534
5501,J2R1E3,Canada,45.64831,-72.997116,47496.75442109324
5502,J2X5J1,Canada,45.317505,-73.239878,85992.63252583958
5503,J2X5J1,Canada,45.317505,-73.239878,85992.63252583958
5504,J2X5J1,Canada,45.317505,-73.239878,85992.63252583958
5505,J2M1P7,Canada,45.351158,-72.625292,59959.98684523863
5506,J2W1P2,Canada,45.344254,-73.266161,85285.83376417437
5507,J2K1A9,Canada,45.215225,-72.764034,77222.81706306919
5508,J2X1A7,Canada,45.315977,-73.238612,86049.89206425413
5509,J2X4T9,Canada,45.275478,-73.239355,89448.22413830663
5510,J2W1R5,Canada,45.347209,-73.268088,85162.18864350182
5511,J2W1W3,Canada,45.353421,-73.296502,86287.35421132574
5512,J2X5E4,Canada,45.303492,-73.222886,86252.68433114963
5513,J2G3N7,Canada,45.399238,-72.735345,57046.81360900483
5514,J2X4T1,Canada,45.292347,-73.239497,88044.09825577844
5515,J2X1A7,Canada,45.315977,-73.238612,86049.89206425413
5516,J2W2P5,Canada,45.363441,-73.303075,85907.50553062082
5517,J2X1H1,Canada,45.312667,-73.215639,85112.55151291407
5518,J2W2M3,Canada,45.342842,-73.27576,85931.09459273289
5519,J2W0K8,Canada,45.337322,-73.291298,87230.27923813634
5520,J2J0M6,Canada,45.427225,-72.820066,56842.64943961041
5521,J2H2E3,Canada,45.432357,-72.714426,53024.20111056842
5522,J2H2N8,Canada,45.434023,-72.732335,53338.121493623905
5523,J2S8T5,Canada,45.615673,-72.970633,47940.52759636977
5524,J2R2B2,Canada,45.637416,-72.911778,42851.872562432334
5525,J2Y1E6,Canada,45.364976,-73.374978,90030.39328336777
5526,J2S6H8,Canada,45.625589,-72.964553,46889.96952862655
5527,J2W2V9,Canada,45.337921,-73.294702,87375.11317289765
5528,J2W1X9,Canada,45.342104,-73.302765,87508.37736935147
5529,J2K4A2,Canada,45.270579,-72.795847,72126.4329455479
5530,J2W0E5,Canada,45.361577,-73.297569,85730.34741191899
5531,J2X1J3,Canada,45.311201,-73.239142,86468.79883610444
5532,J2B4Y2,Canada,45.860606,-72.479704,2258.944338274703
5533,J2J0M6,Canada,45.427225,-72.820066,56842.64943961041
5534,J2K3G6,Canada,45.217247,-72.808918,78070.3542091705
5535,J2G3M3,Canada,45.399673,-72.744798,57257.81793922723
5536,J2W2T7,Canada,45.339089,-73.296275,87373.40362234757
5537,J2G7A3,Canada,45.400335,-72.735325,56931.50745645705
5538,J2W1L6,Canada,45.353143,-73.273001,84976.66490752903
5539,J2S8A1,Canada,45.632288,-72.966436,46557.971070728214
5540,J2H2E3,Canada,45.432357,-72.714426,53024.20111056842
5541,J2G2N5,Canada,45.40391,-72.731943,56467.253069691265
5542,J2X4V2,Canada,45.279957,-73.241272,89170.49698472908
5543,J2H3E2,Canada,45.385591,-72.705741,57747.41565825113
5544,J2H3E2,Canada,45.385591,-72.705741,57747.41565825113
5545,J2X5P1,Canada,45.362475,-73.245511,82711.38301086274
5546,J2X4B8,Canada,45.286876,-73.23016,88017.93740229197
5547,J2W1W5,Canada,45.358974,-73.295766,85823.58987909052
5548,J2J0T4,Canada,45.387682,-72.777554,59440.98358641575
5549,J2K2N8,Canada,45.197232,-72.744485,78740.51408213357
5550,J2S9E7,Canada,45.607478,-72.989006,49629.42029643321
5551,J2T1P3,Canada,45.620506,-72.94019,45755.78643949541
5552,J2W2W3,Canada,45.359838,-73.300074,86005.61972420431
5553,J2N0A7,Canada,45.29241,-72.983488,76167.05470379865
5554,J2R1W8,Canada,45.650893,-72.90599,41561.6417341966
5555,J2S7A9,Canada,45.583233,-72.980562,50834.39242805091
5556,J2C7S6,Canada,45.865383,-72.519561,3229.526329318713
5557,J2W2B2,Canada,45.375087,-73.253961,82211.8763082814
5558,J2C7S6,Canada,45.865383,-72.519561,3229.526329318713
5559,J2W0C2,Canada,45.340843,-73.301521,87534.6635544418
5560,J2J1B9,Canada,45.3986,-72.759097,57772.519729326166
5561,J2W1K3,Canada,45.355957,-73.308255,86769.02030087567
5562,J2G7B1,Canada,45.391107,-72.735211,57894.92022460496
5563,J2G3E2,Canada,45.407949,-72.749335,56524.67257009601
5564,J2j2g7,Canada,45.405723,-72.75746,56988.569498275334
5565,J2W3B1,Canada,45.358986,-73.293479,85691.66233873706
5566,J2Y1G2,Canada,45.371432,-73.388032,90359.88452495761
5567,J2H0Y8,Canada,45.421934,-72.716542,54172.94345534275
5568,J2X1P9,Canada,45.308118,-73.237694,86645.3617783192
5569,J2L2X3,Canada,45.32468,-72.703853,64213.533575511356
5570,J2W1X8,Canada,45.342682,-73.302761,87463.84386367735
5571,J2W1X8,Canada,45.342682,-73.302761,87463.84386367735
5572,J2W1W9,Canada,45.339635,-73.297124,87379.14162785008
5573,J2W1W9,Canada,45.339635,-73.297124,87379.14162785008
5574,J2W1W9,Canada,45.339635,-73.297124,87379.14162785008
5575,J2J2L4,Canada,45.419872,-72.743406,55119.81753804549
5576,J2L3H8,Canada,45.312602,-72.670634,64883.07314136455
5577,J2W3B2,Canada,45.353448,-73.307754,86929.55386397774
5578,J2Y1A4,Canada,45.316467,-73.33814,91481.33630423968
5579,J2H3E3,Canada,45.384335,-72.70693,57908.57140041633
5580,J2H2B1,Canada,45.43311,-72.724938,53227.63295861931
5581,J2W1M2,Canada,45.354633,-73.268452,84605.54382333632
5582,J2S7J4,Canada,45.638008,-72.962517,45934.59788734594
5583,J2G9H1,Canada,45.39913,-72.734339,57031.33326294275
5584,J2W2P6,Canada,45.34292,-73.294989,87005.43456253225
5585,J2W1Y9,Canada,45.341892,-73.296924,87193.93279715111
5586,J2W1L4,Canada,45.354783,-73.306432,86752.73943731918
5587,J2C2C2,Canada,0,0,8672420.421869809
5588,J2H3G3,Canada,45.384586,-72.704824,57832.998003801644
5589,J2X5P6,Canada,45.270216,-73.231987,89517.25009304412
5590,J2E1J2,Canada,45.907461,-72.546073,5650.153092584214
5591,J2N1W5,Canada,45.283951,-72.988859,77191.92326279412
5592,J2W1E4,Canada,45.355394,-73.294937,86047.86544976736
5593,J2S9A9,Canada,45.601394,-72.991592,50206.55372746358
5594,J2G5T2,Canada,45.412386,-72.73202,55582.95595197966
5595,J2X0E1,Canada,45.31386,-73.242288,86418.3377557293
5596,J2R1C2,Canada,45.639882,-72.991883,47679.95137481799
5597,J2G2B7,Canada,45.40601,-72.722529,56000.503926639845
5598,J2S7J4,Canada,45.638008,-72.962517,45934.59788734594
5599,J2G5C9,Canada,45.40355,-72.72706,56376.365447785756
5600,J2X0B5,Canada,45.321181,-73.248693,86166.45086326725
5601,J2L1N8,Canada,45.300284,-72.632191,65628.66186766759
5602,J2Y1G2,Canada,45.371432,-73.388032,90359.88452495761
5603,J2Y1G2,Canada,45.371432,-73.388032,90359.88452495761
5604,J2W3A1,Canada,45.337182,-73.301085,87791.8295073692
5605,J2G0B9,Canada,45.401881,-72.734869,56757.599205515304
5606,J2Y1A7,Canada,45.315955,-73.318952,90440.36364852462
5607,J2S6A3,Canada,45.630484,-72.96571,46632.754249369726
5608,J2T1P3,Canada,45.620506,-72.94019,45755.78643949541
5609,J2T1P3,Canada,45.620506,-72.94019,45755.78643949541
5610,J2G3B8,Canada,45.401004,-72.732732,56792.46185790252
5611,J2K1X4,Canada,45.202011,-72.742894,78194.30325245195
5612,J2Y1G2,Canada,45.371432,-73.388032,90359.88452495761
5613,J2G7M8,Canada,45.397847,-72.740982,57343.85247249129
5614,J2W1R7,Canada,45.348984,-73.27379,85343.14196434156
5615,J2S8N3,Canada,45.639506,-72.942353,44576.45817280807
5616,J2T0E5,Canada,45.61286,-72.940751,46334.401392132015
5617,J2W2T7,Canada,45.339089,-73.296275,87373.40362234757
5618,J2Y1A4,Canada,45.316467,-73.33814,91481.33630423968
5619,J2A3E3,Canada,45.825712,-72.356398,11641.03482593796
5620,J2H0E9,Canada,45.399028,-72.684119,55828.70111691202
5621,J2X4C3,Canada,45.279827,-73.229641,88584.60012081993
5622,J2S8L8,Canada,45.605067,-72.983656,49468.28610723969
5623,J2K1H7,Canada,45.208866,-72.749487,77592.42548102574
5624,J2S4K8,Canada,45.624285,-72.93959,45453.47897894829
5625,J2X0C7,Canada,45.32146,-73.243527,85866.28250682131
5626,J2G7B1,Canada,45.391107,-72.735211,57894.92022460496
5627,J2W0E7,Canada,45.360591,-73.261785,83769.60523459622
5628,J2W1J5,Canada,45.358763,-73.308677,86582.23190904374
5629,J2H0R9,Canada,45.386915,-72.696646,57398.71187019393
5630,J2S4N1,Canada,45.623177,-72.939217,45508.78988698713
5631,J2S1G8,Canada,45.630238,-72.966093,46673.03468511636
5632,J2H1Z7,Canada,45.427839,-72.736148,54087.62695222898
5633,J2W2W6,Canada,45.358752,-73.313537,86863.9783879345
5634,J2G6Z3,Canada,45.387417,-72.732074,58200.53843087731
5635,J2S5V1,Canada,45.623706,-72.952465,46276.043673581786
5636,J2T1K4,Canada,45.632163,-72.932745,44488.476976469734
5637,J2T0C3,Canada,45.626501,-72.927083,44543.93048379802
5638,J2L2A7,Canada,45.259158,-72.66654,70630.48700859613
5639,J2W1W5,Canada,45.358974,-73.295766,85823.58987909052
5640,J2W2T7,Canada,45.339089,-73.296275,87373.40362234757
5641,J2K5G6,Canada,45.215257,-72.731607,76543.52100330978
5642,J2K5G6,Canada,45.215257,-72.731607,76543.52100330978
5643,J2T1X6,Canada,45.62031,-72.942801,45926.798518445954
5644,J2T1X6,Canada,45.62031,-72.942801,45926.798518445954
5645,J2J0A8,Canada,45.381475,-72.742211,59088.90649841842
5646,J2W2X7,Canada,45.339696,-73.292532,87115.70045348024
5647,J2W3C2,Canada,45.356702,-73.309189,86766.72455215166
5648,J2Y1E1,Canada,45.330399,-73.352017,91215.41082777726
5649,J2G7B5,Canada,45.384885,-72.73648,58580.7721424475
5650,J2W2S8,Canada,45.347984,-73.29541,86640.38335918022
5651,J2X4J3,Canada,45.327304,-73.256662,86105.3180156372
5652,J2S5V2,Canada,45.624213,-72.953113,46280.65496551406
5653,J2X4J3,Canada,45.327304,-73.256662,86105.3180156372
5654,J2S0H5,Canada,45.612399,-72.984839,49037.13368866529
5655,J2M1H3,Canada,45.372368,-72.555057,56851.72005143993
5656,J2X2L8,Canada,45.298292,-73.238496,87498.47711503894
5657,J2J0H1,Canada,45.410337,-72.759987,56586.370745264554
5658,J2N0B9,Canada,45.277412,-72.990417,77881.75861829861
5659,J2N0B9,Canada,45.277412,-72.990417,77881.75861829861
5660,J2W2N3,Canada,45.34673,-73.277156,85706.86276486686
5661,J2W2N3,Canada,45.34673,-73.277156,85706.86276486686
5662,J2G7B5,Canada,45.384885,-72.73648,58580.7721424475
5663,J2R1K6,Canada,45.673113,-72.929003,41554.293637119896
5664,J2K4S6,Canada,45.273857,-72.750857,70673.69642993918
5665,J2G2E2,Canada,45.407172,-72.731002,56100.78845492554
5666,J2L2X2,Canada,45.32468,-72.703853,64213.533575511356
5667,J2J2M2,Canada,45.384065,-72.739166,58737.15763364174
5668,J2N1E2,Canada,45.290158,-72.971328,75904.99767362788
5669,J2G3Z1,Canada,45.391628,-72.73653,57875.066611687915
5670,J2H1H9,Canada,45.417369,-72.716458,54650.30923363392
5671,J2W1X2,Canada,45.340141,-73.299386,87467.87848728901
5672,J2Y1G2,Canada,45.371432,-73.388032,90359.88452495761
5673,J2Y1G2,Canada,45.371432,-73.388032,90359.88452495761
5674,J2Y1B4,Canada,45.309863,-73.307478,90278.51084068336
5675,J2G3M5,Canada,45.399865,-72.737454,57037.73902038625
5676,J2W3A3,Canada,45.337246,-73.294658,87424.88662947285
5677,J2W3A3,Canada,45.337246,-73.294658,87424.88662947285
5678,J2T4Y5,Canada,45.61656,-72.925374,45156.37864032805
5679,J2W1Y3,Canada,45.339602,-73.296213,87330.30553934089
5680,J2Y1A6,Canada,45.31615,-73.315979,90258.83840931332
5681,J2G4E5,Canada,45.389732,-72.734422,58018.454731601516
5682,J2Y1H3,Canada,45.286876,-73.355849,94769.51223412469
5683,J2W1N6,Canada,45.348768,-73.271768,85246.56816462456
5684,J2S5K9,Canada,45.626961,-72.952704,46066.78039229031
5685,J2H1N6,Canada,45.426826,-72.704201,53343.70390648806
5686,J2W0B1,Canada,45.357268,-73.278104,84947.04747327903
5687,J2J1V6,Canada,45.404325,-72.762701,57286.187673760534
5688,J2W1R5,Canada,45.347209,-73.268088,85162.18864350182
5689,J2G3P5,Canada,45.398296,-72.742958,57350.81743243277
5690,J2T2S9,Canada,45.635884,-72.927976,43940.029065239
5691,J2R1M9,Canada,45.644274,-72.905751,42006.15173945135
5692,J2J1W6,Canada,45.402804,-72.752617,57151.48372042877
5693,J2W2S9,Canada,45.35808,-73.273333,84614.62475046037
5694,J2W3B2,Canada,45.353448,-73.307754,86929.55386397774
5695,J2W3B2,Canada,45.353448,-73.307754,86929.55386397774
5696,J2W3B2,Canada,45.353448,-73.307754,86929.55386397774
5697,J2N0H2,Canada,45.275648,-72.970851,77292.18836176001
5698,J2W2T9,Canada,45.345543,-73.290551,86552.70197441426
5699,J2T2W9,Canada,45.63282,-72.935223,44593.9222034391
5700,J2K1W6,Canada,45.202659,-72.742856,78123.81775425187
5701,J2H2B4,Canada,45.435261,-72.729442,53128.32856298023
5702,J2Y1A6,Canada,45.31615,-73.315979,90258.83840931332
5703,J2W3E9,Canada,45.348685,-73.296252,86634.54948854035
5704,J2W3E9,Canada,45.348685,-73.296252,86634.54948854035
5705,J2X4J3,Canada,45.327304,-73.256662,86105.3180156372
5706,J2J1V7,Canada,45.404325,-72.762701,57286.187673760534
5707,J2W0G8,Canada,45.362993,-73.254787,83190.31263395377
5708,J2M1G3,Canada,45.385445,-72.709534,57851.78562128764
5709,J2G8L6,Canada,45.416053,-72.739238,55398.86298236893
5710,J2J2A4,Canada,45.421794,-72.801127,56724.58269809631
5711,J2G2C4,Canada,45.40678,-72.726151,56013.74454149178
5712,J2G6C5,Canada,45.415845,-72.735955,55329.49742941142
5713,J2T3A6,Canada,45.625059,-72.931939,44937.70496274844
5714,J2N0G1,Canada,45.244267,-72.837473,76007.04652607608
5715,J2H2B1,Canada,45.43311,-72.724938,53227.63295861931
5716,J2X5S6,Canada,45.266632,-73.241885,90323.95802885466
5717,J2J0E3,Canada,45.396028,-72.772255,58424.1167500544
5718,J2w2t6,Canada,45.360037,-73.295322,85717.65105380454
5719,J2S8A9,Canada,45.633645,-72.96968,46671.39611434567
5720,J2W2P1,Canada,45.354335,-73.29973,86402.35317262508
5721,J2W2P1,Canada,45.354335,-73.29973,86402.35317262508
5722,J2S6H1,Canada,45.628983,-72.967,46813.367965403064
5723,J2H2X6,Canada,45.344624,-72.692988,61847.81829823662
5724,J2W0E6,Canada,45.362122,-73.293387,85448.89357567087
5725,J2W3A1,Canada,45.337182,-73.301085,87791.8295073692
5726,J2W3A1,Canada,45.337182,-73.301085,87791.8295073692
5727,J2W1G4,Canada,45.345457,-73.302082,87212.85518974351
5728,J2W3A1,Canada,45.337182,-73.301085,87791.8295073692
5729,J2W3A1,Canada,45.337182,-73.301085,87791.8295073692
5730,J2W3A1,Canada,45.337182,-73.301085,87791.8295073692
5731,J2R1V7,Canada,45.64256,-72.897805,41648.502401548685
5732,J2S0N5,Canada,45.63818,-72.97214,46529.99650106498
5733,J2J2Z8,Canada,45.385475,-72.755819,59041.16267816236
5734,J2W1X7,Canada,45.337692,-73.299383,87656.47058123091
5735,J2T3C6,Canada,45.628549,-72.937471,45027.07731343203
5736,J2W1A8,Canada,45.392368,-73.386058,88784.44712226196
5737,J2R1G7,Canada,45.648736,-73.020239,48987.41373660071
5738,J2W2T7,Canada,45.339089,-73.296275,87373.40362234757
5739,J2C8A9,Canada,45.907297,-72.506766,3444.4430035009386
5740,J2X5J8,Canada,45.31146,-73.226402,85775.62250552906
5741,J2W2S4,Canada,45.340275,-73.294615,87188.26375543367
5742,J2W1J8,Canada,45.358402,-73.305339,86416.89818690722
5743,J2Y1B7,Canada,45.307933,-73.324635,91383.23216626068
5744,J2G7G7,Canada,45.402122,-72.738743,56836.80352462116
5745,J2W2H1,Canada,45.327396,-73.29787,88370.30386859697
5746,J2W1C9,Canada,45.341999,-73.280156,86242.53039874861
5747,J2S7M5,Canada,45.593748,-72.975556,49778.14713662871
5748,J2X1R3,Canada,45.308743,-73.234873,86445.18722953048
5749,J2W0G2,Canada,45.360475,-73.291563,85469.03010717893
5750,J2W1M1,Canada,45.352,-73.280344,85478.836391337
5751,J2J1N6,Canada,45.405677,-72.755961,56949.88609729902
5752,J2W3B5,Canada,45.362638,-73.309087,86315.48412396452
5753,J2W1Y9,Canada,45.341892,-73.296924,87193.93279715111
5754,J2Y1B8,Canada,45.294894,-73.314003,91822.11375857951
5755,J2W1X5,Canada,45.338174,-73.299579,87630.34371400005
5756,J2Y1E2,Canada,45.331643,-73.341267,90502.72566855482
5757,J2X4J3,Canada,45.327304,-73.256662,86105.3180156372
5758,J2x4c6,Canada,45.273554,-73.229989,89132.80016208626
5759,J2J0B3,Canada,45.382639,-72.737633,58846.54685898602
5760,J2G9K9,Canada,45.404612,-72.711874,55878.9159024232
5761,J2W1V4,Canada,45.349271,-73.301101,86865.83659133491
5762,J2W0K8,Canada,45.337322,-73.291298,87230.27923813634
5763,J2W1A3,Canada,45.385394,-73.362164,87810.06488382927
5764,J2G8Y7,Canada,45.418106,-72.744956,55347.04416908377
5765,J2J2G7,Canada,45.405723,-72.75746,56988.569498275334
5766,J2W2R9,Canada,45.339027,-73.298842,87522.97650230864
5767,J2J2T3,Canada,45.382397,-72.75118,59233.71838824335
5768,J2L1K8,Canada,45.305695,-72.630687,65015.002082508494
5769,J2J0L8,Canada,45.365112,-72.761289,61312.84293707296
5770,J2S1K7,Canada,45.629053,-72.9656,46721.60807016165
5771,J2W2N2,Canada,45.354335,-73.29973,86402.35317262508
5772,J2T0B7,Canada,45.612597,-72.955163,47215.50929479871
5773,J2W2T2,Canada,45.34292,-73.295378,87027.41872978397
5774,J2M2P9,Canada,0,0,8672420.421869809
5775,J2T4Z6,Canada,45.617145,-72.928564,45302.41579359585
5776,J2S8J7,Canada,45.622661,-72.961495,46900.825967416335
5777,J2H2M4,Canada,45.429837,-72.736793,53898.55977523828
5778,J2H2M4,Canada,45.429837,-72.736793,53898.55977523828
5779,J2J1X9,Canada,45.4015,-72.757898,57437.896665905835
5780,j2g8g9,Canada,45.386051,-72.746717,58730.96495016105
5781,J2G5G6,Canada,45.404572,-72.727925,56291.79400527827
5782,J2n2r4,Canada,45.278109,-72.963906,76788.32561278784
5783,J2G3P6,Canada,45.398135,-72.744084,57398.43971767595
5784,J2S0N2,Canada,45.63818,-72.97214,46529.99650106498
5785,J2W0K6,Canada,45.337322,-73.291298,87230.27923813634
5786,J2B2T4,Canada,45.858808,-72.467573,2750.8854407722242
5787,J2X1T9,Canada,45.307449,-73.237259,86677.45761619984
5788,J2O2H1,Canada,0,0,8672420.421869809
5789,J2G2V1,Canada,45.398916,-72.724179,56788.71057047763
5790,J2G7T1,Canada,45.395871,-72.745781,57681.00143479272
5791,J2W3B5,Canada,45.362638,-73.309087,86315.48412396452
5792,J2S8T3,Canada,45.638732,-72.938124,44367.14352183945
5793,J2H1B9,Canada,45.405111,-72.70848,55742.917826792145
5794,J2J1N6,Canada,45.405677,-72.755961,56949.88609729902
5795,J2X5V7,Canada,45.320209,-73.236807,85608.51588673267
5796,J2W2R1,Canada,45.353279,-73.291608,86019.26960239498
5797,J2W1J9,Canada,45.356571,-73.304126,86485.18139315219
5798,J2G6T7,Canada,45.397472,-72.729267,57071.76798928343
5799,J2X2H2,Canada,45.300642,-73.23484,87112.57485205749
5800,J2A3N9,Canada,45.821968,-72.404671,8980.954358420428
5801,J2S4B3,Canada,45.636909,-72.94988,45218.07010746815
5802,J2S4B3,Canada,45.636909,-72.94988,45218.07010746815
5803,J2X5T9,Canada,45.329206,-73.236351,84853.64283246356
5804,J2W3A2,Canada,45.341391,-73.302677,87558.078080613
5805,J2W1A3,Canada,45.385394,-73.362164,87810.06488382927
5806,J2W2Z7,Canada,45.356655,-73.302913,86409.1402631589
5807,J2H2H7,Canada,45.419943,-72.71203,54266.27599925371
5808,J2W2E6,Canada,45.354299,-73.261373,84234.5727141552
5809,J2W2N7,Canada,45.340865,-73.295789,87208.95360509345
5810,J2H1V6,Canada,45.415916,-72.711721,54682.55776361015
5811,J2G4C5,Canada,45.395429,-72.713338,56885.38483095394
5812,J2G6X9,Canada,45.396991,-72.733224,57225.861675484026
5813,J2W0G5,Canada,45.358946,-73.279505,84897.89552366942
5814,J2W1V4,Canada,45.349271,-73.301101,86865.83659133491
5815,J2W1V4,Canada,45.349271,-73.301101,86865.83659133491
5816,J2W1H8,Canada,45.346676,-73.293988,86660.03227360094
5817,J2W0G5,Canada,45.358946,-73.279505,84897.89552366942
5818,J2G0L2,Canada,0,0,8672420.421869809
5819,J2S1B6,Canada,45.639874,-72.957586,45502.2389853365
5820,J2H1H9,Canada,45.417369,-72.716458,54650.30923363392
5821,J2W1E4,Canada,45.355394,-73.294937,86047.86544976736
5822,J2M2A6,Canada,45.419964,-72.655743,52994.61502703061
5823,J2W1X3,Canada,45.342125,-73.299626,87328.87108177746
5824,J2H0C8,Canada,45.389818,-72.685291,56839.43335482845
5825,J2G9N9,Canada,45.401866,-72.747522,57105.21321596089
5826,J2S4K8,Canada,45.624285,-72.93959,45453.47897894829
5827,J2W1X5,Canada,45.338174,-73.299579,87630.34371400005
5828,J2M1R3,Canada,45.354943,-72.632908,59658.05479448273
5829,J2M1R3,Canada,45.354943,-72.632908,59658.05479448273
5830,J2Y1B4,Canada,45.309863,-73.307478,90278.51084068336
5831,J2G9N1,Canada,45.396346,-72.721943,57002.348957129965
5832,J2H1Y7,Canada,45.425761,-72.730168,54137.12113052464
5833,J2G7X8,Canada,45.396781,-72.74854,57662.46282683504
5834,J2G4E1,Canada,45.395183,-72.725943,57226.50685680787
5835,J2W1Z2,Canada,45.341366,-73.298074,87299.42501899094
5836,J2S1B7,Canada,45.636635,-72.961497,45961.08678774482
5837,J2W1R1,Canada,45.345614,-73.269998,85393.22101613258
5838,J2E0H2,Canada,45.902839,-72.530832,4379.774012710487
5839,J2W1W6,Canada,45.353875,-73.297423,86305.39881792775
5840,J2W1L9,Canada,45.351978,-73.276943,85288.67722593572
5841,J2W1L9,Canada,45.351978,-73.276943,85288.67722593572
5842,J2N0T1,Canada,45.275648,-72.970851,77292.18836176001
5843,J2H3H9,Canada,45.38411,-72.72037,58254.202317097384
5844,J2W2T7,Canada,45.339089,-73.296275,87373.40362234757
5845,J2W2T7,Canada,45.339089,-73.296275,87373.40362234757
5846,J2H3B3,Canada,45.40557,-72.702187,55542.78963327922
5847,J2G1Z7,Canada,45.408089,-72.725062,55847.9500825458
5848,J2G3W9,Canada,45.394736,-72.742552,57711.23427067479
5849,J2X5N8,Canada,45.378302,-73.244647,81437.4642285865
5850,J2H3H4,Canada,45.384586,-72.704824,57832.998003801644
5851,J2H3H4,Canada,45.384586,-72.704824,57832.998003801644
5852,J2X5K3,Canada,45.311728,-73.223687,85611.06459771655
5853,J2W1J9,Canada,45.356571,-73.304126,86485.18139315219
5854,J2G7B4,Canada,45.388379,-72.735625,58191.85767560047
5855,J2J3P5,Canada,0,0,8672420.421869809
5856,J2W0H1,Canada,45.364874,-73.258024,83226.93076931754
5857,J2W2W4,Canada,45.335383,-73.299307,87830.56727281232
5858,J2H2H4,Canada,45.44414,-72.721891,51994.68921431357
5859,J2H2H4,Canada,45.44414,-72.721891,51994.68921431357
5860,J2G7K9,Canada,45.407994,-72.743876,56366.262432433476
5861,J2X2N2,Canada,45.297673,-73.24164,87714.33554705004
5862,J2G1S5,Canada,45.409739,-72.715178,55420.57216320799
5863,J2H0G7,Canada,45.43187,-72.715973,53116.01026600517
5864,J2W3E7,Canada,45.354997,-73.272825,84823.52126053936
5865,J2W1L9,Canada,45.351978,-73.276943,85288.67722593572
5866,J2H0K7,Canada,45.410234,-72.699904,54993.925877502326
5867,J2H2S9,Canada,45.379055,-72.732308,59085.954944801124
5868,J2H2S9,Canada,45.379055,-72.732308,59085.954944801124
5869,J2H2S9,Canada,45.379055,-72.732308,59085.954944801124
5870,J2R2H3,Canada,45.641802,-72.90212,41961.12047581476
5871,J2G6C7,Canada,45.418347,-72.735271,55050.04524495106
5872,J2J1S1,Canada,45.406887,-72.754821,56791.796330634694
5873,J2G3A1,Canada,45.397968,-72.725315,56917.52680747312
5874,J2W1X9,Canada,45.342104,-73.302765,87508.37736935147
5875,J2W2T9,Canada,45.345543,-73.290551,86552.70197441426
5876,j2w1z3,Canada,45.34044,-73.296448,87278.91491564688
5877,J2W1C8,Canada,45.341999,-73.280156,86242.53039874861
5878,J2G6K2,Canada,45.410071,-72.742936,56124.06512193637
5879,J2R0A2,Canada,45.644225,-72.887656,40923.79390148694
5880,J2G6A7,Canada,45.425472,-72.732813,54240.3122221792
5881,J2Y1A6,Canada,45.31615,-73.315979,90258.83840931332
5882,J2W2P6,Canada,45.34292,-73.294989,87005.43456253225
5883,J2G6T7,Canada,45.397472,-72.729267,57071.76798928343
5884,J2J0V2,Canada,45.387682,-72.777554,59440.98358641575
5885,J2H0Y6,Canada,45.42156,-72.709055,54020.6594541359
5886,J2G6T8,Canada,45.397472,-72.729267,57071.76798928343
5887,J2H2N7,Canada,45.430385,-72.733382,53745.39360693531
5888,J2H2N7,Canada,45.430385,-72.733382,53745.39360693531
5889,J2H2N7,Canada,45.430385,-72.733382,53745.39360693531
5890,J2J1N7,Canada,45.406358,-72.757057,56911.23911748677
5891,J2S0M2,Canada,45.63818,-72.97214,46529.99650106498
5892,J2X5V1,Canada,45.298305,-73.188104,84910.86535537768
5893,J2J0T4,Canada,45.387682,-72.777554,59440.98358641575
5894,J2Y1B4,Canada,45.309863,-73.307478,90278.51084068336
5895,J2Y1B4,Canada,45.309863,-73.307478,90278.51084068336
5896,J2X5S3,Canada,45.322473,-73.246963,85968.91361685532
5897,J2J2R4,Canada,45.382241,-72.749563,59205.948517340395
5898,J2G7J8,Canada,45.404093,-72.742779,56741.75595096884
5899,J2G2E7,Canada,45.40841,-72.73733,56142.195238252214
5900,J2J0H1,Canada,45.410337,-72.759987,56586.370745264554
5901,J2W0A2,Canada,45.353414,-73.289512,85889.73928229019
5902,J2W0A2,Canada,45.353414,-73.289512,85889.73928229019
5903,J2Y1A8,Canada,45.316187,-73.320335,90499.80589129546
5904,J2M1E5,Canada,45.351767,-72.501624,58892.05864039055
5905,J2W1J2,Canada,45.357132,-73.268577,84419.30561479092
5906,J2J0T4,Canada,45.387682,-72.777554,59440.98358641575
5907,J2G8J1,Canada,45.415331,-72.745718,55656.39434572367
5908,J2G9N9,Canada,45.401866,-72.747522,57105.21321596089
5909,J2T4M3,Canada,45.63999,-72.933022,43967.12840410959
5910,J2H0W2,Canada,45.429534,-72.716696,53379.84125995601
5911,J2W3B6,Canada,45.342129,-73.2921,86903.35920394858
5912,J2G4G5,Canada,45.389382,-72.734001,58044.18846330805
5913,J2X5T4,Canada,45.323493,-73.207547,83792.40177750245
5914,J2X5T4,Canada,45.323493,-73.207547,83792.40177750245
5915,J2J0V3,Canada,45.387682,-72.777554,59440.98358641575
5916,J2G3P5,Canada,45.398296,-72.742958,57350.81743243277
5917,J2G0B9,Canada,45.401881,-72.734869,56757.599205515304
5918,J2G0B9,Canada,45.401881,-72.734869,56757.599205515304
5919,J2W1J8,Canada,45.358402,-73.305339,86416.89818690722
5920,J2Y1A5,Canada,45.379229,-73.378863,89256.05327359836
5921,J2B6P4,Canada,45.884501,-72.482064,456.6329299477139
5922,J2w2p4,Canada,45.344399,-73.278536,85965.22340945165
5923,J2W2N8,Canada,45.347321,-73.277568,85684.14586441753
5924,J2T4K8,Canada,45.63999,-72.933022,43967.12840410959
5925,J2W2G5,Canada,45.355392,-73.266182,84419.22376120502
5926,J2J1L4,Canada,45.404457,-72.760361,57203.890405235594
5927,J2G4G5,Canada,45.389382,-72.734001,58044.18846330805
5928,J2L1E5,Canada,45.293421,-72.702234,67543.17100543239
5929,J2W2P9,Canada,45.357669,-73.29564,85915.28026847141
5930,J2W1R7,Canada,45.348984,-73.27379,85343.14196434156
5931,J2J1A3,Canada,45.394497,-72.758761,58187.69406844035
5932,J2S6C2,Canada,45.627705,-72.963831,46702.391218302124
5933,J2G8R9,Canada,45.385987,-72.75004,58828.15219538968
5934,J2L1R9,Canada,45.301826,-72.648616,65697.14623854287
5935,j2w1z3,Canada,45.34044,-73.296448,87278.91491564688
5936,J2S0A1,Canada,45.623652,-72.958483,46648.08751244529
5937,J2X1H1,Canada,45.312667,-73.215639,85112.55151291407
5938,J2J1X2,Canada,45.404735,-72.755963,57047.382654200504
5939,J2H3E9,Canada,45.396062,-72.689565,56264.95284983244
5940,J2J2J7,Canada,45.406605,-72.757451,56897.16921959593
5941,J2M1H5,Canada,45.376599,-72.571133,56519.20608057654
5942,J2G4Y6,Canada,45.399374,-72.725424,56772.51950707665
5943,J2G5H3,Canada,45.410169,-72.725475,55640.62246912456
5944,J2W2P7,Canada,45.347304,-73.28353,86020.78125686914
5945,J2T4K8,Canada,45.63999,-72.933022,43967.12840410959
5946,J2T1Y8,Canada,45.615966,-72.949416,46631.67030202209
5947,j2l1v6,Canada,45.282108,-72.789357,70746.89706867884
5948,J2H0X5,Canada,45.428981,-72.7425,54150.62672354809
5949,J2G3J5,Canada,45.40189,-72.74098,56921.92966501165
5950,J2S1V1,Canada,45.635261,-72.950338,45357.21075101664
5951,J2S8X9,Canada,45.615673,-72.970633,47940.52759636977
5952,J2G4E6,Canada,45.389732,-72.734422,58018.454731601516
5953,J2W1H8,Canada,45.346676,-73.293988,86660.03227360094
5954,J2W1X4,Canada,45.337879,-73.300614,87711.50317356722
5955,J2X4B5,Canada,45.293128,-73.229967,87484.3621515792
5956,J2G0B7,Canada,45.411821,-72.712439,55132.22679795667
5957,J2G4E1,Canada,45.395183,-72.725943,57226.50685680787
5958,J2H0A5,Canada,45.389678,-72.692835,57018.92023329109
5959,J2J2Z7,Canada,45.406723,-72.762143,57022.52046182162
5960,J2T5G7,Canada,45.601132,-72.96861,48835.720449673456
5961,J2H0L7,Canada,45.352528,-72.709085,61345.06053991661
5962,J2w2v3,Canada,45.337812,-73.295773,87443.80936404398
5963,J2G7C8,Canada,45.398591,-72.737097,57161.34057514031
5964,J2L2X2,Canada,45.32468,-72.703853,64213.533575511356
5965,J2W1R8,Canada,45.344778,-73.274564,85713.42428590867
5966,J2W1Z5,Canada,45.360308,-73.309385,86507.19929222697
5967,J2X5N1,Canada,45.330303,-73.236726,84785.1298600437
5968,J2G3L3,Canada,45.400262,-72.732991,56877.03132190265
5969,J2G4S4,Canada,45.40855,-72.717516,55605.01361473899
5970,J2J1S5,Canada,45.401187,-72.760656,57550.20053664681
5971,J2S0A1,Canada,45.623652,-72.958483,46648.08751244529
5972,J2W2B8,Canada,45.370488,-73.252827,82500.91214110646
5973,j2r1y1,Canada,45.643735,-72.888881,41031.83304641283
5974,J2W2X7,Canada,45.339696,-73.292532,87115.70045348024
5975,J2B0A2,Canada,45.863649,-72.500418,2275.649245992857
5976,J2B0A2,Canada,45.863649,-72.500418,2275.649245992857
5977,J2B0M6,Canada,45.856073,-72.504909,3175.5493658758464
5978,J2G6G6,Canada,45.407835,-72.740325,56284.3126247541
5979,J2B0H9,Canada,45.86729,-72.421023,5113.346960592355
5980,J2H2T3,Canada,45.394254,-72.693561,56546.89065153035
5981,J2T5G7,Canada,45.601132,-72.96861,48835.720449673456
5982,J2G3N8,Canada,45.398899,-72.738461,57165.80599407168
5983,J2W1W9,Canada,45.339635,-73.297124,87379.14162785008
5984,J2Y1A4,Canada,45.316467,-73.33814,91481.33630423968
5985,J2H2L5,Canada,45.447048,-72.728298,51872.5444984243
5986,J2S1R4,Canada,45.630249,-72.958949,46228.45855649364
5987,J2G3P6,Canada,45.398135,-72.744084,57398.43971767595
5988,J2T3K2,Canada,45.620655,-72.93461,45410.43873415389
5989,J2X3A7,Canada,45.314499,-73.247093,86622.50010967036
5990,J2W1G1,Canada,45.350145,-73.296437,86533.46520742777
5991,J2T3A4,Canada,45.628042,-72.935847,44963.90915342401
5992,J2W2S3,Canada,45.355371,-73.276366,84994.52671885428
5993,J2W2R4,Canada,45.34292,-73.294989,87005.43456253225
5994,J2A2H1,Canada,45.84254,-72.434545,5726.342533187569
5995,J2W0B2,Canada,45.357268,-73.278104,84947.04747327903
5996,J2G3W9,Canada,45.394736,-72.742552,57711.23427067479
5997,J2G3W9,Canada,45.394736,-72.742552,57711.23427067479
5998,J2W1R7,Canada,45.348984,-73.27379,85343.14196434156
5999,J2G7A3,Canada,45.400335,-72.735325,56931.50745645705
6000,J2G3K5,Canada,45.400408,-72.745794,57208.81375978066
6001,J2Y0A1,Canada,45.317032,-73.314747,90121.23865431765
6002,J2Y0A1,Canada,45.317032,-73.314747,90121.23865431765
6003,J2G8K4,Canada,45.384849,-72.748757,58911.83282611671
6004,J2W1L4,Canada,45.354783,-73.306432,86752.73943731918
6005,J2W1L4,Canada,45.354783,-73.306432,86752.73943731918
6006,J2B6W3,Canada,45.915264,-72.597398,9582.52045269883
6007,J2M0B8,Canada,45.38068,-72.64802,57100.97264451413
6008,J2G2J7,Canada,45.40366,-72.723567,56274.223851896204
6009,J2X5S2,Canada,45.273153,-73.232237,89281.04071946189
6010,J2J2J7,Canada,45.406605,-72.757451,56897.16921959593
6011,J2G8V7,Canada,45.375384,-72.746183,59832.08749580481
6012,J2J1V7,Canada,45.404325,-72.762701,57286.187673760534
6013,J2G2M2,Canada,45.401719,-72.721586,56427.57629509388
6014,J2H3B3,Canada,45.40557,-72.702187,55542.78963327922
6015,J2J0E6,Canada,45.401082,-72.77168,57887.29820212943
6016,J2T1V8,Canada,45.617657,-72.948927,46483.0190232163
6017,J2R0C3,Canada,45.62045,-72.94597,46108.18616450735
6018,J2W1J9,Canada,45.356571,-73.304126,86485.18139315219
6019,J2W1W3,Canada,45.353421,-73.296502,86287.35421132574
6020,J2X5S1,Canada,45.265256,-73.241953,90443.8587659717
6021,J2G4E1,Canada,45.395183,-72.725943,57226.50685680787
6022,J2G5C4,Canada,45.408938,-72.723266,55712.043592838854
6023,J2S2V1,Canada,45.623486,-72.954243,46399.846714429135
6024,J2W1C1,Canada,45.362222,-73.30758,86259.37159046368
6025,J2H0A5,Canada,45.389678,-72.692835,57018.92023329109
6026,J2S1X2,Canada,45.628656,-72.958943,46335.65279305992
6027,J2J0H1,Canada,45.410337,-72.759987,56586.370745264554
6028,J2Y0A1,Canada,45.317032,-73.314747,90121.23865431765
6029,J2T1P6,Canada,45.62031,-72.942801,45926.798518445954
6030,J2Y0A1,Canada,45.317032,-73.314747,90121.23865431765
6031,J2W2N3,Canada,45.34673,-73.277156,85706.86276486686
6032,J2W1T9,Canada,45.351607,-73.301753,86725.25317797785
6033,J2N0G1,Canada,45.244267,-72.837473,76007.04652607608
6034,J2W1S9,Canada,45.371063,-73.30141,85241.15625249181
6035,J2X2R8,Canada,45.292347,-73.232406,87675.85670452945
6036,J2N2P1,Canada,45.272098,-72.965075,77418.52458058631
6037,J2H0L2,Canada,45.353292,-72.713956,61373.02641738917
6038,J2H0L2,Canada,45.353292,-72.713956,61373.02641738917
6039,J2G1T1,Canada,45.410277,-72.719123,55464.36051917506
6040,J2G1T1,Canada,45.410277,-72.719123,55464.36051917506
6041,J2G1T1,Canada,45.410277,-72.719123,55464.36051917506
6042,J2G1T1,Canada,45.410277,-72.719123,55464.36051917506
6043,J2G3W9,Canada,45.394736,-72.742552,57711.23427067479
6044,J2C6Z9,Canada,45.898027,-72.513051,2958.867584216336
6045,J2G4A1,Canada,45.387071,-72.743215,58529.98917526196
6046,J2W1X9,Canada,45.342104,-73.302765,87508.37736935147
6047,J2H0B7,Canada,45.377402,-72.73442,59313.77601962062
6048,J2G4Y5,Canada,45.400951,-72.724458,56581.89663247082
6049,J2G5H9,Canada,45.405852,-72.72887,56182.479375922114
6050,J2G5A8,Canada,45.408064,-72.72243,55782.14325741858
6051,J2S4G8,Canada,45.626772,-72.940782,45351.91663405006
6052,J2W1V4,Canada,45.349271,-73.301101,86865.83659133491
6053,J2W1V4,Canada,45.349271,-73.301101,86865.83659133491
6054,J2H3G5,Canada,45.448815,-72.709895,51180.67146831663
6055,J2W2C5,Canada,45.366344,-73.262652,83375.09961114461
6056,J2W1A7,Canada,45.384873,-73.374187,88576.78107032916
6057,J2W2C1,Canada,45.369157,-73.255103,82731.94202773977
6058,J2K1R6,Canada,45.204917,-72.747363,77972.64724701495
6059,J2J1W9,Canada,45.405288,-72.756801,57014.41916091358
6060,J2Y1C7,Canada,45.314181,-73.352114,92450.10069551908
6061,J2G5A8,Canada,45.408064,-72.72243,55782.14325741858
6062,J2G6Z9,Canada,45.401138,-72.735508,56852.41313009644
6063,J2G7Z3,Canada,45.41318,-72.753038,56089.48407725118
6064,J2Y0A1,Canada,45.317032,-73.314747,90121.23865431765
6065,J2W0C7,Canada,45.355651,-73.289365,85710.48088205779
6066,J2J0J5,Canada,45.419088,-72.789192,56600.50915497609
6067,J2G8A2,Canada,45.393896,-72.751227,58037.3536084123
6068,J2W2V5,Canada,45.337026,-73.297679,87611.88166585444
6069,J2X2T9,Canada,45.276956,-73.241248,89421.09269077472
6070,J2T1Y7,Canada,45.616664,-72.948346,46517.97780399844
6071,J2J1K4,Canada,45.398039,-72.763106,57946.75970090905
6072,J2T3C8,Canada,45.62772,-72.936437,45022.16353378158
6073,J2G7B4,Canada,45.388379,-72.735625,58191.85767560047
6074,J2Y1B3,Canada,45.307375,-73.308796,90547.46131913459
6075,J2R1P4,Canada,45.706464,-72.91137,38414.012132396485
6076,J2G8V7,Canada,45.375384,-72.746183,59832.08749580481
6077,J2R1K6,Canada,45.673113,-72.929003,41554.293637119896
6078,J2R1K6,Canada,45.673113,-72.929003,41554.293637119896
6079,J2G7C6,Canada,45.399865,-72.737454,57037.73902038625
6080,J2G6K2,Canada,45.410071,-72.742936,56124.06512193637
6081,J2M1Y1,Canada,45.380311,-72.646745,57118.9455918549
6082,J2X3E2,Canada,45.299194,-73.240907,87550.14318356763
6083,J2G4R8,Canada,45.398735,-72.715957,56600.525735972005
6084,J2G7P3,Canada,45.399169,-72.742856,57256.99040186423
6085,J2H2J2,Canada,45.380681,-72.733597,58947.812852274204
6086,J2H3H4,Canada,45.384586,-72.704824,57832.998003801644
6087,J2G4B9,Canada,45.38721,-72.739338,58412.141688148826
6088,J2G4E1,Canada,45.395183,-72.725943,57226.50685680787
6089,J2R2G2,Canada,45.639138,-72.916104,42992.25381893657
6090,J2T4H2,Canada,45.624855,-72.935785,45183.67866839192
6091,J2G3G2,Canada,45.406348,-72.74485,56564.59636066821
6092,J2G5T7,Canada,45.403297,-72.733979,56585.68245166511
6093,J2M1N7,Canada,45.345359,-72.574679,60005.247120664935
6094,J2G1S1,Canada,45.41232,-72.74548,55961.95368456345
6095,J2W3E4,Canada,45.355619,-73.272525,84758.60669124778
6096,J2Y1A7,Canada,45.315955,-73.318952,90440.36364852462
6097,J2S3M5,Canada,45.624544,-72.942259,45596.91763619863
6098,J2G7M8,Canada,45.397847,-72.740982,57343.85247249129
6099,J2J0E7,Canada,45.400777,-72.772818,57952.91495825403
6100,J2G7C4,Canada,45.402572,-72.73824,56776.18037950793
6101,J2T3A8,Canada,45.620196,-72.924565,44845.09991292271
6102,J2S0N2,Canada,45.63818,-72.97214,46529.99650106498
6103,J2G5L1,Canada,45.41158,-72.727695,55551.42284280846
6104,J2J1P5,Canada,45.402048,-72.752036,57213.3806834801
6105,J2W1C6,Canada,45.352023,-73.290216,86036.16973780656
6106,J2N1X6,Canada,45.291184,-72.980436,76163.66480621205
6107,J2S5H6,Canada,45.629468,-72.954414,46000.96029188462
6108,J2J0J5,Canada,45.419088,-72.789192,56600.50915497609
6109,J2W2B9,Canada,45.370081,-73.25222,82498.00744934488
6110,J2W2X7,Canada,45.339696,-73.292532,87115.70045348024
6111,J2W2B5,Canada,45.372159,-73.254362,82459.17977919134
6112,J2T0E8,Canada,45.597442,-72.964337,48845.394912400574
6113,J2G8G6,Canada,45.414987,-72.73878,55496.99686323901
6114,J2G5X2,Canada,45.4064,-72.736541,56330.450094269894
6115,J2G8L2,Canada,45.398587,-72.746576,57420.032978684576
6116,J2G2G7,Canada,45.405667,-72.728015,56179.35005845649
6117,J2G6N4,Canada,45.415459,-72.747875,55704.748688410546
6118,J2G5M2,Canada,45.404014,-72.732432,56469.37776931086
6119,J2W1Z4,Canada,45.353279,-73.291608,86019.26960239498
6120,J2L1C7,Canada,45.311894,-72.6746,65029.683880118624
6121,J2H3H4,Canada,45.384586,-72.704824,57832.998003801644
6122,J2S7A6,Canada,45.598321,-72.981649,49818.23006177318
6123,J2M1Z1,Canada,45.376358,-72.60444,56914.60198435967
6124,J2W3A5,Canada,45.364086,-73.30866,86182.50055601206
6125,J2G8G9,Canada,45.386051,-72.746717,58730.96495016105
6126,J2W1Y8,Canada,45.344142,-73.278005,85955.45375504532
6127,J2W1Y8,Canada,45.344142,-73.278005,85955.45375504532
6128,J2W1Y8,Canada,45.344142,-73.278005,85955.45375504532
6129,J2H2H7,Canada,45.419943,-72.71203,54266.27599925371
6130,J2J1B7,Canada,45.395258,-72.758377,58097.87072225009
6131,J2W1Y5,Canada,45.358627,-73.312196,86795.76023048043
6132,J2J9V1,Canada,45.375789,-72.737452,59561.21826194465
6133,J2S9B3,Canada,45.642305,-72.943937,44487.47535343299
6134,J2W0K3,Canada,45.337322,-73.291298,87230.27923813634
6135,J2S0A7,Canada,45.637249,-72.970923,46513.5961994929
6136,J2T1R7,Canada,45.615175,-72.958111,47212.36901690528
6137,J2H0B6,Canada,45.376151,-72.731601,59373.83640213718
6138,J2G4Z5,Canada,45.406432,-72.721875,55939.30444493466
6139,J2Y1E6,Canada,45.364976,-73.374978,90030.39328336777
6140,J2G6T8,Canada,45.397472,-72.729267,57071.76798928343
6141,J2J2A9,Canada,45.385572,-72.78709,59946.158846550934
6142,J2T2K6,Canada,45.617667,-72.933022,45529.34446792598
6143,J2G5T1,Canada,45.412386,-72.73202,55582.95595197966
6144,J2R1P1,Canada,45.644322,-72.889241,41011.17737285298
6145,J2G3B5,Canada,45.400329,-72.73088,56814.271406947
6146,J2H0A2,Canada,45.388323,-72.692088,57147.08336739043
6147,J2W3A5,Canada,45.364086,-73.30866,86182.50055601206
6148,J2W3A5,Canada,45.364086,-73.30866,86182.50055601206
6149,J2G2M5,Canada,45.402373,-72.724585,56435.72151676109
6150,J2G1Z9,Canada,45.408127,-72.727884,55918.08195716367
6151,J2W1P6,Canada,45.344453,-73.275059,85766.40822858614
6152,J2G5E3,Canada,45.405432,-72.726229,56157.20049875782
6153,J2W0K3,Canada,45.337322,-73.291298,87230.27923813634
6154,J2R1B2,Canada,45.650564,-72.989372,46855.215888068255
6155,J2W3C4,Canada,45.360835,-73.296243,85710.16639293305
6156,J2H0R5,Canada,45.386903,-72.695624,57377.11781259594
6157,J2L0A1,Canada,45.335674,-72.650247,62031.47284743587
6158,J2G7P1,Canada,45.385882,-72.739059,58543.90000757299
6159,J2R1P1,Canada,45.644322,-72.889241,41011.17737285298
6160,J2S8W3,Canada,45.643604,-72.956308,45177.29421480843
6161,J2K0X4,Canada,45.188608,-72.755522,79892.48781151044
6162,J2G7A4,Canada,45.398797,-72.734994,57083.61172699883
6163,J2B4M8,Canada,45.864433,-72.462692,2455.053773817198
6164,J2H0Z8,Canada,45.391128,-72.687521,56747.38518569037
6165,J2W2R4,Canada,45.34292,-73.294989,87005.43456253225
6166,J2W2E7,Canada,45.356507,-73.265067,84270.20703689528
6167,J2N1B5,Canada,45.289732,-72.972198,75980.03565635458
6168,J2G4T8,Canada,45.398306,-72.717547,56685.35180634812
6169,J2G3K6,Canada,45.400408,-72.745794,57208.81375978066
6170,J2G1P4,Canada,45.41099,-72.735396,55820.294037521286
6171,J2J2A2,Canada,45.423806,-72.804641,56642.639383898466
6172,J2W1T9,Canada,45.351607,-73.301753,86725.25317797785
6173,J2J3Z7,Canada,0,0,8672420.421869809
6174,J2Y1A9,Canada,45.3129,-73.317128,90576.5175594066
6175,J2W3A3,Canada,45.337246,-73.294658,87424.88662947285
6176,J2H1K9,Canada,45.406605,-72.709133,55600.909784396164
6177,J2G3N9,Canada,45.398899,-72.738461,57165.80599407168
6178,J2W1Y3,Canada,45.339602,-73.296213,87330.30553934089
6179,J2W1J4,Canada,45.358063,-73.310831,86759.17626720897
6180,J2W1J4,Canada,45.358063,-73.310831,86759.17626720897
6181,J2W1J4,Canada,45.358063,-73.310831,86759.17626720897
6182,J2W1J4,Canada,45.358063,-73.310831,86759.17626720897
6183,J2S8B4,Canada,45.624116,-72.942932,45667.61032552096
6184,J2S1B3,Canada,45.637473,-72.961741,45921.09402121225
6185,J2T3V7,Canada,45.616172,-72.946929,46467.512594017004
6186,J2Y1G7,Canada,45.37377,-73.385948,90069.19134964113
6187,J2P5C1,Canada,0,0,8672420.421869809
6188,J2H0J9,Canada,45.391742,-72.689672,56728.71326839398
6189,J2W1Y9,Canada,45.341892,-73.296924,87193.93279715111
6190,J2W1Y9,Canada,45.341892,-73.296924,87193.93279715111
6191,J2G4T8,Canada,45.398306,-72.717547,56685.35180634812
6192,J2X1G5,Canada,45.313525,-73.23981,86313.96119974129
6193,J2K3E9,Canada,45.210606,-72.769361,77834.05705295998
6194,J2G8V7,Canada,45.375384,-72.746183,59832.08749580481
6195,J2N1Y8,Canada,45.270443,-72.984461,78320.85472049753
6196,J2W1M5,Canada,45.36054,-73.268103,84129.7331545864
6197,J2W1W6,Canada,45.353875,-73.297423,86305.39881792775
6198,J2S1B7,Canada,45.636635,-72.961497,45961.08678774482
6199,J2W1M8,Canada,45.373017,-73.259206,82668.13411279593
6200,J2Y1B6,Canada,45.306572,-73.319005,91176.26614881483
6201,J2G3V6,Canada,45.396461,-72.73034,57205.827058771414
6202,J2L3A4,Canada,45.30802,-72.648194,65014.40423782375
6203,J2W0G2,Canada,45.360475,-73.291563,85469.03010717893
6204,J2K1K9,Canada,45.206761,-72.751897,77868.55754627238
6205,J2H2N7,Canada,45.430385,-72.733382,53745.39360693531
6206,J2W1W6,Canada,45.353875,-73.297423,86305.39881792775
6207,J2G3T5,Canada,45.396521,-72.735344,57331.17892403759
6208,J2L1G5,Canada,45.311009,-72.680333,65228.802813853414
6209,J2W1W6,Canada,45.353875,-73.297423,86305.39881792775
6210,J2G8K6,Canada,45.416053,-72.739238,55398.86298236893
6211,J2S8T6,Canada,45.627103,-72.950673,45932.501541174905
6212,J2G3W3,Canada,45.39561,-72.735111,57420.4040493085
6213,J2B0P2,Canada,45.852153,-72.494935,3282.0701342576813
6214,J2W2P1,Canada,45.354335,-73.29973,86402.35317262508
6215,J2G6H6,Canada,45.413295,-72.738834,55674.57592037368
6216,J2J1V9,Canada,45.404601,-72.75423,57011.38051512112
6217,J2M1Y3,Canada,45.380884,-72.657305,57244.70198527722
6218,J2G3G3,Canada,45.406348,-72.74485,56564.59636066821
6219,J2G6Z9,Canada,45.401138,-72.735508,56852.41313009644
6220,J2A0M6,Canada,45.825493,-72.431797,7361.178556493679
6221,J2S9E7,Canada,45.607478,-72.989006,49629.42029643321
6222,J2W0G3,Canada,45.35979,-73.291143,85496.95923510376
6223,J2W2R8,Canada,45.35395,-73.274389,84992.49475378412
6224,J2G3N8,Canada,45.398899,-72.738461,57165.80599407168
6225,J2G6S1,Canada,45.392859,-72.716986,57246.49793076119
6226,J2H2G6,Canada,45.443852,-72.712666,51773.84801258977
6227,J2H0R6,Canada,45.380983,-72.69796,58060.84416542668
6228,J2W1H8,Canada,45.346676,-73.293988,86660.03227360094
6229,J2T2L5,Canada,45.61958,-72.926846,45024.78823080081
6230,J2Y1E3,Canada,45.334436,-73.346087,90569.66391138213
6231,J2G4A1,Canada,45.387071,-72.743215,58529.98917526196
6232,J2S3Y4,Canada,45.604713,-72.973084,48851.52304600452
6233,J2G5ZP,Canada,0,0,8672420.421869809
6234,J2G5W2,Canada,45.410764,-72.733734,55798.717227928304
6235,J2G5W2,Canada,45.410764,-72.733734,55798.717227928304
6236,J2J1S1,Canada,45.406887,-72.754821,56791.796330634694
6237,J2G3Z8,Canada,45.388278,-72.740592,58333.616945871276
6238,J2G7A3,Canada,45.400335,-72.735325,56931.50745645705
6239,J2Y1C7,Canada,45.314181,-73.352114,92450.10069551908
6240,J2G2H4,Canada,45.406756,-72.733089,56200.10909669386
6241,J2H3C6,Canada,45.384586,-72.704824,57832.998003801644
6242,J2G2T4,Canada,45.397728,-72.720975,56832.3085786846
6243,J2G8Z1,Canada,45.386051,-72.746717,58730.96495016105
6244,J2S1B7,Canada,45.636635,-72.961497,45961.08678774482
6245,J2X1W9,Canada,45.306467,-73.233931,86583.2390700252
6246,J2S6J8,Canada,45.629049,-72.969068,46937.744734014916
6247,J2X4M6,Canada,45.297636,-73.230972,87160.52000255091
6248,J2W2L4,Canada,45.345432,-73.275762,85729.56270950647
6249,J2W2N7,Canada,45.340865,-73.295789,87208.95360509345
6250,J2W3A4,Canada,45.335974,-73.294979,87541.46510709604
6251,J2N2L8,Canada,45.285701,-72.970238,76293.62906085237
6252,J2H0J2,Canada,45.37375,-72.733345,59670.852521312634
6253,J2J0L6,Canada,45.3426,-72.74542,63257.94055969374
6254,J2S7W8,Canada,45.632288,-72.966436,46557.971070728214
6255,J2W1X4,Canada,45.337879,-73.300614,87711.50317356722
6256,J2Y1E4,Canada,45.340698,-73.361884,91020.42336970569
6257,J2G7M6,Canada,45.400209,-72.741669,57116.07779416291
6258,J2J0V2,Canada,45.387682,-72.777554,59440.98358641575
6259,J2X4J3,Canada,45.327304,-73.256662,86105.3180156372
6260,J2M1Y3,Canada,45.380884,-72.657305,57244.70198527722
6261,J2W1S9,Canada,45.371063,-73.30141,85241.15625249181
6262,J2W1S9,Canada,45.371063,-73.30141,85241.15625249181
6263,J2K3M4,Canada,45.216305,-72.763274,77090.69541510384
6264,J2J1W1,Canada,45.404735,-72.755963,57047.382654200504
6265,J2W1S9,Canada,45.371063,-73.30141,85241.15625249181
6266,J2G1L1,Canada,45.413758,-72.725422,55263.10494058334
6267,J2W1W5,Canada,45.358974,-73.295766,85823.58987909052
6268,J2J1L3,Canada,45.404457,-72.760361,57203.890405235594
6269,J2K3R6,Canada,45.201224,-72.765965,78761.73869334371
6270,J2X3E8,Canada,45.31328,-73.244921,86605.88413753321
6271,J2H3J5,Canada,45.38411,-72.72037,58254.202317097384
6272,J2J5H8,Canada,0,0,8672420.421869809
6273,J2G4N2,Canada,45.407803,-72.714799,55615.04635396771
6274,J2J2Z6,Canada,45.405619,-72.761885,57128.7266453921
6275,J2L1V1,Canada,45.254722,-72.723715,72137.19028942518
6276,J2W3A4,Canada,45.335974,-73.294979,87541.46510709604
6277,J2W3A4,Canada,45.335974,-73.294979,87541.46510709604
6278,J2R1M8,Canada,45.642713,-72.907503,42221.45013173891
6279,J2W0B7,Canada,45.355117,-73.296362,86150.34638240281
6280,J2J0M7,Canada,45.426443,-72.814932,56737.71024654494
6281,J2N1L5,Canada,45.284677,-72.977976,76693.42498355232
6282,J2H0H5,Canada,45.387929,-72.684067,57015.604714026456
6283,J2W2A9,Canada,45.373806,-73.250659,82123.09547050165
6284,J2W1W5,Canada,45.358974,-73.295766,85823.58987909052
6285,J2X5A4,Canada,45.284335,-73.230589,88253.4409926218
6286,J2N0G6,Canada,45.275648,-72.970851,77292.18836176001
6287,J2L1E4,Canada,45.298863,-72.692415,66766.8352805508
6288,J2G3T5,Canada,45.396521,-72.735344,57331.17892403759
6289,J2G8S8,Canada,45.392455,-72.735067,57749.820256766696
6290,J2J2J9,Canada,45.395393,-72.76533,58284.924474548956
6291,J2J2J1,Canada,45.359643,-72.754646,61705.001923051364
6292,J2R1H7,Canada,45.690656,-72.987961,44463.59619512217
6293,J2G7X4,Canada,45.402239,-72.750073,57138.051732584536
6294,J2W0H8,Canada,45.362589,-73.258399,83424.59209327832
6295,J2M1V5,Canada,45.379165,-72.65817,57446.586942104295
6296,J2R1H2,Canada,45.651372,-73.001591,47604.04075410161
6297,J2N0S8,Canada,45.275648,-72.970851,77292.18836176001
6298,J2H0Z3,Canada,45.394014,-72.685774,56400.84119056208
6299,J2H0Z3,Canada,45.394014,-72.685774,56400.84119056208
6300,J2H1N3,Canada,45.42254,-72.705921,53838.74784100887
6301,J2X5H9,Canada,45.304118,-73.22693,86411.18015515534
6302,J2J1X6,Canada,45.401647,-72.756524,57383.09882240622
6303,J2N2P1,Canada,45.272098,-72.965075,77418.52458058631
6304,J2G4A2,Canada,45.386343,-72.750116,58793.11771517762
6305,J2W2N7,Canada,45.340865,-73.295789,87208.95360509345
6306,J2G5W8,Canada,45.419543,-72.731593,54824.348257758924
6307,J2X1R3,Canada,45.308743,-73.234873,86445.18722953048
6308,J2B6E4,Canada,45.866604,-72.498669,1927.9658488910118
6309,J2G2K3,Canada,45.404314,-72.726721,56287.35173847552
6310,J2J0H6,Canada,45.377605,-72.778255,60499.57969178129
6311,J2S1Z2,Canada,45.629682,-72.955145,46031.53739448267
6312,J2R1R1,Canada,45.637956,-72.92187,43424.618256666916
6313,J2C8B5,Canada,45.90524,-72.516951,3734.737354773697
6314,J2J0L2,Canada,45.37646,-72.736577,59468.15862077759
6315,J2H1H9,Canada,45.417369,-72.716458,54650.30923363392
6316,J2S4W8,Canada,45.626855,-72.946872,45717.07141801379
6317,J2W3A3,Canada,45.337246,-73.294658,87424.88662947285
6318,J2W2R5,Canada,45.357669,-73.29564,85915.28026847141
6319,J2G6K2,Canada,45.410071,-72.742936,56124.06512193637
6320,J2G5L2,Canada,45.41158,-72.727695,55551.42284280846
6321,J2G4E3,Canada,45.392373,-72.730391,57636.363817586265
6322,J2X5R3,Canada,45.26602,-73.230814,89814.51270067423
6323,J2J1E4,Canada,45.398315,-72.761114,57860.31391167095
6324,J2J0T2,Canada,45.387682,-72.777554,59440.98358641575
6325,J2S7N3,Canada,45.642226,-72.955742,45231.83523417456
6326,J2J1E4,Canada,45.398315,-72.761114,57860.31391167095
6327,J2W1C1,Canada,45.362222,-73.30758,86259.37159046368
6328,J2G5X2,Canada,45.4064,-72.736541,56330.450094269894
6329,J2G6X1,Canada,45.402192,-72.731777,56642.740553819065
6330,J2G5A4,Canada,45.403816,-72.7243,56276.750272158504
6331,J2J1M9,Canada,45.394531,-72.763666,58325.49960257352
6332,J2H3H4,Canada,45.384586,-72.704824,57832.998003801644
6333,J2H2K5,Canada,45.438816,-72.726698,52682.126555465264
6334,J2G8G4,Canada,45.419543,-72.731593,54824.348257758924
6335,J2Y1L2,Canada,45.318871,-73.300352,89175.41100531805
6336,J2J2T4,Canada,45.38136,-72.752381,59374.708583404106
6337,J2H3E6,Canada,45.384586,-72.704824,57832.998003801644
6338,J2H2Z6,Canada,45.378851,-72.724827,58919.66683165588
6339,J2W2T7,Canada,45.339089,-73.296275,87373.40362234757
6340,J2W1X5,Canada,45.338174,-73.299579,87630.34371400005
6341,J2L0B3,Canada,45.320096,-72.662132,63923.209956051585
6342,J2X3Y2,Canada,45.299169,-73.231747,87073.36068166285
6343,J2J2A9,Canada,45.385572,-72.78709,59946.158846550934
6344,J2G8S8,Canada,45.392455,-72.735067,57749.820256766696
6345,J2X5S3,Canada,45.322473,-73.246963,85968.91361685532
6346,J2W1S9,Canada,45.371063,-73.30141,85241.15625249181
6347,J2W2T4,Canada,45.340679,-73.294131,87129.79010242938
6348,J2W2G6,Canada,45.370166,-73.337523,87424.83070756793
6349,J2W0H9,Canada,45.364045,-73.260438,83426.9916815422
6350,J2W0H9,Canada,45.364045,-73.260438,83426.9916815422
6351,J2H2Z1,Canada,45.43706,-72.718975,52653.27133296981
6352,J2Y1A5,Canada,45.379229,-73.378863,89256.05327359836
6353,J2K0E2,Canada,45.190957,-72.750191,79530.81526569596
6354,J2H0B3,Canada,45.396743,-72.684557,56082.58597411822
6355,J2G7N5,Canada,45.387202,-72.740736,58450.07404789522
6356,J2G7N5,Canada,45.387202,-72.740736,58450.07404789522
6357,J2G7N5,Canada,45.387202,-72.740736,58450.07404789522
6358,J2J1X4,Canada,45.407387,-72.756393,56785.60998709818
6359,J2G6S1,Canada,45.392859,-72.716986,57246.49793076119
6360,J2W0A9,Canada,45.357268,-73.278104,84947.04747327903
6361,J2W0A9,Canada,45.357268,-73.278104,84947.04747327903
6362,J2S5Y6,Canada,45.629851,-72.961863,46435.9417392124
6363,J2W0K2,Canada,45.337322,-73.291298,87230.27923813634
6364,J2G7S9,Canada,45.397817,-72.746339,57493.65032644638
6365,J2W1N1,Canada,45.353964,-73.286847,85696.24149233976
6366,J2G0B9,Canada,45.401881,-72.734869,56757.599205515304
6367,J2Y1K2,Canada,45.317963,-73.310152,89791.9714078276
6368,J2J1N6,Canada,45.405677,-72.755961,56949.88609729902
6369,J2G6Y3,Canada,45.386825,-72.733503,58299.68700101966
6370,J2W2H1,Canada,45.327396,-73.29787,88370.30386859697
6371,J2W2Y2,Canada,45.339718,-73.294409,87219.675823969
6372,J2J0L2,Canada,45.37646,-72.736577,59468.15862077759
6373,J2W2E2,Canada,45.358362,-73.261013,83898.80301463198
6374,J2H0A3,Canada,45.390059,-72.693878,57001.44835524113
6375,J2S8A9,Canada,45.633645,-72.96968,46671.39611434567
6376,J2J2J5,Canada,45.398178,-72.762105,57903.25021271865
6377,J2N2P9,Canada,45.265913,-72.937379,77009.40278776865
6378,J2G8V7,Canada,45.375384,-72.746183,59832.08749580481
6379,J2K3R6,Canada,45.201224,-72.765965,78761.73869334371
6380,J2W1Y5,Canada,45.358627,-73.312196,86795.76023048043
6381,J2X0A7,Canada,45.318355,-73.239642,85910.78199198844
6382,J2T4M3,Canada,45.63999,-72.933022,43967.12840410959
6383,J2H3J1,Canada,45.38411,-72.72037,58254.202317097384
6384,J2W1S6,Canada,45.349716,-73.279596,85612.84678781645
6385,J2J0L2,Canada,45.37646,-72.736577,59468.15862077759
6386,J2L1C7,Canada,45.311894,-72.6746,65029.683880118624
6387,J2W2J4,Canada,45.359291,-73.296711,85853.78591344849
6388,J2W1H8,Canada,45.346676,-73.293988,86660.03227360094
6389,J2G0C2,Canada,45.401422,-72.734295,56790.279449365735
6390,J2X1S5,Canada,45.308212,-73.228009,86128.33433944875
6391,J2W2S8,Canada,45.347984,-73.29541,86640.38335918022
6392,J2G9M7,Canada,45.386096,-72.752524,58885.104765281365
6393,J2N2C2,Canada,45.279389,-72.97875,77234.18412488168
6394,J2Y1C1,Canada,45.296296,-73.325999,92371.87545286448
6395,J2Y1A5,Canada,45.379229,-73.378863,89256.05327359836
6396,J2H0J9,Canada,45.391742,-72.689672,56728.71326839398
6397,J2Y1M4,Canada,45.320435,-73.305354,89331.28037135472
6398,J2B8R1,Canada,45.862668,-72.508303,2742.231585271209
6399,J2W2H1,Canada,45.327396,-73.29787,88370.30386859697
6400,J2G1H9,Canada,45.4148,-72.744211,55668.70700378796
6401,J2S0E6,Canada,45.629532,-72.94526,45434.06448324845
6402,J2W1G4,Canada,45.345457,-73.302082,87212.85518974351
6403,J2S8R2,Canada,45.637139,-72.941328,44672.93573518234
6404,J2G8L7,Canada,45.384904,-72.744233,58783.88415776622
6405,J2W2L5,Canada,45.348313,-73.275773,85506.46429596114
6406,J2W1E1,Canada,45.341257,-73.276558,86099.26055057136
6407,J2R1G7,Canada,45.648736,-73.020239,48987.41373660071
6408,J2S7N3,Canada,45.642226,-72.955742,45231.83523417456
6409,J2S7N3,Canada,45.642226,-72.955742,45231.83523417456
6410,J2J0E9,Canada,45.355017,-72.808992,63747.069785055624
6411,J2G6A1,Canada,45.418422,-72.734028,55007.96842762992
6412,J2Y1A5,Canada,45.379229,-73.378863,89256.05327359836
6413,J2T4R6,Canada,45.628549,-72.937471,45027.07731343203
6414,J2H0Z3,Canada,45.394014,-72.685774,56400.84119056208
6415,J2W2V8,Canada,45.349721,-73.273034,85243.54868860167
6416,J2J0P3,Canada,45.433478,-72.788106,55112.78259100172
6417,J2W2C1,Canada,45.369157,-73.255103,82731.94202773977
6418,J2W0K4,Canada,45.337322,-73.291298,87230.27923813634
6419,J2W2C1,Canada,45.369157,-73.255103,82731.94202773977
6420,J2K5C8,Canada,45.216042,-72.748566,76803.15143676761
6421,J2W0C2,Canada,45.340843,-73.301521,87534.6635544418
6422,J2N1A4,Canada,45.29133,-72.980061,76134.80845888762
6423,J2J0P7,Canada,45.444381,-72.791017,54117.53653444703
6424,J2J0P7,Canada,45.444381,-72.791017,54117.53653444703
6425,J2J0P7,Canada,45.444381,-72.791017,54117.53653444703
6426,J2K2X3,Canada,45.206424,-72.747113,77805.6058147304
6427,J2J0E9,Canada,45.355017,-72.808992,63747.069785055624
6428,J2J0E9,Canada,45.355017,-72.808992,63747.069785055624
6429,J2G5A3,Canada,45.403816,-72.7243,56276.750272158504
6430,J2H3H4,Canada,45.384586,-72.704824,57832.998003801644
6431,J2W1V7,Canada,45.349823,-73.297051,86593.00373520334
6432,J2T4W9,Canada,45.617619,-72.93582,45699.44508830102
6433,J2W1W8,Canada,45.354425,-73.298024,86297.93823161478
6434,J2Y0A5,Canada,45.313895,-73.352067,92469.26881572016
6435,J2H2G9,Canada,45.443287,-72.717503,51963.235574740764
6436,J2G8J1,Canada,45.415331,-72.745718,55656.39434572367
6437,J2S4C4,Canada,45.639388,-72.956616,45473.44810666217
6438,J2G5A4,Canada,45.403816,-72.7243,56276.750272158504
6439,J2G5K2,Canada,45.404241,-72.730347,56390.27643647956
6440,J2G5E1,Canada,45.40355,-72.72706,56376.365447785756
6441,J2X5E4,Canada,45.303492,-73.222886,86252.68433114963
6442,J2W2N8,Canada,45.347321,-73.277568,85684.14586441753
6443,J2H1B9,Canada,45.405111,-72.70848,55742.917826792145
6444,J2W2B4,Canada,45.374225,-73.255846,82384.87089210076
6445,J2W2B4,Canada,45.374225,-73.255846,82384.87089210076
6446,J2J0H1,Canada,45.410337,-72.759987,56586.370745264554
6447,J2J4T8,Canada,0,0,8672420.421869809
6448,J2S4C7,Canada,45.640994,-72.959829,45569.71287774554
6449,J2J2K7,Canada,45.384319,-72.754396,59121.90224573792
6450,J2J2T5,Canada,45.38136,-72.752381,59374.708583404106
6451,J2G6Z9,Canada,45.401138,-72.735508,56852.41313009644
6452,J2S0C9,Canada,45.615181,-72.985231,48872.6337720789
6453,J2Y1J9,Canada,45.317963,-73.310152,89791.9714078276
6454,J2G3M2,Canada,45.400209,-72.741669,57116.07779416291
6455,J2W1H2,Canada,45.344752,-73.30176,87248.47994212007
6456,J2W3C3,Canada,45.362237,-73.292027,85362.15105860477
6457,J2S4N2,Canada,45.623177,-72.939217,45508.78988698713
6458,J2W2Z1,Canada,45.39342,-73.290471,82949.88200925349
6459,J2G8V7,Canada,45.375384,-72.746183,59832.08749580481
6460,J2G6H6,Canada,45.413295,-72.738834,55674.57592037368
6461,J2W1W2,Canada,45.379339,-73.280263,83396.90224247874
6462,J2R1K2,Canada,45.650971,-72.952808,44478.56700378664
6463,J2G3K4,Canada,45.400769,-72.743196,57099.52837600175
6464,J2X3L5,Canada,45.30537,-73.239285,86955.37862350338
6465,J2X5P1,Canada,45.362475,-73.245511,82711.38301086274
6466,J2R1A9,Canada,45.650085,-72.990468,46955.773366817775
6467,J2G2S6,Canada,45.398059,-72.715789,56667.73014930862
6468,J2H0W4,Canada,45.436652,-72.718983,52696.1086535995
6469,J2H2G3,Canada,45.442449,-72.710305,51858.02283903185
6470,J2W2Y2,Canada,45.339718,-73.294409,87219.675823969
6471,J2H2R9,Canada,45.39516,-72.699265,56580.072805405165
6472,J2G6P9,Canada,45.396114,-72.716068,56880.02388281025
6473,J2J2L3,Canada,45.420415,-72.746038,55138.904010312835
6474,J2G4Z6,Canada,45.407075,-72.721601,55864.66686565919
6475,J2W2Y1,Canada,45.334983,-73.298525,87817.52112442051
6476,J2G7H2,Canada,45.399247,-72.739865,57167.39538127665
6477,J2S3H8,Canada,45.624481,-72.945997,45828.24057174713
6478,J2H1H9,Canada,45.417369,-72.716458,54650.30923363392
6479,J2S5H9,Canada,45.629985,-72.954738,45985.86401652721
6480,J2G5A3,Canada,45.403816,-72.7243,56276.750272158504
6481,J2G2G9,Canada,45.405956,-72.729365,56184.655709604645
6482,J2G3R9,Canada,0,0,8672420.421869809
6483,J2H0E5,Canada,45.392096,-72.683767,56562.91355430393
6484,J2H0E5,Canada,45.392096,-72.683767,56562.91355430393
6485,J2B3H1,Canada,45.868157,-72.495185,1634.1972931486405
6486,J2M0C9,Canada,45.379555,-72.606184,56586.184977653786
6487,J2W3A2,Canada,45.341391,-73.302677,87558.078080613
6488,J2S7A6,Canada,45.598321,-72.981649,49818.23006177318
6489,J2R1E2,Canada,45.647369,-72.998611,47651.45951734551
6490,J2R1E2,Canada,45.647369,-72.998611,47651.45951734551
6491,J2K1W8,Canada,45.203239,-72.744977,78104.30923593833
6492,J2X4B8,Canada,45.286876,-73.23016,88017.93740229197
6493,J2G3Z8,Canada,45.388278,-72.740592,58333.616945871276
6494,J2T3R7,Canada,45.619581,-72.948831,46342.12424658279
6495,J2H0J2,Canada,45.37375,-72.733345,59670.852521312634
6496,J2W2S1,Canada,45.34292,-73.294989,87005.43456253225
6497,J2G3M3,Canada,45.399673,-72.744798,57257.81793922723
6498,J2X5H7,Canada,45.303649,-73.224246,86310.33735394274
6499,J2J1S1,Canada,45.406887,-72.754821,56791.796330634694
6500,J2S2H2,Canada,0,0,8672420.421869809
6501,J2W125,Canada,0,0,8672420.421869809
6502,J2W2G3,Canada,45.351698,-73.263177,84537.96485568146
6503,J2H2R4,Canada,45.393813,-72.710189,56980.153843908716
6504,J2J0L2,Canada,45.37646,-72.736577,59468.15862077759
6505,J2S5E6,Canada,45.622519,-72.943529,45815.497677773084
6506,J2G4B2,Canada,45.386679,-72.741122,58515.088749734015
6507,J2S4J1,Canada,45.625096,-72.939637,45399.4926299282
6508,J2W3C4,Canada,45.360835,-73.296243,85710.16639293305
6509,J2S5M3,Canada,45.632256,-72.959455,46125.00094241472
6510,J2W1Z1,Canada,45.342117,-73.298068,87241.30959732868
6511,J2G5B8,Canada,45.405256,-72.724901,56141.08862937672
6512,J2G7B6,Canada,45.379542,-72.737128,59158.53966500961
6513,J2J0H1,Canada,45.410337,-72.759987,56586.370745264554
6514,J2G3N8,Canada,45.398899,-72.738461,57165.80599407168
6515,J2W1J1,Canada,45.349937,-73.291544,86271.33319976277
6516,J2G2B4,Canada,45.405467,-72.719992,55992.534611342744
6517,J2T1L5,Canada,45.628166,-72.938203,45098.20595519273
6518,J2P3R7,Canada,0,0,8672420.421869809
6519,J2W2T7,Canada,45.339089,-73.296275,87373.40362234757
6520,J2G2J6,Canada,45.40343,-72.722472,56270.247135061225
6521,J2G6J2,Canada,45.413443,-72.739927,55689.51664141556
6522,J2W2H1,Canada,45.327396,-73.29787,88370.30386859697
6523,J2M1Y1,Canada,45.380311,-72.646745,57118.9455918549
6524,J2X5T9,Canada,45.329206,-73.236351,84853.64283246356
6525,J2W1V7,Canada,45.349823,-73.297051,86593.00373520334
6526,J2W1C8,Canada,45.341999,-73.280156,86242.53039874861
6527,J2G3Z8,Canada,45.388278,-72.740592,58333.616945871276
6528,J2G6B7,Canada,45.409257,-72.737729,56064.78581380129
6529,J2J1V7,Canada,45.404325,-72.762701,57286.187673760534
6530,J2X4Z9,Canada,45.292367,-73.233336,87722.3732806704
6531,J2H2R4,Canada,45.393813,-72.710189,56980.153843908716
6532,J2J2V9,Canada,45.382802,-72.740008,58891.70916248364
6533,J2G0B9,Canada,45.401881,-72.734869,56757.599205515304
6534,J2W1W5,Canada,45.358974,-73.295766,85823.58987909052
6535,J2G4J9,Canada,45.393074,-72.716479,57211.29914986887
6536,J2C0C7,Canada,45.885063,-72.495232,989.3637914255764
6537,J2M1T5,Canada,45.362483,-72.662442,59330.256930330885
6538,J2G7M6,Canada,45.400209,-72.741669,57116.07779416291
6539,J2R1T6,Canada,45.644053,-72.975939,46394.73623153201
6540,J2M1Y5,Canada,45.374223,-72.634569,57579.92606052381
6541,J2K2M9,Canada,45.199487,-72.743592,78479.92041153053
6542,J2H2R7,Canada,45.394114,-72.700069,56709.86796705427
6543,J2M1W6,Canada,45.375827,-72.663047,57898.00182886186
6544,J2H2M2,Canada,45.433655,-72.732769,53388.55895918197
6545,J2J0M9,Canada,45.427194,-72.819863,56838.45590655594
6546,J2W2W6,Canada,45.358752,-73.313537,86863.9783879345
6547,J2M2B5,Canada,45.402001,-72.659454,55003.48713983618
6548,J2J1K5,Canada,45.398039,-72.763106,57946.75970090905
6549,J2W1J4,Canada,45.358063,-73.310831,86759.17626720897
6550,J2G7L3,Canada,45.404991,-72.743032,56655.245987324015
6551,J2G2V8,Canada,45.400363,-72.727716,56727.94160682674
6552,J2G2K3,Canada,45.404314,-72.726721,56287.35173847552
6553,J2W2G6,Canada,45.370166,-73.337523,87424.83070756793
6554,J2G0B9,Canada,45.401881,-72.734869,56757.599205515304
6555,J2W2E6,Canada,45.354299,-73.261373,84234.5727141552
6556,J2Y1G3,Canada,45.373219,-73.390255,90369.3636984519
6557,J2W1K8,Canada,45.354224,-73.301639,86520.06693460082
6558,J2W1G8,Canada,45.344396,-73.290545,86640.7524249321
6559,J2Y1C1,Canada,45.296296,-73.325999,92371.87545286448
6560,J2C0M7,Canada,45.887979,-72.533546,3914.1845805570497
6561,J2J2H7,Canada,45.403514,-72.756671,57194.13090995506
6562,J2N2S6,Canada,45.255102,-72.99093,80056.62150472036
6563,J2G4Y8,Canada,45.402534,-72.723586,56393.06389238958
6564,J2H0B9,Canada,45.390877,-72.683837,56694.94347072052
6565,J2S2K5,Canada,45.625595,-72.953897,46233.605483210005
6566,J2H3A5,Canada,45.381475,-72.723143,58600.91227649333
6567,J2W2H6,Canada,45.376366,-73.306225,85128.60378914149
6568,J2H3A5,Canada,45.381475,-72.723143,58600.91227649333
6569,J2H3A5,Canada,45.381475,-72.723143,58600.91227649333
6570,J2Y1L9,Canada,45.319099,-73.303586,89337.28788653386
6571,J2G6X2,Canada,45.402192,-72.731777,56642.740553819065
6572,J2W1N6,Canada,45.348768,-73.271768,85246.56816462456
6573,J2Y1C7,Canada,45.314181,-73.352114,92450.10069551908
6574,J2H0E8,Canada,45.396542,-72.683472,56080.665937407386
6575,J2G6Y9,Canada,45.384995,-72.735211,58536.17681118325
6576,J2S1B4,Canada,45.639433,-72.959103,45626.48819954261
6577,J2K3M6,Canada,45.203422,-72.768877,78590.51120601603
6578,J2H3G1,Canada,45.396778,-72.695042,56311.29174374035
6579,J2L0S8,Canada,45.265284,-72.686601,70296.70421226726
6580,J2T4T7,Canada,45.621859,-72.924465,44719.29959016013
6581,J2H0E8,Canada,45.396542,-72.683472,56080.665937407386
6582,J2G6A6,Canada,45.422361,-72.733001,54569.36007575731
6583,J2G7J4,Canada,45.40573,-72.740963,56521.1781207441
6584,J2W1P9,Canada,45.346205,-73.270025,85348.6236510478
6585,J2S4N6,Canada,45.624554,-72.94111,45526.604122550474
6586,J2G6A9,Canada,45.423057,-72.734047,54525.86339695256
6587,J2W2G1,Canada,45.352984,-73.264274,84499.19489370314
6588,J2J2J5,Canada,45.398178,-72.762105,57903.25021271865
6589,J2J2J5,Canada,45.398178,-72.762105,57903.25021271865
6590,J2J2J5,Canada,45.398178,-72.762105,57903.25021271865
6591,J2E5M2,Canada,0,0,8672420.421869809
6592,J2Y1B1,Canada,45.308447,-73.314249,90765.04583023404
6593,J2W2W9,Canada,45.341819,-73.293964,87032.40343675177
6594,J2T3C7,Canada,45.62772,-72.936437,45022.16353378158
6595,J2H1X4,Canada,45.426687,-72.713385,53591.96447526106
6596,J2T1P9,Canada,45.620225,-72.94861,46283.65325286862
6597,J2G4E3,Canada,45.392373,-72.730391,57636.363817586265
6598,J2G2N4,Canada,45.403722,-72.73102,56462.44909741938
6599,J2H0J2,Canada,45.37375,-72.733345,59670.852521312634
6600,J2S2G3,Canada,45.628018,-72.95285,46003.43996238819
6601,J2N0C4,Canada,45.27435,-72.962177,77089.53993928051
6602,J2H1H6,Canada,45.406997,-72.707518,55519.992704090706
6603,J2W1Z2,Canada,45.341366,-73.298074,87299.42501899094
6604,J2W1Z2,Canada,45.341366,-73.298074,87299.42501899094
6605,J2X5N8,Canada,45.378302,-73.244647,81437.4642285865
6606,J2X5N8,Canada,45.378302,-73.244647,81437.4642285865
6607,J2G9N9,Canada,45.401866,-72.747522,57105.21321596089
6608,J2X5A2,Canada,45.292344,-73.240389,88090.80617149227
6609,J2X5S3,Canada,45.322473,-73.246963,85968.91361685532
6610,J2J1S1,Canada,45.406887,-72.754821,56791.796330634694
6611,J2X4D8,Canada,0,0,8672420.421869809
6612,J2M1Y1,Canada,45.380311,-72.646745,57118.9455918549
6613,J2M1T5,Canada,45.362483,-72.662442,59330.256930330885
6614,J2W1H5,Canada,45.346396,-73.293595,86659.2699763903
6615,J2S0N9,Canada,45.63818,-72.97214,46529.99650106498
6616,J2J2J8,Canada,45.407276,-72.75848,56857.87129721663
6617,J2G3P6,Canada,45.398135,-72.744084,57398.43971767595
6618,J2J0T4,Canada,45.387682,-72.777554,59440.98358641575
6619,J2W3A1,Canada,45.337182,-73.301085,87791.8295073692
6620,J2H2S9,Canada,45.379055,-72.732308,59085.954944801124
6621,J2G3L3,Canada,45.400262,-72.732991,56877.03132190265
6622,J2H2R5,Canada,45.394544,-72.705502,56790.990276449
6623,J2M1J1,Canada,45.361339,-72.572732,58220.78338780656
6624,J2S4J1,Canada,45.625096,-72.939637,45399.4926299282
6625,J2G8Z4,Canada,45.418106,-72.744956,55347.04416908377
6626,J2W2W5,Canada,45.345079,-73.266798,85256.68891752118
6627,J2L2N9,Canada,45.306691,-72.658428,65320.51084193873
6628,J2G4Y7,Canada,45.400951,-72.724458,56581.89663247082
6629,J2W2K2,Canada,45.343862,-73.2772,85932.16755599967
6630,J2W2V5,Canada,45.337026,-73.297679,87611.88166585444
6631,J2Y1B8,Canada,45.294894,-73.314003,91822.11375857951
6632,J2H0W4,Canada,45.436652,-72.718983,52696.1086535995
6633,J2S5P9,Canada,45.626875,-72.954518,46184.05203884364
6634,J2X5E3,Canada,45.303649,-73.224246,86310.33735394274
6635,J2S0C9,Canada,45.615181,-72.985231,48872.6337720789
6636,J2N2N9,Canada,45.272098,-72.965075,77418.52458058631
6637,J2H3G1,Canada,45.396778,-72.695042,56311.29174374035
6638,J2S5T2,Canada,45.627346,-72.956217,46256.41237080571
6639,J2W1V4,Canada,45.349271,-73.301101,86865.83659133491
6640,J2G5H6,Canada,45.401891,-72.73115,56657.69106868597
6641,J2W1X1,Canada,45.339428,-73.300089,87562.5038073759
6642,J2G6C1,Canada,45.411238,-72.737217,55844.242486905896
6643,J2G7L9,Canada,45.402037,-72.742406,56945.678014433965
6644,J2W1H7,Canada,45.347604,-73.290948,86416.5955979173
6645,J2S1B4,Canada,45.639433,-72.959103,45626.48819954261
6646,J2W0K2,Canada,45.337322,-73.291298,87230.27923813634
6647,J2X1T5,Canada,45.306687,-73.24051,86911.65128127036
6648,J2S1X5,Canada,45.628182,-72.959653,46411.61458107476
6649,J2G2V6,Canada,45.399753,-72.726303,56755.36678131259
6650,J2T0A1,Canada,45.612986,-72.956023,47239.87500911318
6651,J2A3J1,Canada,45.842266,-72.372563,9648.138458999058
6652,J2T5G3,Canada,45.612765,-72.933715,45924.223545513465
6653,J2G2S6,Canada,45.398059,-72.715789,56667.73014930862
6654,J2G2T1,Canada,45.401001,-72.711125,56242.12080484658
6655,J2X1N8,Canada,45.309714,-73.227988,86003.07729829849
6656,J2S5V5,Canada,45.624904,-72.954029,46289.147327772735
6657,J2Y1G7,Canada,45.37377,-73.385948,90069.19134964113
6658,J2G8C2,Canada,45.386038,-72.740126,58555.76296008596
6659,J2H3H4,Canada,45.384586,-72.704824,57832.998003801644
6660,J2G3L4,Canada,45.400262,-72.732991,56877.03132190265
6661,J2W1K6,Canada,45.352959,-73.305465,86835.18384151708
6662,J2H3E3,Canada,45.384335,-72.70693,57908.57140041633
6663,J2Y1B6,Canada,45.306572,-73.319005,91176.26614881483
6664,J2G3Z7,Canada,45.392425,-72.73356,57713.40339121054
6665,J2G7A3,Canada,45.400335,-72.735325,56931.50745645705
6666,J2W1W3,Canada,45.353421,-73.296502,86287.35421132574
6667,J2S2H8,Canada,45.621794,-72.961346,46951.07893017414
6668,J2N2J8,Canada,45.281598,-72.973903,76832.55372098026
6669,J2H0A2,Canada,45.388323,-72.692088,57147.08336739043
6670,J2H0A2,Canada,45.388323,-72.692088,57147.08336739043
6671,J2G8Y2,Canada,45.414789,-72.740602,55568.36352723468
6672,J2X5J8,Canada,45.31146,-73.226402,85775.62250552906
6673,J2A2N2,Canada,45.847578,-72.434081,5349.958399751437
6674,J2W1W3,Canada,45.353421,-73.296502,86287.35421132574
6675,J2S7K1,Canada,45.640198,-72.95964,45609.97573260814
6676,J2R1B3,Canada,45.650256,-72.988979,46848.51695661201
6677,J2H0E4,Canada,45.392096,-72.683767,56562.91355430393
6678,J2W1Z5,Canada,45.360308,-73.309385,86507.19929222697
6679,J2J0N4,Canada,45.419301,-72.776608,56175.15883420156
6680,J2S8W3,Canada,45.643604,-72.956308,45177.29421480843
6681,J2M2L4,Canada,0,0,8672420.421869809
6682,J2H3J5,Canada,45.38411,-72.72037,58254.202317097384
6683,J2G0B4,Canada,45.408333,-72.728477,55912.17671233025
6684,J2W0H9,Canada,45.364045,-73.260438,83426.9916815422
6685,J2W2T7,Canada,45.339089,-73.296275,87373.40362234757
6686,J2S3M5,Canada,45.624544,-72.942259,45596.91763619863
6687,J2B2M6,Canada,45.875774,-72.492762,861.7215330176003
6688,J2G3C1,Canada,45.402295,-72.736552,56759.50059998053
6689,J2J2X5,Canada,45.356795,-72.749738,61874.51750893863
6690,J2X3J1,Canada,45.301954,-73.239518,87249.25679201691
6691,J2S2G4,Canada,45.628018,-72.95285,46003.43996238819
6692,J2S2G4,Canada,45.628018,-72.95285,46003.43996238819
6693,J2G5C1,Canada,45.407481,-72.72391,55881.742066881496
6694,J2G5L1,Canada,45.41158,-72.727695,55551.42284280846
6695,J2X5N6,Canada,45.348106,-73.252127,84205.16520332449
6696,J2G5R2,Canada,45.416543,-72.728465,55052.79671494542
6697,J2T0C3,Canada,45.626501,-72.927083,44543.93048379802
6698,J2W1L4,Canada,45.354783,-73.306432,86752.73943731918
6699,J2S6C7,Canada,45.629873,-72.966661,46732.78427865279
6700,J2J2W3,Canada,45.383209,-72.754949,59252.770529537396
6701,J2J2Y6,Canada,45.385261,-72.751112,58933.228758136065
6702,J2T3A7,Canada,45.625059,-72.931939,44937.70496274844
6703,J2G7C8,Canada,45.398591,-72.737097,57161.34057514031
6704,J2R1H5,Canada,45.650433,-72.943611,43931.14963011216
6705,J2H3H4,Canada,45.384586,-72.704824,57832.998003801644
6706,J2W1G2,Canada,45.349228,-73.298205,86704.12868343262
6707,J2H2G4,Canada,45.442449,-72.710305,51858.02283903185
6708,J2J1V7,Canada,45.404325,-72.762701,57286.187673760534
6709,J2G3J4,Canada,45.402095,-72.744209,56989.32020991958
6710,J2G7S6,Canada,45.399384,-72.7468,57343.28440922261
6711,J2X0A8,Canada,45.318355,-73.239642,85910.78199198844
6712,J2W2T2,Canada,45.34292,-73.295378,87027.41872978397
6713,J2J0L8,Canada,45.365112,-72.761289,61312.84293707296
6714,J2M1T5,Canada,45.362483,-72.662442,59330.256930330885
6715,J2B7S1,Canada,45.854739,-72.459849,3445.682106932877
6716,J2M1K9,Canada,45.331326,-72.623492,62107.28352072289
6717,J2X1T9,Canada,45.307449,-73.237259,86677.45761619984
6718,J2M1T5,Canada,45.362483,-72.662442,59330.256930330885
6719,J2G1G8,Canada,45.414701,-72.730637,55303.78142723198
6720,J2J0E3,Canada,45.396028,-72.772255,58424.1167500544
6721,J2J0E3,Canada,45.396028,-72.772255,58424.1167500544
6722,J2W3E8,Canada,45.353414,-73.289512,85889.73928229019
6723,J2G4Z4,Canada,45.404745,-72.722589,56135.00243178968
6724,J2G1J7,Canada,45.411972,-72.713141,55133.940865501805
6725,J2G3G8,Canada,45.406106,-72.749932,56732.76594654455
6726,J2N1L9,Canada,45.283017,-72.974223,76707.65749701847
6727,J2A0A8,Canada,45.847568,-72.430053,5581.316790048615
6728,J2J0K6,Canada,45.399792,-72.833869,60053.02272718502
6729,J2G7B5,Canada,45.384885,-72.73648,58580.7721424475
6730,J2G1G8,Canada,45.414701,-72.730637,55303.78142723198
6731,J2G1G8,Canada,45.414701,-72.730637,55303.78142723198
6732,J2W1G2,Canada,45.349228,-73.298205,86704.12868343262
6733,J2W1K3,Canada,45.355957,-73.308255,86769.02030087567
6734,J2W2T7,Canada,45.339089,-73.296275,87373.40362234757
6735,J2G5C1,Canada,45.407481,-72.72391,55881.742066881496
6736,J2H0N7,Canada,45.394516,-72.669354,56004.64837252019
6737,J2R1B3,Canada,45.650256,-72.988979,46848.51695661201
6738,J2X5S9,Canada,45.326125,-73.23563,85064.55700057767
6739,J2G5K3,Canada,45.405128,-72.730522,56302.0069001142
6740,J2S3Z3,Canada,45.604197,-72.97241,48847.126206476605
6741,J2R0B7,Canada,45.62045,-72.94597,46108.18616450735
6742,J2J0J5,Canada,45.419088,-72.789192,56600.50915497609
6743,J2G9L8,Canada,45.396599,-72.752558,57793.70927760071
6744,J2X2J9,Canada,45.299884,-73.232516,87054.06317629831
6745,J2W2E2,Canada,45.358362,-73.261013,83898.80301463198
6746,J2W2R1,Canada,45.353279,-73.291608,86019.26960239498
6747,J2S1B7,Canada,45.636635,-72.961497,45961.08678774482
6748,J2N1P5,Canada,45.281545,-72.975486,76899.00533271398
6749,J2H2R5,Canada,45.394544,-72.705502,56790.990276449
6750,J2G5B6,Canada,45.402562,-72.725488,56439.212728919185
6751,J2G8K4,Canada,45.384849,-72.748757,58911.83282611671
6752,J2G7C8,Canada,45.398591,-72.737097,57161.34057514031
6753,J2S7Z5,Canada,45.605606,-72.975745,48949.95584238155
6754,J2B2N2,Canada,45.867443,-72.477475,1559.5678424172945
6755,J2X3J6,Canada,45.298866,-73.239544,87505.82210989825
6756,J2X3J6,Canada,45.298866,-73.239544,87505.82210989825
6757,J2S5L6,Canada,45.62929,-72.955674,46090.77976756009
6758,J2W1X3,Canada,45.342125,-73.299626,87328.87108177746
6759,J2W1X3,Canada,45.342125,-73.299626,87328.87108177746
6760,J2W0H9,Canada,45.364045,-73.260438,83426.9916815422
6761,J2G9N1,Canada,45.396346,-72.721943,57002.348957129965
6762,J2J2J9,Canada,45.395393,-72.76533,58284.924474548956
6763,J2G8K5,Canada,45.416093,-72.738081,55362.5021242675
6764,J2G5E3,Canada,45.405432,-72.726229,56157.20049875782
6765,J2K1J4,Canada,45.208743,-72.740094,77413.64568936861
6766,J2S1B2,Canada,45.642226,-72.955742,45231.83523417456
6767,J2K1X7,Canada,45.20101,-72.742781,78299.74338740949
6768,J2J0L2,Canada,45.37646,-72.736577,59468.15862077759
6769,J2W3A1,Canada,45.337182,-73.301085,87791.8295073692
6770,J2G3C3,Canada,45.402576,-72.739456,56808.79601465069
6771,J2W2N3,Canada,45.34673,-73.277156,85706.86276486686
6772,J2G5E8,Canada,45.410766,-72.723881,55536.24015728905
6773,J2B7S1,Canada,45.854739,-72.459849,3445.682106932877
6774,J2G8Z8,Canada,45.419045,-72.732802,54909.36953355665
6775,J2K0E4,Canada,45.191199,-72.745867,79417.49187536737
6776,J2H3G1,Canada,45.396778,-72.695042,56311.29174374035
6777,J2L3E4,Canada,45.308445,-72.634055,64760.391820804405
6778,J2G8K5,Canada,45.416093,-72.738081,55362.5021242675
6779,J2G8K5,Canada,45.416093,-72.738081,55362.5021242675
6780,J2W1X4,Canada,45.337879,-73.300614,87711.50317356722
6781,J2C3V4,Canada,45.888553,-72.498508,1418.1806719293131
6782,J2R1J3,Canada,45.665863,-72.975852,45048.694294501474
6783,J2S3T6,Canada,45.613975,-72.969544,47991.021501389405
6784,J2X0A3,Canada,45.320485,-73.249843,86284.60156330529
6785,J2N3C6,Canada,45.262067,-72.982028,79039.10270256606
6786,J2G7B5,Canada,45.384885,-72.73648,58580.7721424475
6787,J2W2E7,Canada,45.356507,-73.265067,84270.20703689528
6788,J2J2A4,Canada,45.421794,-72.801127,56724.58269809631
6789,J2X4V2,Canada,45.279957,-73.241272,89170.49698472908
6790,J2M1J1,Canada,45.361339,-72.572732,58220.78338780656
6791,J2S7W4,Canada,45.630974,-72.964721,46538.43539366593
6792,J2W2N3,Canada,45.34673,-73.277156,85706.86276486686
6793,J2J2J7,Canada,45.406605,-72.757451,56897.16921959593
6794,J2H3J6,Canada,45.38411,-72.72037,58254.202317097384
6795,J2H3J6,Canada,45.38411,-72.72037,58254.202317097384
6796,J2G7A4,Canada,45.398797,-72.734994,57083.61172699883
6797,J2G3C3,Canada,45.402576,-72.739456,56808.79601465069
6798,J2G5W2,Canada,45.410764,-72.733734,55798.717227928304
6799,J2X5R8,Canada,45.32331,-73.251029,86120.59995254438
6800,J2G3W9,Canada,45.394736,-72.742552,57711.23427067479
6801,J2T5H1,Canada,45.585552,-72.944021,48539.407786607204
6802,J2M1L4,Canada,45.3401,-72.58848,60721.140436115944
6803,J2M1L4,Canada,45.3401,-72.58848,60721.140436115944
6804,J2G7T7,Canada,45.408596,-72.750178,56481.599427146626
6805,J2G6H6,Canada,45.413295,-72.738834,55674.57592037368
6806,J2R1G6,Canada,45.649356,-72.999542,47591.46150773729
6807,J2G3R8,Canada,45.3981,-72.736962,57209.07198490117
6808,J2W1V1,Canada,45.350347,-73.302543,86866.19965651003
6809,J2G6A7,Canada,45.425472,-72.732813,54240.3122221792
6810,J2G4E4,Canada,45.391698,-72.731417,57733.8449056912
6811,J2G4E4,Canada,45.391698,-72.731417,57733.8449056912
6812,J2J2S9,Canada,45.387863,-72.782677,59576.7666928881
6813,J2Y1A5,Canada,45.379229,-73.378863,89256.05327359836
6814,J2T3Y7,Canada,45.615335,-72.952449,46858.91581949022
6815,J2G8V4,Canada,45.379948,-72.746244,59356.06659409718
6816,J2G8V7,Canada,45.375384,-72.746183,59832.08749580481
6817,J2J1G1,Canada,45.399123,-72.760533,57759.93931438291
6818,J2X5M6,Canada,45.318057,-73.227281,85278.73075484496
6819,J2Y1C4,Canada,45.294589,-73.335832,93051.11655538362
6820,J2W2S6,Canada,45.34881,-73.301909,86947.045605089
6821,J2X5T1,Canada,45.267434,-73.229725,89639.1669444093
6822,J2J1V6,Canada,45.404325,-72.762701,57286.187673760534
6823,J2G3Z8,Canada,45.388278,-72.740592,58333.616945871276
6824,J2W2B5,Canada,45.372159,-73.254362,82459.17977919134
6825,J2H0K7,Canada,45.410234,-72.699904,54993.925877502326
6826,J2S8Y4,Canada,45.645401,-72.942101,44167.092479600076
6827,J2G5C6,Canada,45.401625,-72.72721,56582.30253062426
6828,J2W1J1,Canada,45.349937,-73.291544,86271.33319976277
6829,J2S0N8,Canada,45.63818,-72.97214,46529.99650106498
6830,J2W2T7,Canada,45.339089,-73.296275,87373.40362234757
6831,J2S0M2,Canada,45.63818,-72.97214,46529.99650106498
6832,J2H3E9,Canada,45.396062,-72.689565,56264.95284983244
6833,J2Y1A7,Canada,45.315955,-73.318952,90440.36364852462
6834,J2G3N5,Canada,45.398796,-72.73209,57006.80850608372
6835,J2T4B9,Canada,45.612089,-72.960724,47586.70471548135
6836,J2N0S9,Canada,45.275648,-72.970851,77292.18836176001
6837,J2W2T1,Canada,45.337261,-73.298985,87667.30113594918
6838,J2N3E3,Canada,45.292831,-72.978222,75917.88071541545
6839,J2W1H3,Canada,45.344759,-73.299143,87099.35832689774
6840,J2T2C2,Canada,45.613076,-72.94944,46837.77817339957
6841,J2T2C2,Canada,45.613076,-72.94944,46837.77817339957
6842,J2W1W5,Canada,45.358974,-73.295766,85823.58987909052
6843,J2W1G4,Canada,45.345457,-73.302082,87212.85518974351
6844,J2S2C2,Canada,45.623546,-72.960116,46755.586383108086
6845,J2G0B9,Canada,45.401881,-72.734869,56757.599205515304
6846,J2T0J2,Canada,45.613787,-72.917475,44896.7273812251
6847,J2T0J2,Canada,45.613787,-72.917475,44896.7273812251
6848,J2S7Z5,Canada,45.605606,-72.975745,48949.95584238155
6849,J2W2X9,Canada,45.358494,-73.312896,86846.21465893058
6850,J2X1P7,Canada,45.307537,-73.240302,86830.82086991765
6851,J2J0V3,Canada,45.387682,-72.777554,59440.98358641575
6852,J2G2M4,Canada,45.402194,-72.723752,56433.07410584676
6853,J2J2Z8,Canada,45.385475,-72.755819,59041.16267816236
6854,J2W1G3,Canada,45.349,-73.29922,86779.32412799631
6855,J2X1L9,Canada,45.310955,-73.232516,86138.87938029981
6856,J2E1B9,Canada,45.904812,-72.527257,4288.038235973086
6857,J2W1W8,Canada,45.354425,-73.298024,86297.93823161478
6858,J2G7W2,Canada,45.400045,-72.748396,57318.952806736794
6859,J2T1T4,Canada,45.616829,-72.952959,46784.71806863021
6860,J2S0N1,Canada,45.63818,-72.97214,46529.99650106498
6861,J2H0W3,Canada,45.429679,-72.723478,53545.88114470259
6862,J2S8M5,Canada,45.640885,-72.961623,45689.85295814161
6863,J2X4M5,Canada,45.284619,-73.227469,88069.54019227755
6864,J2W1N6,Canada,45.348768,-73.271768,85246.56816462456
6865,J2W1J1,Canada,45.349937,-73.291544,86271.33319976277
6866,J2G3E9,Canada,45.407261,-72.743663,56436.552581058284
6867,J2W1K9,Canada,45.351728,-73.269112,84867.81825926605
6868,J2X4B6,Canada,45.293687,-73.229971,87437.8662254727
6869,J2Y1L2,Canada,45.318871,-73.300352,89175.41100531805
6870,J2S0N9,Canada,45.63818,-72.97214,46529.99650106498
6871,J2G5B7,Canada,45.402562,-72.725488,56439.212728919185
6872,J2T4E7,Canada,45.617197,-72.925984,45146.108008428586
6873,J2Y0H1,Canada,0,0,8672420.421869809
6874,J2W3C6,Canada,45.350772,-73.30487,86966.92826338313
6875,J2W3C6,Canada,45.350772,-73.30487,86966.92826338313
6876,J2W3C6,Canada,45.350772,-73.30487,86966.92826338313
6877,J2W2V3,Canada,45.337812,-73.295773,87443.80936404398
6878,J2S7K1,Canada,45.640198,-72.95964,45609.97573260814
6879,J2K0E4,Canada,45.191199,-72.745867,79417.49187536737
6880,J2W1H2,Canada,45.344752,-73.30176,87248.47994212007
6881,J2G6C5,Canada,45.415845,-72.735955,55329.49742941142
6882,J2G0A5,Canada,45.412448,-72.746523,55978.22650883795
6883,J2X5N2,Canada,45.276363,-73.202023,87486.12713842484
6884,J2W1A7,Canada,45.384873,-73.374187,88576.78107032916
6885,J2J1N7,Canada,45.406358,-72.757057,56911.23911748677
6886,J2H2G6,Canada,45.443852,-72.712666,51773.84801258977
6887,J2M1Y4,Canada,45.372742,-72.632346,57706.5366577841
6888,J2W0B8,Canada,45.356622,-73.290798,85718.13149782109
6889,J2W1A4,Canada,45.388543,-73.364339,87721.06221438218
6890,J2W1X1,Canada,45.339428,-73.300089,87562.5038073759
6891,J2T4P5,Canada,45.616352,-72.942946,46215.762711187854
6892,J2W1K3,Canada,45.355957,-73.308255,86769.02030087567
6893,J2X1R3,Canada,45.308743,-73.234873,86445.18722953048
6894,J2L6R2,Canada,0,0,8672420.421869809
6895,J2G8V4,Canada,45.379948,-72.746244,59356.06659409718
6896,J2N1L2,Canada,45.285659,-72.981065,76719.87028217997
6897,J2H3J9,Canada,45.38411,-72.72037,58254.202317097384
6898,J2J0C4,Canada,45.355302,-72.761591,62345.00854170029
6899,J2G9H1,Canada,45.39913,-72.734339,57031.33326294275
6900,J2H2M1,Canada,45.436498,-72.732122,53075.20960032727
6901,J2X1S5,Canada,45.308212,-73.228009,86128.33433944875
6902,J2X0B6,Canada,45.320389,-73.246593,86117.6250956291
6903,J2Y1E4,Canada,45.340698,-73.361884,91020.42336970569
6904,J2G3N5,Canada,45.398796,-72.73209,57006.80850608372
6905,J2S4E3,Canada,45.636494,-72.952807,45427.85580949469
6906,J2S8Y8,Canada,45.641164,-72.946803,44742.1906097124
6907,J2H2X4,Canada,45.393058,-72.678625,56351.087634180236
6908,J2S6E4,Canada,45.620679,-72.956405,46725.73768595207
6909,J2T5A5,Canada,45.617534,-72.928917,45295.20820500141
6910,J2J0E4,Canada,45.396028,-72.772255,58424.1167500544
6911,J2G7A4,Canada,45.398797,-72.734994,57083.61172699883
6912,J2J1X3,Canada,45.407387,-72.756393,56785.60998709818
6913,J2J2T2,Canada,45.382397,-72.75118,59233.71838824335
6914,J2L1E2,Canada,45.304388,-72.68142,65965.44428939062
6915,J2W1Y9,Canada,45.341892,-73.296924,87193.93279715111
6916,J2S4Z2,Canada,45.634331,-72.963728,46253.18010895765
6917,J2S8A9,Canada,45.633645,-72.96968,46671.39611434567
6918,J2W3C6,Canada,45.350772,-73.30487,86966.92826338313
6919,J2X3W8,Canada,45.303381,-73.233077,86793.50209039792
6920,J2W3E4,Canada,45.355619,-73.272525,84758.60669124778
6921,J2H2C1,Canada,45.434594,-72.716747,52851.34016209297
6922,J2N0P2,Canada,45.275648,-72.970851,77292.18836176001
6923,J2X2E4,Canada,45.303045,-73.234433,86892.32599348709
6924,J2G0B9,Canada,45.401881,-72.734869,56757.599205515304
6925,J2H2Z6,Canada,45.378851,-72.724827,58919.66683165588
6926,J2W3C6,Canada,45.350772,-73.30487,86966.92826338313
6927,J2H2K1,Canada,45.39527,-72.703007,56655.261380642114
6928,J2G4N5,Canada,45.411249,-72.713865,55228.359990732686
6929,J2G4G4,Canada,45.380705,-72.747338,59306.258007970464
6930,J2W0C1,Canada,45.349563,-73.287163,86051.82267473475
6931,J2Y2X1,Canada,0,0,8672420.421869809
6932,J2G7A4,Canada,45.398797,-72.734994,57083.61172699883
6933,J2X2Y1,Canada,45.291933,-73.242889,88255.28977453405
6934,J2J0E4,Canada,45.396028,-72.772255,58424.1167500544
6935,J2H0P8,Canada,45.371453,-72.697645,59071.468114916126
6936,J2S5X9,Canada,45.625044,-72.95629,46418.15284582834
6937,J2G6N4,Canada,45.415459,-72.747875,55704.748688410546
6938,J2S3H1,Canada,45.625874,-72.943894,45603.53371511134
6939,J2G8L6,Canada,45.416053,-72.739238,55398.86298236893
6940,J2H2Z5,Canada,45.740543,-73.445253,76189.15101216217
6941,J2G6N4,Canada,45.415459,-72.747875,55704.748688410546
6942,J2W2H1,Canada,45.327396,-73.29787,88370.30386859697
6943,J2J1L4,Canada,45.404457,-72.760361,57203.890405235594
6944,J2N3E7,Canada,45.280633,-72.983869,77314.06688460174
6945,J2G6K2,Canada,45.410071,-72.742936,56124.06512193637
6946,J2M2B5,Canada,45.402001,-72.659454,55003.48713983618
6947,J2T2T6,Canada,45.637186,-72.930802,44022.72345917465
6948,J2Y1C4,Canada,45.294589,-73.335832,93051.11655538362
6949,J2N0T2,Canada,45.275648,-72.970851,77292.18836176001
6950,J2H2E6,Canada,45.435947,-72.714432,52648.2101634051
6951,J2G0B9,Canada,45.401881,-72.734869,56757.599205515304
6952,J2G6A3,Canada,45.420055,-72.733566,54825.12095516936
6953,J2W1N9,Canada,45.351176,-73.28201,85636.39890763994
6954,J2G5G4,Canada,45.403228,-72.728669,56452.24572497807
6955,J2G4E7,Canada,45.388859,-72.735772,58145.36613707899
6956,J2J2C1,Canada,45.406605,-72.757451,56897.16921959593
6957,J2W1R8,Canada,45.344778,-73.274564,85713.42428590867
6958,J2A2B9,Canada,45.811172,-72.372892,11586.97404439796
6959,J2G5P1,Canada,45.417176,-72.726997,54947.24080694749
6960,J2G2J5,Canada,45.403216,-72.721452,56266.64299131351
6961,J2H0W2,Canada,45.429534,-72.716696,53379.84125995601
6962,J2H0W2,Canada,45.429534,-72.716696,53379.84125995601
6963,J2W1W3,Canada,45.353421,-73.296502,86287.35421132574
6964,J2S5C5,Canada,45.624917,-72.946196,45810.053027455484
6965,J2Y1G1,Canada,45.371826,-73.388085,90335.39804033902
6966,J2W1V3,Canada,45.352068,-73.297713,86459.48750809733
6967,J2W2T6,Canada,45.360037,-73.295322,85717.65105380454
6968,J2G6T7,Canada,45.397472,-72.729267,57071.76798928343
6969,J2H2H8,Canada,45.419907,-72.709447,54204.72012064193
6970,J2T1R9,Canada,45.613985,-72.96291,47586.4928451191
6971,J2G3N5,Canada,45.398796,-72.73209,57006.80850608372
6972,J2H2B9,Canada,45.434754,-72.720238,52928.25284406349
6973,J2H2E3,Canada,45.432357,-72.714426,53024.20111056842
6974,J2W1M9,Canada,45.37988,-73.258677,82114.8399592251
6975,J2W2L3,Canada,45.345432,-73.275762,85729.56270950647
6976,J2J2J1,Canada,45.359643,-72.754646,61705.001923051364
6977,J2X5E3,Canada,45.303649,-73.224246,86310.33735394274
6978,J2W1X4,Canada,45.337879,-73.300614,87711.50317356722
6979,J2G7H2,Canada,45.399247,-72.739865,57167.39538127665
6980,J2W3E1,Canada,45.347352,-73.301319,87024.65148212241
6981,J2H2J2,Canada,45.380681,-72.733597,58947.812852274204
6982,J2N1X5,Canada,45.284562,-72.983183,76908.79921378981
6983,J2W1W6,Canada,45.353875,-73.297423,86305.39881792775
6984,J2S4K9,Canada,45.624736,-72.940189,45458.107541209065
6985,J2S4K9,Canada,45.624736,-72.940189,45458.107541209065
6986,J2S4J1,Canada,45.625096,-72.939637,45399.4926299282
6987,J2B1L9,Canada,45.872114,-72.476259,1130.7205936134728
6988,J2S4Z6,Canada,45.63594,-72.966672,46331.535445900605
6989,J2T4H2,Canada,45.624855,-72.935785,45183.67866839192
6990,J2B0Z8,Canada,45.857777,-72.510701,3275.452727184746
6991,J2S2Y1,Canada,45.635404,-72.939747,44693.55858752382
6992,J2W3E8,Canada,45.353414,-73.289512,85889.73928229019
6993,J2W2K6,Canada,45.354922,-73.29857,86291.4213864799
6994,J2C3P2,Canada,45.876675,-72.513487,2317.2473823118726
6995,J2J0C7,Canada,45.398628,-72.769609,58077.666563651816
6996,J2X5V7,Canada,45.320209,-73.236807,85608.51588673267
6997,J2S7S7,Canada,45.631334,-72.966826,46645.714590298245
6998,J2G3B4,Canada,45.39829,-72.727052,56928.42490362996
6999,J2W1W9,Canada,45.339635,-73.297124,87379.14162785008
7000,J2W2K4,Canada,45.355969,-73.300717,86335.0090279509
7001,J2W2Y5,Canada,45.337784,-73.291268,87192.75707192424
7002,J2Y1A8,Canada,45.316187,-73.320335,90499.80589129546
7003,J2H0J4,Canada,45.374808,-72.732393,59535.32988984505
7004,J2H0E7,Canada,45.415039,-72.709117,54709.79437631654
7005,J2V0A8,Canada,0,0,8672420.421869809
7006,J2T1R5,Canada,45.617614,-72.953585,46767.61631847609
7007,J2S4G8,Canada,45.626772,-72.940782,45351.91663405006
7008,J2X5N9,Canada,45.30844,-73.208063,85071.83537584121
7009,J2W1Y5,Canada,45.358627,-73.312196,86795.76023048043
7010,J2B6E4,Canada,45.866604,-72.498669,1927.9658488910118
7011,J2W1J8,Canada,45.358402,-73.305339,86416.89818690722
7012,J2X2L8,Canada,45.298292,-73.238496,87498.47711503894
7013,J2J1Y9,Canada,45.385509,-72.752415,58943.2355860704
7014,J2S9E5,Canada,45.61019,-72.986219,49272.695689915
7015,J2X2S8,Canada,45.277642,-73.232083,88893.73925424035
7016,J2H3G3,Canada,45.384586,-72.704824,57832.998003801644
7017,J2A3X8,Canada,45.826068,-72.477981,6096.108376248771
7018,J2A3X8,Canada,45.826068,-72.477981,6096.108376248771
7019,J2H0B8,Canada,45.390877,-72.683837,56694.94347072052
7020,J2G7M8,Canada,45.397847,-72.740982,57343.85247249129
7021,J2G2T8,Canada,45.398106,-72.721991,56818.20078074175
7022,J2H2R9,Canada,45.39516,-72.699265,56580.072805405165
7023,J2S2S2,Canada,45.619291,-72.959329,47000.11608765628
7024,J2S8M6,Canada,45.640885,-72.961623,45689.85295814161
7025,J2Y1H4,Canada,45.29215,-73.360349,94611.28779558364
7026,J2W2K7,Canada,45.354922,-73.29857,86291.4213864799
7027,J2X1N1,Canada,45.309106,-73.236298,86490.45073502703
7028,J2N2P4,Canada,45.274431,-72.963576,77134.3633241533
7029,J2J2S8,Canada,45.420179,-72.739173,54968.216863698064
7030,J2G6T8,Canada,45.397472,-72.729267,57071.76798928343
7031,J2G6T8,Canada,45.397472,-72.729267,57071.76798928343
7032,J2G6T8,Canada,45.397472,-72.729267,57071.76798928343
7033,J2W2B1,Canada,45.37357,-73.251894,82211.10588804899
7034,J2N2K8,Canada,45.287651,-72.970053,76097.76771645414
7035,J2W1X9,Canada,45.342104,-73.302765,87508.37736935147
7036,J2S0C1,Canada,45.608977,-72.981827,49086.475301036495
7037,J2G7A9,Canada,45.39214,-72.735097,57783.6286373232
7038,J2T4P7,Canada,45.614443,-72.940374,46198.364347860006
7039,J2G419,Canada,0,0,8672420.421869809
7040,J2K2X3,Canada,45.206424,-72.747113,77805.6058147304
7041,J2X1A1,Canada,45.316765,-73.239812,86049.45272983087
7042,J2H0W4,Canada,45.436652,-72.718983,52696.1086535995
7043,J2W3A4,Canada,45.335974,-73.294979,87541.46510709604
7044,J2W3A4,Canada,45.335974,-73.294979,87541.46510709604
7045,J2W1H1,Canada,45.34516,-73.295589,86867.12798448915
7046,J2W1H1,Canada,45.34516,-73.295589,86867.12798448915
7047,J2W1H1,Canada,45.34516,-73.295589,86867.12798448915
7048,J2W1H1,Canada,45.34516,-73.295589,86867.12798448915
7049,J2R1G7,Canada,45.648736,-73.020239,48987.41373660071
7050,J2K4H9,Canada,45.244119,-72.78233,74573.34267318169
7051,J2X3E8,Canada,45.31328,-73.244921,86605.88413753321
7052,J2S8C2,Canada,45.633176,-72.947611,45329.54124555928
7053,J2H0P1,Canada,45.38057,-72.680708,57734.55867837732
7054,J2H0P1,Canada,45.38057,-72.680708,57734.55867837732
7055,J2W1J9,Canada,45.356571,-73.304126,86485.18139315219
7056,J2T5L3,Canada,45.621794,-72.917574,44315.979535376864
7057,J2Y0A4,Canada,45.314558,-73.351219,92370.33607862344
7058,J2G6Z9,Canada,45.401138,-72.735508,56852.41313009644
7059,J2H0Z3,Canada,45.394014,-72.685774,56400.84119056208
7060,J2M1J5,Canada,45.36559,-72.570087,57726.6620042081
7061,J2W1G7,Canada,45.344028,-73.294174,86874.08165683196
7062,J2H1C5,Canada,45.378544,-72.730347,59090.055770639156
7063,J2W1G7,Canada,45.344028,-73.294174,86874.08165683196
7064,J2W1G7,Canada,45.344028,-73.294174,86874.08165683196
7065,J2W1G7,Canada,45.344028,-73.294174,86874.08165683196
7066,J2W2E7,Canada,45.356507,-73.265067,84270.20703689528
7067,J2S7X3,Canada,45.642226,-72.955742,45231.83523417456
7068,J2R2J4,Canada,45.64001,-72.910081,42566.8906758056
7069,J2G4X2,Canada,45.404833,-72.720264,56066.18456936665
7070,J2H2A7,Canada,45.426969,-72.744324,54411.43963265596
7071,J2H2A7,Canada,45.426969,-72.744324,54411.43963265596
7072,J2S8J7,Canada,45.622661,-72.961495,46900.825967416335
7073,J2T4Y4,Canada,45.611131,-72.915535,44981.12016889001
7074,J2X5T9,Canada,45.329206,-73.236351,84853.64283246356
7075,J2J0E7,Canada,45.400777,-72.772818,57952.91495825403
7076,J2J1W6,Canada,45.402804,-72.752617,57151.48372042877
7077,J2X1A3,Canada,45.315896,-73.247634,86537.86194602531
7078,J2C8T8,Canada,45.86461,-72.516466,3077.413172735548
7079,J2G3N5,Canada,45.398796,-72.73209,57006.80850608372
7080,J2G4E4,Canada,45.391698,-72.731417,57733.8449056912
7081,J2T0H9,Canada,45.613787,-72.917475,44896.7273812251
7082,J2J1W1,Canada,45.404735,-72.755963,57047.382654200504
7083,J2G3C1,Canada,45.402295,-72.736552,56759.50059998053
7084,J2H0Z1,Canada,45.399229,-72.684155,55807.987109683905
7085,J2W1X2,Canada,45.340141,-73.299386,87467.87848728901
7086,J2G8V7,Canada,45.375384,-72.746183,59832.08749580481
7087,J2X5S2,Canada,45.273153,-73.232237,89281.04071946189
7088,J2H1Z6,Canada,45.425375,-72.734709,54303.20099726351
7089,J2W1L5,Canada,45.352769,-73.270306,84854.09305150354
7090,J2Y1A4,Canada,45.316467,-73.33814,91481.33630423968
7091,J2S7K1,Canada,45.640198,-72.95964,45609.97573260814
7092,J2W3A4,Canada,45.335974,-73.294979,87541.46510709604
7093,J2S0C1,Canada,45.608977,-72.981827,49086.475301036495
7094,J2G2T1,Canada,45.401001,-72.711125,56242.12080484658
7095,J2M1N9,Canada,45.356426,-72.616587,59261.80408420925
7096,J2W0C1,Canada,45.349563,-73.287163,86051.82267473475
7097,J2X1K3,Canada,45.311539,-73.234698,86205.98762325312
7098,J2X5N8,Canada,45.378302,-73.244647,81437.4642285865
7099,J2G4T2,Canada,45.409019,-72.718687,55585.50489934815
7100,J2J2K4,Canada,45.395396,-72.762341,58197.658347536526
7101,J2S2B6,Canada,45.627502,-72.955329,46191.120279451156
7102,J2S7V5,Canada,45.614614,-72.971086,48041.13851519066
7103,J2G9M8,Canada,45.414715,-72.733167,55370.917251062485
7104,J2H3G2,Canada,45.383662,-72.71603,58195.88148118272
7105,J2S0N2,Canada,45.63818,-72.97214,46529.99650106498
7106,J2S8W3,Canada,45.643604,-72.956308,45177.29421480843
7107,J2X1H1,Canada,45.312667,-73.215639,85112.55151291407
7108,J2S1B2,Canada,45.642226,-72.955742,45231.83523417456
7109,J2H0B3,Canada,45.396743,-72.684557,56082.58597411822
7110,J2L1A7,Canada,45.318246,-72.667107,64209.19840640131
7111,J2K2X3,Canada,45.206424,-72.747113,77805.6058147304
7112,J2K0E4,Canada,45.191199,-72.745867,79417.49187536737
7113,J2G9G1,Canada,45.421572,-72.731358,54606.361425389805
7114,J2W2T1,Canada,45.337261,-73.298985,87667.30113594918
7115,J2Y1G4,Canada,45.369423,-73.37901,89956.30684551936
7116,J2T3C2,Canada,45.617423,-72.922551,44927.24260245709
7117,J2J0V3,Canada,45.387682,-72.777554,59440.98358641575
7118,J2T2C2,Canada,45.613076,-72.94944,46837.77817339957
7119,J2N1E7,Canada,45.286659,-72.968941,76150.74248695948
7120,J2W2T3,Canada,45.359761,-73.310982,86640.55908036155
7121,J2T5G8,Canada,45.604758,-72.96653,48453.491801967335
7122,J2N2C5,Canada,45.283712,-72.979898,76861.67460753526
7123,J2Y1G3,Canada,45.373219,-73.390255,90369.3636984519
7124,J2G5S7,Canada,45.409404,-72.732805,55915.686698245285
7125,J2Y1G3,Canada,45.373219,-73.390255,90369.3636984519
7126,J2T4C3,Canada,45.612593,-72.958154,47396.07637706998
7127,J2S8A9,Canada,45.633645,-72.96968,46671.39611434567
7128,J2G3W4,Canada,45.395447,-72.736646,57478.217548546636
7129,J2L2J2,Canada,45.314985,-72.643759,64186.410869697116
7130,J2X1H1,Canada,45.312667,-73.215639,85112.55151291407
7131,J2X1L5,Canada,45.309596,-73.238388,86560.56549857985
7132,J2G2H4,Canada,45.406756,-72.733089,56200.10909669386
7133,J2J1L4,Canada,45.404457,-72.760361,57203.890405235594
7134,J2J1L4,Canada,45.404457,-72.760361,57203.890405235594
7135,J2J1L4,Canada,45.404457,-72.760361,57203.890405235594
7136,J2J1L4,Canada,45.404457,-72.760361,57203.890405235594
7137,J2J1X3,Canada,45.407387,-72.756393,56785.60998709818
7138,J2G6A3,Canada,45.420055,-72.733566,54825.12095516936
7139,J2X1L5,Canada,45.309596,-73.238388,86560.56549857985
7140,J2J1L4,Canada,45.404457,-72.760361,57203.890405235594
7141,J2J1L4,Canada,45.404457,-72.760361,57203.890405235594
7142,J2J1T6,Canada,45.39768,-72.755014,57750.96073382096
7143,J2H3A5,Canada,45.381475,-72.723143,58600.91227649333
7144,J2L1K1,Canada,45.309247,-72.653577,64964.339548876
7145,J2X2T7,Canada,45.27692,-73.23481,89094.02729084597
7146,J2W3C6,Canada,45.350772,-73.30487,86966.92826338313
7147,J2J1X5,Canada,45.39768,-72.755014,57750.96073382096
7148,J2W1Z4,Canada,45.353279,-73.291608,86019.26960239498
7149,J2S4Z6,Canada,45.63594,-72.966672,46331.535445900605
7150,J2J1P4,Canada,45.403047,-72.751754,57101.75790169747
7151,J2G3T5,Canada,45.396521,-72.735344,57331.17892403759
7152,J2Y1L6,Canada,45.320418,-73.300905,89084.8526140587
7153,J2L1E4,Canada,45.298863,-72.692415,66766.8352805508
7154,J2W2N6,Canada,45.353217,-73.291051,85992.31494750023
7155,J2G4P6,Canada,45.4107,-72.715168,55319.088614687156
7156,J2G7G9,Canada,45.401157,-72.740417,56983.03079721494
7157,J2G5L9,Canada,45.403494,-72.732839,56534.639879200586
7158,J2G5L9,Canada,45.403494,-72.732839,56534.639879200586
7159,J2S5V6,Canada,45.625423,-72.954711,46295.31224573732
7160,J2T3M4,Canada,45.619922,-72.920348,44615.61757259158
7161,J2J2G7,Canada,45.405723,-72.75746,56988.569498275334
7162,J2H2G6,Canada,45.443852,-72.712666,51773.84801258977
7163,J2H2G6,Canada,45.443852,-72.712666,51773.84801258977
7164,J2G7B5,Canada,45.384885,-72.73648,58580.7721424475
7165,J2J2S2,Canada,45.418537,-72.74279,55240.747294124056
7166,J2G3Y2,Canada,45.394479,-72.756365,58121.315917622596
7167,J2G0C7,Canada,45.401422,-72.734295,56790.279449365735
7168,J2S6A5,Canada,45.636333,-72.97102,46579.43882396253
7169,J2H2H4,Canada,45.44414,-72.721891,51994.68921431357
7170,J2W1Y8,Canada,45.344142,-73.278005,85955.45375504532
7171,J2T0C2,Canada,45.625805,-72.92809,44653.72090315155
7172,J2G8J1,Canada,45.415331,-72.745718,55656.39434572367
7173,J2S5N1,Canada,45.625194,-72.951277,46100.79729922811
7174,J2R1B2,Canada,45.650564,-72.989372,46855.215888068255
7175,J2R1R5,Canada,45.639886,-72.920452,43204.38545889162
7176,J2J0T2,Canada,45.387682,-72.777554,59440.98358641575
7177,J2X3C1,Canada,45.305307,-73.241727,87089.34396749345
7178,J2R2A6,Canada,45.695838,-72.918017,39466.56012797999
7179,J2G3J7,Canada,45.401545,-72.743397,57024.20137114188
7180,J2T1L5,Canada,45.628166,-72.938203,45098.20595519273
7181,J2G8V7,Canada,45.375384,-72.746183,59832.08749580481
7182,J2S0A1,Canada,45.623652,-72.958483,46648.08751244529
7183,J2J1N7,Canada,45.406358,-72.757057,56911.23911748677
7184,J2H2R7,Canada,45.394114,-72.700069,56709.86796705427
7185,J2X3C1,Canada,45.305307,-73.241727,87089.34396749345
7186,J2G6T6,Canada,45.400233,-72.727421,56733.92205766211
7187,J2W2R9,Canada,45.339027,-73.298842,87522.97650230864
7188,J2J2X5,Canada,45.356795,-72.749738,61874.51750893863
7189,J2S3E5,Canada,45.626494,-72.944925,45623.27884924
7190,J2S3E5,Canada,45.626494,-72.944925,45623.27884924
7191,J2H2V1,Canada,45.433325,-72.745673,53794.522383609394
7192,J2S6H4,Canada,45.630619,-72.969151,46838.421991133866
7193,J2R1J7,Canada,45.682937,-72.972392,43831.746811168574
7194,J2W1P2,Canada,45.344254,-73.266161,85285.83376417437
7195,J2T0J5,Canada,45.613787,-72.917475,44896.7273812251
7196,J2G1V6,Canada,45.408865,-72.72948,55883.07858523369
7197,J2J1X2,Canada,45.404735,-72.755963,57047.382654200504
7198,J2G3N5,Canada,45.398796,-72.73209,57006.80850608372
7199,J2W1L9,Canada,45.351978,-73.276943,85288.67722593572
7200,J2A1H4,Canada,45.831298,-72.432757,6787.269425998704
7201,J2G2W9,Canada,45.40454,-72.73627,56517.340414655526
7202,J2K3G8,Canada,45.200975,-72.725613,77969.53097475875
7203,J2W1H1,Canada,45.34516,-73.295589,86867.12798448915
7204,J2G3N7,Canada,45.399238,-72.735345,57046.81360900483
7205,J2W2W6,Canada,45.358752,-73.313537,86863.9783879345
7206,J2W2Y8,Canada,45.35986,-73.302531,86145.3518143355
7207,J2S6N5,Canada,45.619711,-72.961615,47110.745305382814
7208,J2S7R7,Canada,45.629676,-72.96464,46620.1879401288
7209,J2G5C7,Canada,45.400921,-72.728991,56702.64101291886
7210,J2J1X6,Canada,45.401647,-72.756524,57383.09882240622
7211,J2G2M8,Canada,45.402802,-72.72663,56443.661448430015
7212,J2G8Y2,Canada,45.414789,-72.740602,55568.36352723468
7213,J2G8R9,Canada,45.385987,-72.75004,58828.15219538968
7214,J2J0E3,Canada,45.396028,-72.772255,58424.1167500544
7215,J2J0E3,Canada,45.396028,-72.772255,58424.1167500544
7216,J2L1H9,Canada,45.313807,-72.651047,64427.230075754414
7217,J2Y1A4,Canada,45.316467,-73.33814,91481.33630423968
7218,J2X4C1,Canada,45.284984,-73.230071,88172.28728564485
7219,J2W1J8,Canada,45.358402,-73.305339,86416.89818690722
7220,J2M2R4,Canada,0,0,8672420.421869809
7221,J2M2R4,Canada,0,0,8672420.421869809
7222,J2X4L5,Canada,45.316578,-73.228284,85453.1960671031
7223,J2K0Z9,Canada,45.188608,-72.755522,79892.48781151044
7224,J2A2G9,Canada,45.845527,-72.43831,5283.8982433497795
7225,J2G2M6,Canada,45.402802,-72.72663,56443.661448430015
7226,J2W1W8,Canada,45.354425,-73.298024,86297.93823161478
7227,J2G5N2,Canada,45.408805,-72.730272,55910.445609228685
7228,J2H0P8,Canada,45.371453,-72.697645,59071.468114916126
7229,J2J9V1,Canada,45.375789,-72.737452,59561.21826194465
7230,J2L1R7,Canada,45.301826,-72.648616,65697.14623854287
7231,J2X2R7,Canada,45.293857,-73.23167,87511.686055583
7232,J2H0P5,Canada,45.37087,-72.694292,59060.934118520214
7233,J2H0P5,Canada,45.37087,-72.694292,59060.934118520214
7234,J2H0P5,Canada,45.37087,-72.694292,59060.934118520214
7235,J2H2V7,Canada,45.392653,-72.691331,56667.99943489517
7236,J2H1Y2,Canada,45.425077,-72.721784,53981.45398098953
7237,J2G4A9,Canada,45.385825,-72.743941,58679.74799761097
7238,J2Y1A8,Canada,45.316187,-73.320335,90499.80589129546
7239,J2R1X4,Canada,45.644656,-72.902603,41789.04055533955
7240,J2T4Y4,Canada,45.611131,-72.915535,44981.12016889001
7241,J2W2Y4,Canada,45.335529,-73.296936,87685.9057177226
7242,J2S5V6,Canada,45.625423,-72.954711,46295.31224573732
7243,J2X1T9,Canada,45.307449,-73.237259,86677.45761619984
7244,J2S6G9,Canada,45.628724,-72.967259,46846.81019661341
7245,J2K3C1,Canada,45.210476,-72.757972,77598.99116751229
7246,J2J1X2,Canada,45.404735,-72.755963,57047.382654200504
7247,J2L2E4,Canada,45.310036,-72.631886,64555.83233573418
7248,J2n2l5,Canada,45.280159,-72.971417,76876.03725949982
7249,J2N2T8,Canada,45.281017,-72.991442,77576.01593843641
7250,J2Y1C7,Canada,45.314181,-73.352114,92450.10069551908
7251,J2L1N7,Canada,45.300372,-72.633564,65637.89875592022
7252,J2W1G5,Canada,45.343245,-73.302622,87412.81912552583
7253,J2E1P8,Canada,45.909842,-72.551908,6173.944328829366
7254,J2J1X2,Canada,45.404735,-72.755963,57047.382654200504
7255,J2H0Y6,Canada,45.42156,-72.709055,54020.6594541359
7256,J2R2C2,Canada,45.64061,-72.904391,42181.913804441
7257,J2X5C2,Canada,45.290666,-73.231361,87762.27946207213
7258,J2H3H4,Canada,45.384586,-72.704824,57832.998003801644
7259,J2G9A3,Canada,45.395699,-72.749244,57794.60499182013
7260,J2A1C4,Canada,45.838738,-72.441042,5739.677065648361
7261,J2G8B8,Canada,45.387109,-72.738667,58404.98337374404
7262,J2J2J2,Canada,45.357738,-72.757278,61974.51276795261
7263,J2G5A1,Canada,45.410339,-72.72009,55482.7013139933
7264,J2X5C3,Canada,45.316765,-73.242343,86184.40596075774
7265,J2M1N2,Canada,45.353684,-72.617044,59568.62334922366
7266,J2G5C5,Canada,45.401625,-72.72721,56582.30253062426
7267,J2G5C5,Canada,45.401625,-72.72721,56582.30253062426
7268,J2G7E7,Canada,45.388804,-72.737972,58209.03427171277
7269,J2M0B8,Canada,45.38068,-72.64802,57100.97264451413
7270,J2M0B8,Canada,45.38068,-72.64802,57100.97264451413
7271,J2W3B2,Canada,45.353448,-73.307754,86929.55386397774
7272,J2X0C9,Canada,45.299481,-73.228686,86888.0902519105
7273,J2S4W9,Canada,45.628265,-72.948587,45724.8958099389
7274,J2S4K3,Canada,45.632141,-72.950503,45578.22336309455
7275,J2G4Z2,Canada,45.403576,-72.723083,56270.59218414399
7276,J2S1P1,Canada,45.627547,-72.965398,46810.174557192695
7277,J2M1L2,Canada,45.34482,-72.55779,59924.71239757265
7278,J2S5V6,Canada,45.625423,-72.954711,46295.31224573732
7279,J2H2H3,Canada,45.446905,-72.722052,51711.46090567588
7280,J2H2R4,Canada,45.393813,-72.710189,56980.153843908716
7281,J2W3C6,Canada,45.350772,-73.30487,86966.92826338313
7282,J2Y1B7,Canada,45.307933,-73.324635,91383.23216626068
7283,J2G4A1,Canada,45.387071,-72.743215,58529.98917526196
7284,J2G4A1,Canada,45.387071,-72.743215,58529.98917526196
7285,J2X5S6,Canada,45.266632,-73.241885,90323.95802885466
7286,J2J0A8,Canada,45.381475,-72.742211,59088.90649841842
7287,J2H3H5,Canada,45.38411,-72.72037,58254.202317097384
7288,J2J1T6,Canada,45.39768,-72.755014,57750.96073382096
7289,J2B8Y1,Canada,45.864388,-72.430898,4506.771666398195
7290,J2Y1G9,Canada,45.368383,-73.373577,89703.20258888812
7291,J2R1B3,Canada,45.650256,-72.988979,46848.51695661201
7292,J2G4A1,Canada,45.387071,-72.743215,58529.98917526196
7293,J2G4A1,Canada,45.387071,-72.743215,58529.98917526196
7294,J2W3C8,Canada,45.35808,-73.273333,84614.62475046037
7295,J2W1X2,Canada,45.340141,-73.299386,87467.87848728901
7296,J2W1X2,Canada,45.340141,-73.299386,87467.87848728901
7297,J2G1J1,Canada,45.4148,-72.744211,55668.70700378796
7298,J2S2C4,Canada,45.631117,-72.949103,45561.5314410822
7299,J2W1X2,Canada,45.340141,-73.299386,87467.87848728901
7300,J2H0R8,Canada,45.387025,-72.704648,57569.602961524695
7301,J2Y1H1,Canada,45.34181,-73.33169,89184.57870190329
7302,J2N0G6,Canada,45.275648,-72.970851,77292.18836176001
7303,J2J2E3,Canada,45.401692,-72.758399,57432.51530381182
7304,J2S7T1,Canada,45.638168,-72.947319,44974.53718436283
7305,J2J0K7,Canada,45.37533,-72.843406,62822.08413883891
7306,J2H1K0,Canada,0,0,8672420.421869809
7307,J2G5E8,Canada,45.410766,-72.723881,55536.24015728905
7308,J2W2W1,Canada,45.338476,-73.294671,87330.43471184588
7309,J2Y1K6,Canada,45.319163,-73.308534,89608.00512898904
7310,J2L3C6,Canada,45.285729,-72.659903,67628.45504354843
7311,J2N1Y8,Canada,45.270443,-72.984461,78320.85472049753
7312,J2G2L1,Canada,45.405397,-72.731802,56307.858725005535
7313,J2W1G4,Canada,45.345457,-73.302082,87212.85518974351
7314,J2G7E7,Canada,45.388804,-72.737972,58209.03427171277
7315,J2W2P3,Canada,45.352667,-73.281272,85479.9168267064
7316,J2B6E4,Canada,45.866604,-72.498669,1927.9658488910118
7317,J2J1V6,Canada,45.404325,-72.762701,57286.187673760534
7318,J2S2B4,Canada,45.628443,-72.954589,46081.451795427005
7319,J2G6T7,Canada,45.397472,-72.729267,57071.76798928343
7320,J2H2S9,Canada,45.379055,-72.732308,59085.954944801124
7321,J2S3V2,Canada,45.607851,-72.973433,48652.97167906074
7322,J2S8L8,Canada,45.605067,-72.983656,49468.28610723969
7323,J2N3C2,Canada,45.291435,-72.984496,76300.64645290264
7324,J2W3A3,Canada,45.337246,-73.294658,87424.88662947285
7325,J2G3W3,Canada,45.39561,-72.735111,57420.4040493085
7326,J2S1B2,Canada,45.642226,-72.955742,45231.83523417456
7327,J2W1T9,Canada,45.351607,-73.301753,86725.25317797785
7328,J2G8B8,Canada,45.387109,-72.738667,58404.98337374404
7329,J2K0B1,Canada,45.219856,-72.756774,76569.17738319111
7330,J2H0B7,Canada,45.377402,-72.73442,59313.77601962062
7331,J2H1W0,Canada,0,0,8672420.421869809
7332,J2H2E6,Canada,45.435947,-72.714432,52648.2101634051
7333,J2W1T2,Canada,45.383176,-73.302692,84419.92476197734
7334,J2N0G6,Canada,45.275648,-72.970851,77292.18836176001
7335,J2N0G6,Canada,45.275648,-72.970851,77292.18836176001
7336,J2W2A8,Canada,45.375847,-73.255266,82227.82045129073
7337,J2G3Y7,Canada,45.392455,-72.735067,57749.820256766696
7338,J2Y1B4,Canada,45.309863,-73.307478,90278.51084068336
7339,J2S2X1,Canada,45.620478,-72.956149,46724.04619161263
7340,J2J2K4,Canada,45.395396,-72.762341,58197.658347536526
7341,J2G3N7,Canada,45.399238,-72.735345,57046.81360900483
7342,J2G3N7,Canada,45.399238,-72.735345,57046.81360900483
7343,J2W1V1,Canada,45.350347,-73.302543,86866.19965651003
7344,J2G6H1,Canada,45.409656,-72.73981,56080.443010644194
7345,J2G6H1,Canada,45.409656,-72.73981,56080.443010644194
7346,J2M1M6,Canada,45.354749,-72.587052,59090.16422231883
7347,J2M1S9,Canada,45.35911,-72.666173,59763.696553331465
7348,J2R1K4,Canada,45.649727,-72.956406,44787.15527031016
7349,J2H2T8,Canada,45.381327,-72.732094,58841.40120123377
7350,J2S5P2,Canada,45.62471,-72.951736,46162.22204239962
7351,J2C5P4,Canada,45.896729,-72.508531,2602.074422326793
7352,J2T0A7,Canada,45.597745,-72.963243,48758.63672241001
7353,J2J0C7,Canada,45.398628,-72.769609,58077.666563651816
7354,J2W1R2,Canada,45.347219,-73.275769,85591.118190628
7355,J2J2T6,Canada,45.381442,-72.751143,59332.33188815905
7356,J2J5V3,Canada,0,0,8672420.421869809
7357,J2G8B9,Canada,45.387109,-72.738667,58404.98337374404
7358,J2W0J9,Canada,45.337322,-73.291298,87230.27923813634
7359,J2G6T7,Canada,45.397472,-72.729267,57071.76798928343
7360,J2J1N6,Canada,45.405677,-72.755961,56949.88609729902
7361,J2G3N6,Canada,45.399238,-72.735345,57046.81360900483
7362,J2J1H5,Canada,45.400949,-72.75075,57291.07341965034
7363,J2K2B3,Canada,45.197193,-72.749962,78855.87140631813
7364,J2W1Z3,Canada,45.34044,-73.296448,87278.91491564688
7365,J2W1C1,Canada,45.362222,-73.30758,86259.37159046368
7366,J2W3A2,Canada,45.341391,-73.302677,87558.078080613
7367,J2W1Z3,Canada,45.34044,-73.296448,87278.91491564688
7368,J2T0B3,Canada,45.596733,-72.961068,48703.04831973169
7369,J2G5S1,Canada,45.412227,-72.730813,55567.04650001804
7370,J2J2X9,Canada,45.38338,-72.749445,59083.858910299525
7371,J2H0W9,Canada,45.428519,-72.724814,53703.19686191624
7372,J2W2Y4,Canada,45.335529,-73.296936,87685.9057177226
7373,J2G1J7,Canada,45.411972,-72.713141,55133.940865501805
7374,J2S7V5,Canada,45.614614,-72.971086,48041.13851519066
7375,J2T2H6,Canada,45.622155,-72.930355,45049.051201004055
7376,J2T2H6,Canada,45.622155,-72.930355,45049.051201004055
7377,J2J2T6,Canada,45.381442,-72.751143,59332.33188815905
7378,J2G7L9,Canada,45.402037,-72.742406,56945.678014433965
7379,J2S4Z6,Canada,45.63594,-72.966672,46331.535445900605
7380,J2W2R4,Canada,45.34292,-73.294989,87005.43456253225
7381,J2W2T4,Canada,45.340679,-73.294131,87129.79010242938
7382,J2X2L5,Canada,45.299164,-73.233151,87146.9630828014
7383,J2Y1A8,Canada,45.316187,-73.320335,90499.80589129546
7384,J2J2A9,Canada,45.385572,-72.78709,59946.158846550934
7385,J2G5C5,Canada,45.401625,-72.72721,56582.30253062426
7386,J2X5T6,Canada,45.318749,-73.22777,85247.80351866885
7387,J2R1X1,Canada,45.656112,-72.910827,41504.647911066524
7388,J2S1J2,Canada,45.629029,-72.967995,46872.23163986809
7389,J2J2Z7,Canada,45.406723,-72.762143,57022.52046182162
7390,J2G0C7,Canada,45.401422,-72.734295,56790.279449365735
7391,J2G4X5,Canada,45.407436,-72.720064,55787.24319546271
7392,J2W3A2,Canada,45.341391,-73.302677,87558.078080613
7393,J2X0C9,Canada,45.299481,-73.228686,86888.0902519105
7394,J2X0C9,Canada,45.299481,-73.228686,86888.0902519105
7395,J2W1Z3,Canada,45.34044,-73.296448,87278.91491564688
7396,J2H2J5,Canada,45.403497,-72.702961,55781.0217549271
7397,J2S2E3,Canada,45.604583,-72.969357,48635.90736746226
7398,J2G1Y3,Canada,45.407792,-72.712461,55557.745750287475
7399,J2G5B9,Canada,45.405256,-72.724901,56141.08862937672
7400,J2C7J6,Canada,45.886597,-72.536488,4109.974768389178
7401,J2S8A1,Canada,45.632288,-72.966436,46557.971070728214
7402,J2G9H1,Canada,45.39913,-72.734339,57031.33326294275
7403,J2G6Z9,Canada,45.401138,-72.735508,56852.41313009644
7404,J2W3A1,Canada,45.337182,-73.301085,87791.8295073692
7405,J2T0E8,Canada,45.597442,-72.964337,48845.394912400574
7406,J2N2Y6,Canada,45.257348,-72.985614,79634.74339127225
7407,J2J0V3,Canada,45.387682,-72.777554,59440.98358641575
7408,J2SG2S,Canada,0,0,8672420.421869809
7409,J2J1X1,Canada,45.403268,-72.75374,57135.417312247104
7410,J2S4K9,Canada,45.624736,-72.940189,45458.107541209065
7411,J2G6S1,Canada,45.392859,-72.716986,57246.49793076119
7412,J2C7Z3,Canada,45.892353,-72.519322,3020.878864709262
7413,J2J0V3,Canada,45.387682,-72.777554,59440.98358641575
7414,J2J0V3,Canada,45.387682,-72.777554,59440.98358641575
7415,J2G4L3,Canada,45.40279,-72.711257,56056.23461385863
7416,J2J2H4,Canada,45.380694,-72.748896,59349.41312969553
7417,J2X1R3,Canada,45.308743,-73.234873,86445.18722953048
7418,J2T1P5,Canada,45.62031,-72.942801,45926.798518445954
7419,J2G9H1,Canada,45.39913,-72.734339,57031.33326294275
7420,J2H3J4,Canada,45.38411,-72.72037,58254.202317097384
7421,J2X4N9,Canada,45.2924,-73.231454,87622.13829033126
7422,J2Y1A4,Canada,45.316467,-73.33814,91481.33630423968
7423,J2W2Y4,Canada,45.335529,-73.296936,87685.9057177226
7424,J2G4X9,Canada,45.410392,-72.719563,55463.57011612991
7425,J2J0A3,Canada,45.423784,-72.800786,56513.41523373915
7426,J2S8M6,Canada,45.640885,-72.961623,45689.85295814161
7427,J2S4K9,Canada,45.624736,-72.940189,45458.107541209065
7428,J2X0C9,Canada,45.299481,-73.228686,86888.0902519105
7429,J2S2P2,Canada,45.619711,-72.961615,47110.745305382814
7430,J2X5H7,Canada,45.303649,-73.224246,86310.33735394274
7431,J2Y1A4,Canada,45.316467,-73.33814,91481.33630423968
7432,J2G8V7,Canada,45.375384,-72.746183,59832.08749580481
7433,J2L1N7,Canada,45.300372,-72.633564,65637.89875592022
7434,J2G3M4,Canada,45.399673,-72.744798,57257.81793922723
7435,J2G8B9,Canada,45.387109,-72.738667,58404.98337374404
7436,J2K2E8,Canada,45.201009,-72.710631,77692.06203231431
7437,J2J2H4,Canada,45.380694,-72.748896,59349.41312969553
7438,J2W3A2,Canada,45.341391,-73.302677,87558.078080613
7439,J2G6Y3,Canada,45.386825,-72.733503,58299.68700101966
7440,J2G7C1,Canada,45.403812,-72.734932,56557.36990009623
7441,J2G7M3,Canada,45.400952,-72.741882,57044.41567978303
7442,J2S8W3,Canada,45.643604,-72.956308,45177.29421480843
7443,J2G7E2,Canada,45.396913,-72.736618,57324.05166090311
7444,J2S6H4,Canada,45.630619,-72.969151,46838.421991133866
7445,J2J1Z9,Canada,45.431274,-72.809278,56058.573061315044
7446,J2W1N9,Canada,45.351176,-73.28201,85636.39890763994
7447,J2M1W5,Canada,45.375887,-72.661588,57864.298396180944
7448,J2S5W7,Canada,45.631163,-72.962239,46371.307980543315
7449,J2S6H8,Canada,45.625589,-72.964553,46889.96952862655
7450,J2G6C1,Canada,45.411238,-72.737217,55844.242486905896
7451,J2J1W1,Canada,45.404735,-72.755963,57047.382654200504
7452,J2L0G8,Canada,45.318881,-72.661594,64046.2278039641
7453,J2J5L9,Canada,0,0,8672420.421869809
7454,J2G8L6,Canada,45.416053,-72.739238,55398.86298236893
7455,J2R1G7,Canada,45.648736,-73.020239,48987.41373660071
7456,J2Y1C9,Canada,45.319318,-73.344293,91612.36400885782
7457,J2S8H9,Canada,45.604197,-72.97241,48847.126206476605
7458,J2J1W6,Canada,45.402804,-72.752617,57151.48372042877
7459,J2W3A7,Canada,45.348015,-73.283799,85981.05383153007
7460,J2T0H6,Canada,45.613787,-72.917475,44896.7273812251
7461,J2S1N8,Canada,45.628169,-72.964439,46708.85068727222
7462,J2W2L3,Canada,45.345432,-73.275762,85729.56270950647
7463,J2Y1E6,Canada,45.364976,-73.374978,90030.39328336777
7464,J2S6G5,Canada,45.627095,-72.965115,46823.05969108852
7465,J2J1W7,Canada,45.403268,-72.75374,57135.417312247104
7466,J2H1V2,Canada,45.406033,-72.709337,55666.37260656891
7467,J2W1M9,Canada,45.37988,-73.258677,82114.8399592251
7468,J2Y1C4,Canada,45.294589,-73.335832,93051.11655538362
7469,J2T5L5,Canada,45.613568,-72.932924,45819.26664719207
7470,J2X5P7,Canada,45.323314,-73.246963,85900.96481872232
7471,J2H0L3,Canada,45.3536,-72.724911,61594.442282207565
7472,J2G3T5,Canada,45.396521,-72.735344,57331.17892403759
7473,J2J0E7,Canada,45.400777,-72.772818,57952.91495825403
7474,J2W1X4,Canada,45.337879,-73.300614,87711.50317356722
7475,J2J1X4,Canada,45.407387,-72.756393,56785.60998709818
7476,J2S2G5,Canada,45.627315,-72.953875,46114.46835439584
7477,J2G8X4,Canada,45.414789,-72.740602,55568.36352723468
7478,J2G8X4,Canada,45.414789,-72.740602,55568.36352723468
7479,J2W1X4,Canada,45.337879,-73.300614,87711.50317356722
7480,J2S6N8,Canada,45.618932,-72.962823,47238.29341158944
7481,J2C0G6,Canada,45.884957,-72.530357,3613.2499913092574
7482,J2H0B6,Canada,45.376151,-72.731601,59373.83640213718
7483,J2G5X9,Canada,45.413686,-72.734209,55506.673773031194
7484,J2W2N2,Canada,45.354335,-73.29973,86402.35317262508
7485,J2W2N2,Canada,45.354335,-73.29973,86402.35317262508
7486,J2Y1L9,Canada,45.319099,-73.303586,89337.28788653386
7487,J2G8A3,Canada,45.39936,-72.753368,57529.99258669373
7488,J2X1T8,Canada,45.307449,-73.237259,86677.45761619984
7489,J2K4Z5,Canada,45.280815,-72.830833,72031.01669657252
7490,J2J1S6,Canada,45.401962,-72.753369,57260.18399640985
7491,J2S8Y4,Canada,45.645401,-72.942101,44167.092479600076
7492,J2G8S5,Canada,45.416093,-72.738081,55362.5021242675
7493,J2L0M9,Canada,45.29635,-72.651324,66336.3478993438
7494,J2Y1B4,Canada,45.309863,-73.307478,90278.51084068336
7495,J2Y1B4,Canada,45.309863,-73.307478,90278.51084068336
7496,J2G3N5,Canada,45.398796,-72.73209,57006.80850608372
7497,J2H0R8,Canada,45.387025,-72.704648,57569.602961524695
7498,J2J0L4,Canada,45.362969,-72.73252,60787.16981192456
7499,J2G7C5,Canada,45.400327,-72.737587,56993.03599631769
7501,J2G2W4,Canada,45.40204,-72.73146,56650.273172505666
7502,J2H2R5,Canada,45.394544,-72.705502,56790.990276449
7503,J2G7M7,Canada,45.396959,-72.740725,57429.60975824602
7504,J2G7E7,Canada,45.388804,-72.737972,58209.03427171277
7505,J2J2K8,Canada,45.404239,-72.763775,57326.734810321366
7506,J2M1Z1,Canada,45.376358,-72.60444,56914.60198435967
7507,J2R1B7,Canada,45.643581,-72.994137,47594.180657173936
7508,J2X3Z2,Canada,45.309514,-73.230165,86133.90663391518
7509,J2W1N7,Canada,45.348725,-73.270136,85158.53986739813
7510,J2S2X5,Canada,45.619233,-72.958041,46925.60335476919
7511,J2X5K3,Canada,45.311728,-73.223687,85611.06459771655
7512,J2W1L9,Canada,45.351978,-73.276943,85288.67722593572
7513,J2G3M3,Canada,45.399673,-72.744798,57257.81793922723
7514,J2W2L3,Canada,45.345432,-73.275762,85729.56270950647
7515,J2J0C4,Canada,45.355302,-72.761591,62345.00854170029
7516,J2S8Y4,Canada,45.645401,-72.942101,44167.092479600076
7517,J2S5R2,Canada,45.627723,-72.955629,46194.52770242615
7518,J2G4E1,Canada,45.395183,-72.725943,57226.50685680787
7519,J2N0P2,Canada,45.275648,-72.970851,77292.18836176001
7520,J2W3R5,Canada,0,0,8672420.421869809
7521,J2G5L1,Canada,45.41158,-72.727695,55551.42284280846
7522,J2J2G7,Canada,45.405723,-72.75746,56988.569498275334
7523,J2Y1E3,Canada,45.334436,-73.346087,90569.66391138213
7524,J2H1K1,Canada,45.417013,-72.713085,54601.52159677339
7525,J2G9H1,Canada,45.39913,-72.734339,57031.33326294275
7526,J2G4E4,Canada,45.391698,-72.731417,57733.8449056912
7527,J2W1K3,Canada,45.355957,-73.308255,86769.02030087567
7528,J2L2H9,Canada,45.314172,-72.640131,64221.159799267596
7529,J2E1E3,Canada,45.908204,-72.528776,4621.636743261876
7530,J2T0J2,Canada,45.613787,-72.917475,44896.7273812251
7531,J2T0J2,Canada,45.613787,-72.917475,44896.7273812251
7532,J2R1M8,Canada,45.642713,-72.907503,42221.45013173891
7533,J2G6C7,Canada,45.418347,-72.735271,55050.04524495106
7534,J2G8S7,Canada,45.417882,-72.737743,55166.989307073214
7535,J2G8S7,Canada,45.417882,-72.737743,55166.989307073214
7536,J2G6N4,Canada,45.415459,-72.747875,55704.748688410546
7537,J2J2T6,Canada,45.381442,-72.751143,59332.33188815905
7538,J2S8V8,Canada,45.641164,-72.946803,44742.1906097124
7539,J2G7K3,Canada,45.404844,-72.742047,56643.34022610211
7540,J2H2R9,Canada,45.39516,-72.699265,56580.072805405165
7541,J2G6J8,Canada,45.413679,-72.740915,55692.506598913125
7542,J2J0B3,Canada,45.382639,-72.737633,58846.54685898602
7543,J2K3H3,Canada,45.207926,-72.746029,77621.98192091114
7544,J2W1Z5,Canada,45.360308,-73.309385,86507.19929222697
7545,J2G7K3,Canada,45.404844,-72.742047,56643.34022610211
7546,J2G8K5,Canada,45.416093,-72.738081,55362.5021242675
7547,J2H0J4,Canada,45.374808,-72.732393,59535.32988984505
7548,J2G2S4,Canada,45.397898,-72.716789,56709.532907298126
7549,J2N0T2,Canada,45.275648,-72.970851,77292.18836176001
7550,J2W1R2,Canada,45.347219,-73.275769,85591.118190628
7551,J2M1W7,Canada,45.378336,-72.662534,57617.22849723711
7552,J2J1L4,Canada,45.404457,-72.760361,57203.890405235594
7553,J2J2K9,Canada,45.404239,-72.763775,57326.734810321366
7554,J2J1X1,Canada,45.403268,-72.75374,57135.417312247104
7555,J2G6E7,Canada,45.414042,-72.737531,55560.76156421969
7556,J2N0G7,Canada,45.275648,-72.970851,77292.18836176001
7557,J2S5V2,Canada,45.624213,-72.953113,46280.65496551406
7558,J2X1W1,Canada,45.305624,-73.241688,87061.22391846843
7559,J2H2R9,Canada,45.39516,-72.699265,56580.072805405165
7560,J2X4K5,Canada,45.293385,-73.233152,87627.90939578715
7561,J2W3B4,Canada,45.336081,-73.293828,87468.53847806907
7562,J2J0R1,Canada,45.438502,-72.800273,55024.27273107234
7563,J2Y1A5,Canada,45.379229,-73.378863,89256.05327359836
7564,J2H0H5,Canada,45.387929,-72.684067,57015.604714026456
7565,J2H0H5,Canada,45.387929,-72.684067,57015.604714026456
7566,J2G5X2,Canada,45.4064,-72.736541,56330.450094269894
7567,J2W3A3,Canada,45.337246,-73.294658,87424.88662947285
7568,J2H0T8,Canada,45.435655,-72.716685,52738.672709798455
7569,J2J1X6,Canada,45.401647,-72.756524,57383.09882240622
7570,J2W1Y6,Canada,45.361803,-73.311416,86512.8731694763
7571,J2G8V5,Canada,45.384835,-72.745283,58819.29508382382
7572,J2S4E3,Canada,45.636494,-72.952807,45427.85580949469
7573,J2W1V3,Canada,45.352068,-73.297713,86459.48750809733
7574,J2H3H4,Canada,45.384586,-72.704824,57832.998003801644
7575,J2W1L9,Canada,45.351978,-73.276943,85288.67722593572
7576,J2Y1C3,Canada,45.29119,-73.321506,92528.02886029072
7577,J2H3H4,Canada,45.384586,-72.704824,57832.998003801644
7578,J2T1N7,Canada,45.620185,-72.947129,46196.84047807113
7579,J2G2S8,Canada,45.398282,-72.714418,56610.31206048516
7580,J2J1Z2,Canada,45.385509,-72.752415,58943.2355860704
7581,J2G6K7,Canada,45.415469,-72.741789,55530.96444355921
7582,J2S4L9,Canada,45.627272,-72.94356,45486.20243363036
7583,J2K2S2,Canada,45.196585,-72.747094,78862.77527026497
7584,J2W1G6,Canada,45.344032,-73.295755,86963.1981434693
7585,J2W1Z3,Canada,45.34044,-73.296448,87278.91491564688
7586,J2B1S1,Canada,45.875255,-72.48399,602.0167353863644
7587,J2H1Z6,Canada,45.425375,-72.734709,54303.20099726351
7588,J2G0B9,Canada,45.401881,-72.734869,56757.599205515304
7589,J2G4A2,Canada,45.386343,-72.750116,58793.11771517762
7590,J2K3V2,Canada,45.211011,-72.74236,77215.49597535365
7591,J2G6J2,Canada,45.413443,-72.739927,55689.51664141556
7592,J2G3N8,Canada,45.398899,-72.738461,57165.80599407168
7593,J2G3S8,Canada,45.396504,-72.743874,57562.745669988326
7594,J2W3C6,Canada,45.350772,-73.30487,86966.92826338313
7595,J2W2L3,Canada,45.345432,-73.275762,85729.56270950647
7596,J2S1Z8,Canada,45.627119,-72.958842,46433.613620819895
7597,J2Y1A5,Canada,45.379229,-73.378863,89256.05327359836
7598,J2G3N5,Canada,45.398796,-72.73209,57006.80850608372
7599,J2G9A3,Canada,45.395699,-72.749244,57794.60499182013
7600,J2X5P1,Canada,45.362475,-73.245511,82711.38301086274
7601,J2G4E4,Canada,45.391698,-72.731417,57733.8449056912
7602,J2J0V2,Canada,45.387682,-72.777554,59440.98358641575
7603,J2S6H4,Canada,45.630619,-72.969151,46838.421991133866
7604,J2G7A2,Canada,45.400589,-72.73538,56906.40799645337
7605,J2S5K8,Canada,45.626961,-72.952704,46066.78039229031
7606,J2G1B6,Canada,45.416214,-72.725927,55019.33416283552
7607,J2G3V2,Canada,45.395939,-72.741916,57568.386416453104
7608,J2G6W9,Canada,45.397774,-72.731483,57097.986537529614
7609,J2G8T6,Canada,45.417524,-72.746475,55450.77010669009
7610,J2W2R4,Canada,45.34292,-73.294989,87005.43456253225
7611,J2W1K5,Canada,45.355135,-73.304425,86610.86164421319
7612,J2H0A6,Canada,45.389001,-72.692462,57082.93831126143
7613,J2S8M6,Canada,45.640885,-72.961623,45689.85295814161
7614,J2S8M6,Canada,45.640885,-72.961623,45689.85295814161
7615,J2J0V9,Canada,45.387682,-72.777554,59440.98358641575
7616,J2G9H1,Canada,45.39913,-72.734339,57031.33326294275
7617,J2H0H7,Canada,45.382465,-72.720657,58435.10855807614
7618,J2T5G8,Canada,45.604758,-72.96653,48453.491801967335
7619,J2S0N9,Canada,45.63818,-72.97214,46529.99650106498
7620,J2X0C9,Canada,45.299481,-73.228686,86888.0902519105
7621,J2H0L9,Canada,45.352438,-72.704168,61246.47548971172
7622,J2N1B8,Canada,45.287289,-72.968919,76088.89799983033
7623,J2N1B8,Canada,45.287289,-72.968919,76088.89799983033
7624,J2N1B8,Canada,45.287289,-72.968919,76088.89799983033
7625,J2J2M4,Canada,45.411678,-72.759513,56434.16416707204
7626,J2H2P7,Canada,45.439527,-72.712766,52229.170728119934
7627,J2S7J4,Canada,45.638008,-72.962517,45934.59788734594
7628,J2W1W9,Canada,45.339635,-73.297124,87379.14162785008
7629,J2J1L3,Canada,45.404457,-72.760361,57203.890405235594
7630,J2J1L3,Canada,45.404457,-72.760361,57203.890405235594
7631,J2S2T2,Canada,45.625282,-72.949594,45991.90256430815
7632,J2B2R0,Canada,0,0,8672420.421869809
7633,J2S1G6,Canada,45.634423,-72.960812,46064.87323873484
7634,J2W0A1,Canada,45.34695,-73.301595,87071.0609161104
7635,J2S1G6,Canada,45.634423,-72.960812,46064.87323873484
7636,J2S4Z3,Canada,45.634157,-72.963523,46251.894985516206
7637,J2G4P7,Canada,45.4107,-72.715168,55319.088614687156
7638,J2S0N5,Canada,45.63818,-72.97214,46529.99650106498
7639,J2R0B7,Canada,45.62045,-72.94597,46108.18616450735
7640,J2G4E1,Canada,45.395183,-72.725943,57226.50685680787
7641,J2W1X7,Canada,45.337692,-73.299383,87656.47058123091
7642,J2S4C7,Canada,45.640994,-72.959829,45569.71287774554
7643,J2X5R8,Canada,45.32331,-73.251029,86120.59995254438
7644,J2S6N5,Canada,45.619711,-72.961615,47110.745305382814
7645,J2W3A4,Canada,45.335974,-73.294979,87541.46510709604
7646,J2S7L6,Canada,45.631538,-72.964086,46461.23430666244
7647,J21X3P,Canada,0,0,8672420.421869809
7648,J2N3C6,Canada,45.262067,-72.982028,79039.10270256606
7649,J2J2M3,Canada,45.419872,-72.743406,55119.81753804549
7650,J2G3M7,Canada,45.39888,-72.74452,57332.77528301406
7651,J2S1Z7,Canada,45.627119,-72.958842,46433.613620819895
7652,J2W1H9,Canada,45.349264,-73.292884,86398.94500124601
7653,J2S7N6,Canada,45.641116,-72.958593,45483.932809907456
7654,J2R1C3,Canada,45.642599,-72.992007,47517.7816148991
7655,J2J1N9,Canada,45.400079,-72.758434,57600.37351576962
7656,J2W1K1,Canada,45.355954,-73.30542,86606.14682215906
7657,J2H3H5,Canada,45.38411,-72.72037,58254.202317097384
7658,J2S8W3,Canada,45.643604,-72.956308,45177.29421480843
7659,J2Y1A5,Canada,45.379229,-73.378863,89256.05327359836
7660,J2Y1J7,Canada,45.319072,-73.312671,89846.24511860656
7661,J2S8B5,Canada,45.623481,-72.942786,45703.166067622195
7662,J2T2P3,Canada,45.640725,-72.924449,43390.51821334491
7663,J2J2G8,Canada,45.407387,-72.756393,56785.60998709818
7664,J2W2W6,Canada,45.358752,-73.313537,86863.9783879345
7665,J2J2G8,Canada,45.407387,-72.756393,56785.60998709818
7666,J2W3A3,Canada,45.337246,-73.294658,87424.88662947285
7667,J2W3A3,Canada,45.337246,-73.294658,87424.88662947285
7668,J2W3A3,Canada,45.337246,-73.294658,87424.88662947285
7669,J2S0L7,Canada,45.63818,-72.97214,46529.99650106498
7670,J2S0L7,Canada,45.63818,-72.97214,46529.99650106498
7671,J2G5V9,Canada,45.408589,-72.734345,56042.390582118125
7672,J2T5C3,Canada,45.615881,-72.926828,45291.479179198155
7673,J2X1J9,Canada,45.310281,-73.239653,86571.28483412614
7674,J2T5J7,Canada,45.612765,-72.933715,45924.223545513465
7675,J2G3N8,Canada,45.398899,-72.738461,57165.80599407168
7676,J2J2V9,Canada,45.382802,-72.740008,58891.70916248364
7677,J2J2V9,Canada,45.382802,-72.740008,58891.70916248364
7678,J2Y1K9,Canada,45.317967,-73.305572,89536.42601406475
7679,J2G2H2,Canada,45.40622,-72.730608,56189.94929969833
7680,J2T1B3,Canada,45.63463,-72.934651,44434.10844373633
7681,J2S5S8,Canada,45.625595,-72.953897,46233.605483210005
7682,J2J2L4,Canada,45.419872,-72.743406,55119.81753804549
7683,J2Y1J2,Canada,45.347735,-73.379348,91533.05396461285
7684,J2W2T4,Canada,45.340679,-73.294131,87129.79010242938
7685,J2C4N8,Canada,45.881469,-72.491119,548.2482610606123
7686,J2W2Y4,Canada,45.335529,-73.296936,87685.9057177226
7687,J2W2Y4,Canada,45.335529,-73.296936,87685.9057177226
7688,J2X4N1,Canada,45.2924,-73.231454,87622.13829033126
7689,J2X4N1,Canada,45.2924,-73.231454,87622.13829033126
7690,J2T5T8,Canada,0,0,8672420.421869809
7691,J2R1B2,Canada,45.650564,-72.989372,46855.215888068255
7692,J2H2V8,Canada,45.392657,-72.690518,56649.59676999603
7693,J2W1H2,Canada,45.344752,-73.30176,87248.47994212007
7694,J2J2V9,Canada,45.382802,-72.740008,58891.70916248364
7695,J2G6M6,Canada,45.410465,-72.745949,56167.7329223391
7696,J2K4Z7,Canada,45.28186,-72.837029,72105.77726477319
7697,J2W3A4,Canada,45.335974,-73.294979,87541.46510709604
7698,J2R1B3,Canada,45.650256,-72.988979,46848.51695661201
7699,J2H0A5,Canada,45.389678,-72.692835,57018.92023329109
7700,J2S5V6,Canada,45.625423,-72.954711,46295.31224573732
7701,J2Y1A4,Canada,45.316467,-73.33814,91481.33630423968
7702,J2T0E4,Canada,45.626031,-72.911942,43676.033330016275
7703,J2H1H6,Canada,45.406997,-72.707518,55519.992704090706
7704,J2J0S2,Canada,45.381762,-72.785884,60300.004862840426
7705,J2W1X1,Canada,45.339428,-73.300089,87562.5038073759
7706,J2S6P6,Canada,45.611654,-72.971141,48249.1031081607
7707,J2H3C5,Canada,45.383666,-72.717265,58225.34713891534
7708,J2S3L7,Canada,45.623048,-72.94637,45950.66959317736
7709,J2W2T1,Canada,45.337261,-73.298985,87667.30113594918
7710,J2W2Y1,Canada,45.334983,-73.298525,87817.52112442051
7711,J2G3S3,Canada,45.39747,-72.734713,57215.066092721834
7712,J2W1J1,Canada,45.349937,-73.291544,86271.33319976277
7713,J2G0C7,Canada,45.401422,-72.734295,56790.279449365735
7714,J2G9H1,Canada,45.39913,-72.734339,57031.33326294275
7715,J2X2L5,Canada,45.299164,-73.233151,87146.9630828014
7716,J2G5E7,Canada,45.409642,-72.724371,55666.96476274161
7717,J2M1P9,Canada,45.34972,-72.634505,60252.66034476244
7718,J2J1P4,Canada,45.403047,-72.751754,57101.75790169747
7719,J2S7K1,Canada,45.640198,-72.95964,45609.97573260814
7720,J2N1J9,Canada,45.285334,-72.97468,76501.45113248589
7721,J2S0M9,Canada,45.63818,-72.97214,46529.99650106498
7722,J2X2T3,Canada,45.276923,-73.229787,88837.34906676204
7723,J2S7K5,Canada,45.629053,-72.9656,46721.60807016165
7724,J2C2H8,Canada,45.879828,-72.492998,692.7111386457967
7725,J2H0M1,Canada,45.341647,-72.692624,62160.319433954515
7726,J2S4Z3,Canada,45.634157,-72.963523,46251.894985516206
7727,J2G2V6,Canada,45.399753,-72.726303,56755.36678131259
7728,J2G4A2,Canada,45.386343,-72.750116,58793.11771517762
7729,J2X3T5,Canada,45.315205,-73.237296,86043.05201793813
7730,J2W0B8,Canada,45.356622,-73.290798,85718.13149782109
7731,J2R1W6,Canada,45.647974,-72.901966,41518.399143395596
7732,J2Y1A5,Canada,45.379229,-73.378863,89256.05327359836
7733,J2X1A3,Canada,45.315896,-73.247634,86537.86194602531
7734,J2S4C4,Canada,45.639388,-72.956616,45473.44810666217
7735,J2G4E4,Canada,45.391698,-72.731417,57733.8449056912
7736,J2H3H3,Canada,45.384586,-72.704824,57832.998003801644
7737,J2J0E4,Canada,45.396028,-72.772255,58424.1167500544
7738,J2H2V9,Canada,45.363532,-72.707057,60125.84461161478
7739,J2L0W8,Canada,0,0,8672420.421869809
7740,J2T1N7,Canada,45.620185,-72.947129,46196.84047807113
7741,J2H2A7,Canada,45.426969,-72.744324,54411.43963265596
7742,J2J0T2,Canada,45.387682,-72.777554,59440.98358641575
7743,J2W1R3,Canada,45.345037,-73.270165,85447.57236240857
7744,J2S3E2,Canada,45.627095,-72.943634,45502.976034372114
7745,J2W3E7,Canada,45.354997,-73.272825,84823.52126053936
7746,J2L2J2,Canada,45.314985,-72.643759,64186.410869697116
7747,J2W2X6,Canada,45.34292,-73.294989,87005.43456253225
7748,J2G7L5,Canada,45.403739,-72.742684,56776.00354579071
7749,J2G4M5,Canada,45.399321,-72.713327,56473.68269373315
7750,J2H2R9,Canada,45.39516,-72.699265,56580.072805405165
7751,J2K1X5,Canada,45.202094,-72.74815,78292.10969921596
7752,J2T3R7,Canada,45.619581,-72.948831,46342.12424658279
7753,J2G7W1,Canada,45.402362,-72.749046,57096.37110540677
7754,J2G7H2,Canada,45.399247,-72.739865,57167.39538127665
7755,J2G8X8,Canada,45.407106,-72.711019,55594.39637409546
7756,J2S2P5,Canada,45.62552,-72.951719,46105.375110271656
7757,J2W1T9,Canada,45.351607,-73.301753,86725.25317797785
7758,J2W1T9,Canada,45.351607,-73.301753,86725.25317797785
7759,J2S4A1,Canada,45.640715,-72.939796,44336.56892036423
7760,J2G9L8,Canada,45.396599,-72.752558,57793.70927760071
7761,J2X5G8,Canada,45.282237,-73.233723,88590.72432295106
7762,J2C2Y3,Canada,45.877214,-72.510125,2050.0393700005247
7763,J2G6Z9,Canada,45.401138,-72.735508,56852.41313009644
7764,J2W1G1,Canada,45.350145,-73.296437,86533.46520742777
7765,J2W3A1,Canada,45.337182,-73.301085,87791.8295073692
7766,J2Y1A4,Canada,45.316467,-73.33814,91481.33630423968
7767,J2X5G8,Canada,45.282237,-73.233723,88590.72432295106
7768,J2B4X4,Canada,45.866858,-72.471794,1810.2280280472112
7769,J2Y1H4,Canada,45.29215,-73.360349,94611.28779558364
7770,J2G6X7,Canada,45.397741,-72.732044,57116.18202356155
7771,J2G8X4,Canada,45.414789,-72.740602,55568.36352723468
7772,J2L0G8,Canada,45.318881,-72.661594,64046.2278039641
7773,J2L0G8,Canada,45.318881,-72.661594,64046.2278039641
7774,J2J2G1,Canada,45.419872,-72.743406,55119.81753804549
7775,J2J2G1,Canada,45.419872,-72.743406,55119.81753804549
7776,J2J2G1,Canada,45.419872,-72.743406,55119.81753804549
7777,J2T3H5,Canada,45.611131,-72.915535,44981.12016889001
7778,J2L1A9,Canada,45.299771,-72.690698,66636.33670649675
7779,J2W1J1,Canada,45.349937,-73.291544,86271.33319976277
7780,J2S0H8,Canada,45.592203,-72.974923,49851.4478515383
7781,J2L3H5,Canada,45.32644,-72.665024,63283.57657636686
7782,J2W2N7,Canada,45.340865,-73.295789,87208.95360509345
7783,J2G2N1,Canada,45.403076,-72.727933,56448.90571244713
7784,J2G7J3,Canada,45.40573,-72.740963,56521.1781207441
7785,J2W2J7,Canada,45.357928,-73.297629,86009.6107316189
7786,J2H2P3,Canada,45.383261,-72.715527,58226.21711863146
7787,J2W3A1,Canada,45.337182,-73.301085,87791.8295073692
7788,J2H0A3,Canada,45.390059,-72.693878,57001.44835524113
7789,J2G2N2,Canada,45.403328,-72.729162,56454.70845585567
7790,J2G2N2,Canada,45.403328,-72.729162,56454.70845585567
7791,J2N1R1,Canada,45.282763,-72.981704,77023.90955216665
7792,J2S1B3,Canada,45.637473,-72.961741,45921.09402121225
7793,J2G8Z3,Canada,45.386675,-72.746845,58669.280986984064
7794,J2G4M6,Canada,45.40112,-72.713689,56292.551431612075
7795,J2J2L6,Canada,45.418221,-72.747124,55397.227201082474
7796,J2S4A6,Canada,45.637577,-72.947943,45052.94545647988
7797,J2S6C8,Canada,45.629873,-72.966661,46732.78427865279
7798,J2S4S7,Canada,45.631001,-72.951712,45730.19123066122
7799,J2W2R9,Canada,45.339027,-73.298842,87522.97650230864
7800,J2L2B9,Canada,45.301556,-72.627213,65422.075247335124
7801,J2T1P2,Canada,45.621842,-72.937435,45495.65551759575
7802,J2W1W3,Canada,45.353421,-73.296502,86287.35421132574
7803,J2W1M3,Canada,45.355005,-73.268757,84593.8900159851
7804,J2J2H4,Canada,45.380694,-72.748896,59349.41312969553
7805,J2S8M6,Canada,45.640885,-72.961623,45689.85295814161
7806,J2H1C5,Canada,45.378544,-72.730347,59090.055770639156
7807,J2J5H1,Canada,0,0,8672420.421869809
7808,J2W2N8,Canada,45.347321,-73.277568,85684.14586441753
7809,J2X3W9,Canada,45.302179,-73.233077,86893.03633121986
7810,J2W2Y8,Canada,45.35986,-73.302531,86145.3518143355
7811,J2W1V6,Canada,45.369023,-73.263272,83204.72194654243
7812,J2L0K5,Canada,45.32017,-72.660309,63884.52158652839
7813,J2R1M1,Canada,45.645424,-72.895284,41294.13183157655
7814,J2L1H7,Canada,45.3123,-72.632312,64313.762369994314
7815,J2S7W8,Canada,45.632288,-72.966436,46557.971070728214
7816,J2X5P1,Canada,45.362475,-73.245511,82711.38301086274
7817,J2S4S6,Canada,45.63033,-72.949902,45664.347782089724
7818,J2S6C9,Canada,45.630721,-72.967772,46745.53702138826
7819,J2N2P9,Canada,45.265913,-72.937379,77009.40278776865
7820,J2N2P9,Canada,45.265913,-72.937379,77009.40278776865
7821,J2N2P9,Canada,45.265913,-72.937379,77009.40278776865
7822,J2N2P9,Canada,45.265913,-72.937379,77009.40278776865
7823,J2K1L5,Canada,45.212496,-72.762894,77489.45397101116
7824,J2S4C7,Canada,45.640994,-72.959829,45569.71287774554
7825,J2X3N5,Canada,45.305992,-73.238452,86860.27311094812
7826,J2S0N5,Canada,45.63818,-72.97214,46529.99650106498
7827,J2J2A9,Canada,45.385572,-72.78709,59946.158846550934
7828,J2W1K8,Canada,45.354224,-73.301639,86520.06693460082
7829,J2J0T9,Canada,45.387682,-72.777554,59440.98358641575
7830,J2H2M9,Canada,45.431896,-72.743581,53880.71518160252
7831,J2R1B5,Canada,45.641557,-72.992254,47598.77645585724
7832,J2L0S8,Canada,45.265284,-72.686601,70296.70421226726
7833,J2X4S6,Canada,45.30989,-73.231166,86155.52277462989
7834,J2W2R9,Canada,45.339027,-73.298842,87522.97650230864
7835,J2S3V8,Canada,45.604717,-72.980432,49296.41566763063
7836,J2T3N3,Canada,45.619008,-72.936012,45611.666625929945
7837,J2G6S2,Canada,45.393885,-72.717851,57159.50814999791
7838,J2TS1,Canada,0,0,8672420.421869809
7839,J2G3M8,Canada,45.39888,-72.74452,57332.77528301406
7840,J2X4C6,Canada,45.273554,-73.229989,89132.80016208626
7841,J2J0V3,Canada,45.387682,-72.777554,59440.98358641575
7842,J2H0X5,Canada,45.428981,-72.7425,54150.62672354809
7843,J2T3L1,Canada,45.619773,-72.934483,45465.70392424482
7844,J2K0C2,Canada,45.213217,-72.721204,76563.59663361714
7845,J2W3A6,Canada,45.336059,-73.291334,87330.34970982664
7846,J2W0H9,Canada,45.364045,-73.260438,83426.9916815422
7847,J2J0T6,Canada,45.387682,-72.777554,59440.98358641575
7848,J2R1B3,Canada,45.650256,-72.988979,46848.51695661201
7849,J2J0T9,Canada,45.387682,-72.777554,59440.98358641575
7850,J2H1B2,Canada,45.416032,-72.71531,54761.445383703154
7851,J2Y1A5,Canada,45.379229,-73.378863,89256.05327359836
7852,J2T3G8,Canada,45.62006,-72.927508,45029.51904421758
7853,J2W0J9,Canada,45.337322,-73.291298,87230.27923813634
7854,J2T4P7,Canada,45.614443,-72.940374,46198.364347860006
7855,J2W2V4,Canada,45.337934,-73.292132,87229.6422520501
7856,J2W1G5,Canada,45.343245,-73.302622,87412.81912552583
7857,J2J0S6,Canada,45.425072,-72.806302,56573.1652017126
7858,J2S8M5,Canada,45.640885,-72.961623,45689.85295814161
7859,J2Y1K9,Canada,45.317967,-73.305572,89536.42601406475
7860,J2S8S3,Canada,45.647248,-72.949092,44484.537213247306
7861,J2G4A1,Canada,45.387071,-72.743215,58529.98917526196
7862,J2W1Z2,Canada,45.341366,-73.298074,87299.42501899094
7863,J2G9C3,Canada,45.408054,-72.735082,56118.206248143346
7864,J2J0C8,Canada,45.399578,-72.771691,58042.18692489948
7865,J2W1P6,Canada,45.344453,-73.275059,85766.40822858614
7866,J2W1Z3,Canada,45.34044,-73.296448,87278.91491564688
7867,J2T4Y8,Canada,45.62109,-72.923224,44701.08454998424
7868,J2G5G5,Canada,45.403228,-72.728669,56452.24572497807
7869,J2W1M3,Canada,45.355005,-73.268757,84593.8900159851
7870,J2W2B8,Canada,45.370488,-73.252827,82500.91214110646
7871,J2Y1G9,Canada,45.368383,-73.373577,89703.20258888812
7872,J2J1S1,Canada,45.406887,-72.754821,56791.796330634694
7873,J2J1V7,Canada,45.404325,-72.762701,57286.187673760534
7874,J2G7G6,Canada,45.402122,-72.738743,56836.80352462116
7875,J2W2L9,Canada,45.352627,-73.275737,85170.60605322426
7876,J2W1X7,Canada,45.337692,-73.299383,87656.47058123091
7877,J2G5T7,Canada,45.403297,-72.733979,56585.68245166511
7878,J2G9M7,Canada,45.386096,-72.752524,58885.104765281365
7879,J2W0E6,Canada,45.362122,-73.293387,85448.89357567087
7880,J2J1X2,Canada,45.404735,-72.755963,57047.382654200504
7881,J2R1N6,Canada,45.647446,-72.896711,41237.353611553015
7882,J2J1L4,Canada,45.404457,-72.760361,57203.890405235594
7883,J2J2G8,Canada,45.407387,-72.756393,56785.60998709818
7884,J2G7A4,Canada,45.398797,-72.734994,57083.61172699883
7885,J2L2A9,Canada,45.261914,-72.6812,70569.6624234264
7886,J2J0T4,Canada,45.387682,-72.777554,59440.98358641575
7887,J2S6G9,Canada,45.628724,-72.967259,46846.81019661341
7888,J2G6N5,Canada,45.406679,-72.725681,56012.052835616545
7889,J2Y1B,Canada,0,0,8672420.421869809
7890,J2K1V9,Canada,45.205034,-72.764752,78327.86601357626
7891,J252G2,Canada,0,0,8672420.421869809
7892,J2Y1A4,Canada,45.316467,-73.33814,91481.33630423968
7893,J2G0B9,Canada,45.401881,-72.734869,56757.599205515304
7894,J2G5A9,Canada,45.411149,-72.721097,55423.60246139365
7895,J2K4A6,Canada,45.28489,-72.866025,72688.8413108414
7896,J2G5C7,Canada,45.400921,-72.728991,56702.64101291886
7897,J2H2J4,Canada,45.404296,-72.701987,55673.16272927332
7898,J2S4Z6,Canada,45.63594,-72.966672,46331.535445900605
7899,J2G5Z4,Canada,45.411091,-72.736149,55830.314633828035
7900,J2S5L5,Canada,45.62929,-72.955674,46090.77976756009
7901,J2H0B8,Canada,45.390877,-72.683837,56694.94347072052
7902,J2G4E4,Canada,45.391698,-72.731417,57733.8449056912
7903,J2S0M5,Canada,45.63818,-72.97214,46529.99650106498
7904,J2T1E1,Canada,45.63199,-72.937627,44798.0007861481
7905,J2G5W2,Canada,45.410764,-72.733734,55798.717227928304
7906,J2W1V7,Canada,45.349823,-73.297051,86593.00373520334
7907,J2G3J7,Canada,45.401545,-72.743397,57024.20137114188
7908,J2S8Z4,Canada,45.613097,-72.982009,48815.30472859045
7909,J2W1H2,Canada,45.344752,-73.30176,87248.47994212007
7910,J2K3X7,Canada,45.212402,-72.764973,77545.10604574536
7911,J2W2E1,Canada,45.361387,-73.26413,83840.2243550899
7912,J2B2K2,Canada,45.86409,-72.474033,2004.220196283789
7913,J2W1X5,Canada,45.338174,-73.299579,87630.34371400005
7914,J2W1X5,Canada,45.338174,-73.299579,87630.34371400005
7915,J2J2M3,Canada,45.419872,-72.743406,55119.81753804549
7916,J2G8A3,Canada,45.39936,-72.753368,57529.99258669373
7917,J2J0M7,Canada,45.426443,-72.814932,56737.71024654494
7918,J2Y1C3,Canada,45.29119,-73.321506,92528.02886029072
7919,J2G4G2,Canada,45.381901,-72.745431,59130.034083929524
7920,J2G8R1,Canada,45.410143,-72.729669,55754.35945445092
7921,J2H2R5,Canada,45.394544,-72.705502,56790.990276449
7922,J2J7M7,Canada,0,0,8672420.421869809
7923,J2G7A5,Canada,45.397115,-72.734632,57250.0932287083
7924,J2S6K3,Canada,45.619026,-72.956535,46848.2671394682
7925,J2T4J7,Canada,45.618252,-72.93151,45397.38955637705
7926,J2C1H1,Canada,45.89408,-72.474786,1660.2527840861221
7927,J2G3R1,Canada,45.397573,-72.748114,57568.21914495922
7928,J2S7M6,Canada,45.629676,-72.96464,46620.1879401288
7929,J2J2K8,Canada,45.404239,-72.763775,57326.734810321366
7930,J2W2P4,Canada,45.344399,-73.278536,85965.22340945165
7931,J2H0W2,Canada,45.429534,-72.716696,53379.84125995601
7932,J2S4Z5,Canada,45.636006,-72.966473,46314.69624511055
7933,J2S4J4,Canada,45.626378,-72.941373,45415.248024464985
7934,J2S5R4,Canada,45.628928,-72.957218,46210.6496089191
7935,J2G3C1,Canada,45.402295,-72.736552,56759.50059998053
7936,J2S3L2,Canada,45.624125,-72.94474,45776.65349578789
7937,J2H0T9,Canada,45.434774,-72.71674,52832.31804612143
7938,J2R1H5,Canada,45.650433,-72.943611,43931.14963011216
7939,J2R1C1,Canada,45.649587,-72.99216,47096.256175256756
7940,J2N2L6,Canada,45.284753,-72.97059,76399.01631819658
7941,J2G3P1,Canada,45.398758,-72.739721,57214.56069842501
7942,J2H0J2,Canada,45.37375,-72.733345,59670.852521312634
7943,J2G5B9,Canada,45.405256,-72.724901,56141.08862937672
7944,J2H0B1,Canada,45.397843,-72.685244,55979.86094690044
7945,J2W1W3,Canada,45.353421,-73.296502,86287.35421132574
7946,J2R1L7,Canada,45.643332,-72.889213,41080.51122242151
7947,J2S0M4,Canada,45.63818,-72.97214,46529.99650106498
7948,J2H1H6,Canada,45.406997,-72.707518,55519.992704090706
7949,J2S0M4,Canada,45.63818,-72.97214,46529.99650106498
7950,J2H1H6,Canada,45.406997,-72.707518,55519.992704090706
7951,J2S0G6,Canada,45.623108,-72.957785,46642.61827604788
7952,J2SV7J6,Canada,0,0,8672420.421869809
7953,J2G5E4,Canada,45.405432,-72.726229,56157.20049875782
7954,J2H2Z6,Canada,45.378851,-72.724827,58919.66683165588
7955,J2G9V5,Canada,45.386411,-72.751017,58810.76430463917
7956,J2R1G7,Canada,45.648736,-73.020239,48987.41373660071
7957,J2W0K8,Canada,45.337322,-73.291298,87230.27923813634
7958,J2S2S1,Canada,45.619291,-72.959329,47000.11608765628
7959,J2S5L2,Canada,45.627577,-72.953491,46072.96625902806
7960,J2H2T3,Canada,45.394254,-72.693561,56546.89065153035
7961,J2W1H3,Canada,45.344759,-73.299143,87099.35832689774
7962,J2H1C2,Canada,45.415613,-72.716874,54845.593546286065
7963,J2S5G3,Canada,45.623527,-72.945881,45887.597396230936
7964,J2G3B8,Canada,45.401004,-72.732732,56792.46185790252
7965,J2T3H9,Canada,45.622838,-72.933781,45205.64004526283
7966,J2W3A4,Canada,45.335974,-73.294979,87541.46510709604
7967,J2W2V3,Canada,45.337812,-73.295773,87443.80936404398
7968,J2X4H5,Canada,45.307481,-73.225621,86063.87509440484
7969,J2S1A9,Canada,45.634933,-72.970262,46623.30933730206
7970,J2F3G2,Canada,0,0,8672420.421869809
7971,J2G6N4,Canada,45.415459,-72.747875,55704.748688410546
7972,J2G6N4,Canada,45.415459,-72.747875,55704.748688410546
7973,J2S4J1,Canada,45.625096,-72.939637,45399.4926299282
7974,J2S7V9,Canada,45.623583,-72.962706,46912.30185570192
7975,J2T0J8,Canada,45.613787,-72.917475,44896.7273812251
7976,J2G8V4,Canada,45.379948,-72.746244,59356.06659409718
7977,J2W3A4,Canada,45.335974,-73.294979,87541.46510709604
7978,J2H0W3,Canada,45.429679,-72.723478,53545.88114470259
7979,J2H0W3,Canada,45.429679,-72.723478,53545.88114470259
7980,J2T4L7,Canada,45.611542,-72.956807,47388.97223884815
7981,J2W1X5,Canada,45.338174,-73.299579,87630.34371400005
7982,J2W1X5,Canada,45.338174,-73.299579,87630.34371400005
7983,J2S5W7,Canada,45.631163,-72.962239,46371.307980543315
7984,J2Y1A7,Canada,45.315955,-73.318952,90440.36364852462
7985,J2T5H2,Canada,45.585552,-72.944021,48539.407786607204
7986,J2S1C8,Canada,45.630108,-72.968743,46846.922745298165
7987,J2S6H4,Canada,45.630619,-72.969151,46838.421991133866
7988,J2C3H5,Canada,45.889263,-72.502175,1694.0499939009553
7989,J2R2H3,Canada,45.641802,-72.90212,41961.12047581476
7990,J2T3C4,Canada,45.617423,-72.922551,44927.24260245709
7991,J2K1Z4,Canada,45.199673,-72.765421,78915.84130836913
7992,J2W1H5,Canada,45.346396,-73.293595,86659.2699763903
7993,J2S7J5,Canada,45.634785,-72.947365,45205.28603201024
7994,J2G3T5,Canada,45.396521,-72.735344,57331.17892403759
7995,J2S8W3,Canada,45.643604,-72.956308,45177.29421480843
7996,J2T2V9,Canada,45.632891,-72.930704,44313.77343334813
7997,J2S1S5,Canada,45.627077,-72.96375,46739.72776191469
7998,J2X2T7,Canada,45.27692,-73.23481,89094.02729084597
7999,J2J2L2,Canada,45.42129,-72.744511,55004.471351609296
8000,J2K0P2,Canada,45.24801,-72.843042,75777.6300857766
8001,J2H2T4,Canada,45.395057,-72.696986,56538.80165499092
8002,J2S8R8,Canada,45.593794,-72.974029,49683.90344323794
8003,J2W1A9,Canada,45.376653,-73.361688,88399.70766401046
8004,J2R1H5,Canada,45.650433,-72.943611,43931.14963011216
8005,J2T1M4,Canada,45.62724,-72.93725,45104.97226146319
8006,J2S1B2,Canada,45.642226,-72.955742,45231.83523417456
8007,J2C3C8,Canada,45.894745,-72.508761,2469.2791846917617
8008,J2J1S1,Canada,45.406887,-72.754821,56791.796330634694
8009,J2T0A5,Canada,45.612425,-72.933279,45923.15375412722
8010,J2G8Y2,Canada,45.414789,-72.740602,55568.36352723468
8011,J2W0K8,Canada,45.337322,-73.291298,87230.27923813634
8012,J2W2K6,Canada,45.354922,-73.29857,86291.4213864799
8013,J2S1G5,Canada,45.63676,-72.960663,45900.58888025029
8014,J2G0B9,Canada,45.401881,-72.734869,56757.599205515304
8015,J2TAR7,Canada,0,0,8672420.421869809
8016,J2G4L7,Canada,45.403411,-72.712561,56022.72654827141
8017,J2H2L2,Canada,45.448664,-72.723029,51555.91542461708
8018,J2W2J7,Canada,45.357928,-73.297629,86009.6107316189
8019,J2W2J7,Canada,45.357928,-73.297629,86009.6107316189
8020,J2N2P9,Canada,45.265913,-72.937379,77009.40278776865
8021,J2T1N8,Canada,45.624927,-72.935782,45178.42931088389
8022,J2W3B4,Canada,45.336081,-73.293828,87468.53847806907
8023,J2X0B7,Canada,45.321177,-73.245781,86010.20304848377
8024,J2G5A9,Canada,45.411149,-72.721097,55423.60246139365
8025,J2S0N5,Canada,45.63818,-72.97214,46529.99650106498
8026,J2G7L9,Canada,45.402037,-72.742406,56945.678014433965
8027,J2H2T3,Canada,45.394254,-72.693561,56546.89065153035
8028,J2K1N6,Canada,45.206323,-72.747002,77814.17704114233
8029,J2W1C9,Canada,45.341999,-73.280156,86242.53039874861
8030,J2G3K1,Canada,45.401156,-72.746133,57140.370002951684
8031,J2M2C2,Canada,45.403366,-72.647012,54623.463565599515
8032,J2Y1B8,Canada,45.294894,-73.314003,91822.11375857951
8033,J2G2S6,Canada,45.398059,-72.715789,56667.73014930862
8034,J2S7W7,Canada,45.632377,-72.965197,46474.66530771087
8035,J2W2B3,Canada,45.371559,-73.256467,82624.44590643821
8036,J2W1Z5,Canada,45.360308,-73.309385,86507.19929222697
8037,J2W3B6,Canada,45.342129,-73.2921,86903.35920394858
8038,J2S7W7,Canada,45.632377,-72.965197,46474.66530771087
8039,J2G4G2,Canada,45.381901,-72.745431,59130.034083929524
8040,J2G8T2,Canada,45.384849,-72.748757,58911.83282611671
8041,J2R1B3,Canada,45.650256,-72.988979,46848.51695661201
8042,J2S7M5,Canada,45.593748,-72.975556,49778.14713662871
8043,J2W1X2,Canada,45.340141,-73.299386,87467.87848728901
8044,J2T1B1,Canada,45.63557,-72.933005,44268.71313238748
8045,J2W1B1,Canada,45.378828,-73.365817,88494.25794533167
8046,J2J0T9,Canada,45.387682,-72.777554,59440.98358641575
8047,J2G3W4,Canada,45.395447,-72.736646,57478.217548546636
8048,J2J1N6,Canada,45.405677,-72.755961,56949.88609729902
8049,J2S8J2,Canada,45.629513,-72.960066,46347.26823485648
8050,J2G5V9,Canada,45.408589,-72.734345,56042.390582118125
8051,J2S2N2,Canada,45.623674,-72.955496,46463.5404541477
8052,J2J0V2,Canada,45.387682,-72.777554,59440.98358641575
8053,J2W2W9,Canada,45.341819,-73.293964,87032.40343675177
8054,J2H0L3,Canada,45.3536,-72.724911,61594.442282207565
8055,J2W1V7,Canada,45.349823,-73.297051,86593.00373520334
8056,J2X3W8,Canada,45.303381,-73.233077,86793.50209039792
8057,J2H2R5,Canada,45.394544,-72.705502,56790.990276449
8058,J2S1S1,Canada,45.627997,-72.962367,46592.018218228586
8059,J2X4H9,Canada,45.321066,-73.209018,84070.28575266624
8060,J2B2K2,Canada,45.86409,-72.474033,2004.220196283789
8061,J2Y1J8,Canada,45.318221,-73.311777,89862.57619749391
8062,J2W1L9,Canada,45.351978,-73.276943,85288.67722593572
8063,J2H2R2,Canada,45.396736,-72.696673,56352.89784359755
8064,J2N0G6,Canada,45.275648,-72.970851,77292.18836176001
8065,J2C5G7,Canada,45.899857,-72.477167,2204.0247500348573
8066,J2X4T1,Canada,45.292347,-73.239497,88044.09825577844
8067,J2G7E7,Canada,45.388804,-72.737972,58209.03427171277
8068,J2W1R1,Canada,45.345614,-73.269998,85393.22101613258
8069,J2X4B8,Canada,45.286876,-73.23016,88017.93740229197
8070,J2Y1A9,Canada,45.3129,-73.317128,90576.5175594066
8071,J2W2Y2,Canada,45.339718,-73.294409,87219.675823969
8072,J2T5G4,Canada,45.63576,-72.922513,43616.62609565695
8073,J2W2K9,Canada,45.357928,-73.297629,86009.6107316189
8074,J2S0N2,Canada,45.63818,-72.97214,46529.99650106498
8075,J2H3B4,Canada,45.40557,-72.702187,55542.78963327922
8076,J2T2L4,Canada,45.61958,-72.926846,45024.78823080081
8077,J2W2Y2,Canada,45.339718,-73.294409,87219.675823969
8078,J2N1G6,Canada,45.286908,-72.972834,76277.56305122674
8079,J2S3T8,Canada,45.609982,-72.971253,48372.0903982682
8080,J2Y1A8,Canada,45.316187,-73.320335,90499.80589129546
8081,J2W2L4,Canada,45.345432,-73.275762,85729.56270950647
8082,J2J2H2,Canada,45.406555,-72.752024,56745.8096482862
8083,J2G3T5,Canada,45.396521,-72.735344,57331.17892403759
8084,J2G9M1,Canada,45.394408,-72.711477,56948.19883253532
8085,J2S4Z6,Canada,45.63594,-72.966672,46331.535445900605
8086,J2W1G4,Canada,45.345457,-73.302082,87212.85518974351
8087,J2J2E3,Canada,45.401692,-72.758399,57432.51530381182
8088,J2S6A3,Canada,45.630484,-72.96571,46632.754249369726
8089,J2X5H2,Canada,45.295461,-73.23752,87682.3064672515
8090,J2M1S3,Canada,45.36323,-72.647547,58988.47033485657
8091,J2R1R4,Canada,45.638663,-72.920838,43312.73778858615
8092,J2J1Y1,Canada,45.39885,-72.757183,57691.61441925995
8093,J2J2A9,Canada,45.385572,-72.78709,59946.158846550934
8094,J2X5S20,Canada,0,0,8672420.421869809
8095,J2H1Y9,Canada,45.426973,-72.729437,53990.732890489395
8096,J2W2L4,Canada,45.345432,-73.275762,85729.56270950647
8097,J2S8V2,Canada,45.640216,-72.949466,44971.42363706078
8098,J2H0A6,Canada,45.389001,-72.692462,57082.93831126143
8099,J2M0C7,Canada,45.379949,-72.601901,56487.8809330723
8100,J2T1R7,Canada,45.615175,-72.958111,47212.36901690528
8101,J2S6K1,Canada,45.629813,-72.970068,46949.251859833756
8102,J2N2Z1,Canada,45.276114,-72.972459,77308.49605625738
8103,J2J0E8,Canada,45.405119,-72.758377,57077.64229013884
8104,J2G6W9,Canada,45.397774,-72.731483,57097.986537529614
8105,J2T0E5,Canada,45.61286,-72.940751,46334.401392132015
8106,J2N1G6,Canada,45.286908,-72.972834,76277.56305122674
8107,J2K2M9,Canada,45.199487,-72.743592,78479.92041153053
8108,J2W2R4,Canada,45.34292,-73.294989,87005.43456253225
8109,J2R1X1,Canada,45.656112,-72.910827,41504.647911066524
8110,J2M1Z5,Canada,45.379669,-72.604811,56555.823325623016
8111,J2H1Z1,Canada,45.425497,-72.726709,54070.08598951501
8112,J2H1Z1,Canada,45.425497,-72.726709,54070.08598951501
8113,J2K0G4,Canada,45.198803,-72.737702,78436.51926597956
8114,J2G8M2,Canada,45.384856,-72.729992,58416.42806629586
8115,J2K4S2,Canada,45.28003,-72.75511,70115.91477992578
8116,J2M1A5,Canada,45.33128,-72.500777,61170.64720940701
8117,J2W2C4,Canada,45.368896,-73.258832,82962.83786797292
8118,J2N2E9,Canada,45.289729,-72.977057,76170.46019429923
8119,J2H2T3,Canada,45.394254,-72.693561,56546.89065153035
8120,J2T0A1,Canada,45.612986,-72.956023,47239.87500911318
8121,J2Y1A3,Canada,45.315261,-73.340124,91686.37724023039
8122,J2J0H1,Canada,45.410337,-72.759987,56586.370745264554
8123,J2T0E5,Canada,45.61286,-72.940751,46334.401392132015
8124,J2S1Z3,Canada,45.628999,-72.956093,46136.382521534295
8125,J2G7P3,Canada,45.399169,-72.742856,57256.99040186423
8126,J2W2W5,Canada,45.345079,-73.266798,85256.68891752118
8127,J2W1G9,Canada,45.345289,-73.292795,86699.0864375925
8128,J2H2R5,Canada,45.394544,-72.705502,56790.990276449
8129,J2H0R8,Canada,45.387025,-72.704648,57569.602961524695
8130,J2J0L3,Canada,45.362969,-72.73252,60787.16981192456
8131,J2X1X8,Canada,45.305125,-73.240325,87030.36037318794
8132,J2W2Z7,Canada,45.356655,-73.302913,86409.1402631589
8133,J2W2S4,Canada,45.340275,-73.294615,87188.26375543367
8134,J2W2X8,Canada,45.339875,-73.292164,87081.14731680774
8135,J2S7W5,Canada,45.63433,-72.946456,45179.9594511431
8136,J2J2J5,Canada,45.398178,-72.762105,57903.25021271865
8137,J2H2R2,Canada,45.396736,-72.696673,56352.89784359755
8138,J2J1S1,Canada,45.406887,-72.754821,56791.796330634694
8139,J2S5T6,Canada,45.629041,-72.958364,46273.812342961915
8140,J2S1B4,Canada,45.639433,-72.959103,45626.48819954261
8141,J2N3C6,Canada,45.262067,-72.982028,79039.10270256606
8142,J2G4A9,Canada,45.385825,-72.743941,58679.74799761097
8143,J2J1H5,Canada,45.400949,-72.75075,57291.07341965034
8144,J2S4E3,Canada,45.636494,-72.952807,45427.85580949469
8145,J2K1W6,Canada,45.202659,-72.742856,78123.81775425187
8146,J2W2T2,Canada,45.34292,-73.295378,87027.41872978397
8147,J2X3P5,Canada,45.275503,-73.232266,89083.73603992058
8148,J2W2G5,Canada,45.355392,-73.266182,84419.22376120502
8149,J2G3K4,Canada,45.400769,-72.743196,57099.52837600175
8150,J2W2T4,Canada,45.340679,-73.294131,87129.79010242938
8151,J2T1W4,Canada,45.616162,-72.951209,46725.90203355333
8152,J2S7J4,Canada,45.638008,-72.962517,45934.59788734594
8153,J2C7K3,Canada,45.90199,-72.465068,2796.527545247045
8154,J2X3N5,Canada,45.305992,-73.238452,86860.27311094812
8155,J2K0K2,Canada,45.208877,-72.726274,77128.48135203104
8156,J2R1G2,Canada,45.648718,-72.983227,46570.523586480966
8157,J2S8T9,Canada,45.642123,-72.944005,44503.846541637526
8158,J2S7H3,Canada,45.631,-72.962497,46398.26597580284
8159,J2R1C2,Canada,45.639882,-72.991883,47679.95137481799
8160,J2G0B9,Canada,45.401881,-72.734869,56757.599205515304
8161,J2M1S8,Canada,45.359219,-72.660964,59657.011811135046
8162,J2T3H5,Canada,45.611131,-72.915535,44981.12016889001
8163,J2T3H5,Canada,45.611131,-72.915535,44981.12016889001
8164,J2W2Y3,Canada,45.341819,-73.293476,87004.87425388089
8165,J2W2Y3,Canada,45.341819,-73.293476,87004.87425388089
8166,J2J0E4,Canada,45.396028,-72.772255,58424.1167500544
8167,J2T1W4,Canada,45.616162,-72.951209,46725.90203355333
8168,J2W1V4,Canada,45.349271,-73.301101,86865.83659133491
8169,J2G3Y6,Canada,45.392455,-72.735067,57749.820256766696
8170,J2T5G6,Canada,45.604758,-72.96653,48453.491801967335
8171,J2J2J1,Canada,45.359643,-72.754646,61705.001923051364
8172,J2G7A4,Canada,45.398797,-72.734994,57083.61172699883
8173,J2G6C5,Canada,45.415845,-72.735955,55329.49742941142
8174,J2S7E5,Canada,45.635007,-72.966346,46372.48222070763
8175,J2W1M8,Canada,45.373017,-73.259206,82668.13411279593
8176,J2S4E3,Canada,45.636494,-72.952807,45427.85580949469
8177,J2G7S5,Canada,45.399882,-72.746945,57295.48864320722
8178,J2R0C4,Canada,45.62045,-72.94597,46108.18616450735
8179,J2G7A4,Canada,45.398797,-72.734994,57083.61172699883
8180,J2W2B9,Canada,45.370081,-73.25222,82498.00744934488
8181,J2J2J9,Canada,45.395393,-72.76533,58284.924474548956
8182,J2S8M5,Canada,45.640885,-72.961623,45689.85295814161
8183,J2W2P1,Canada,45.354335,-73.29973,86402.35317262508
8184,J2S7R7,Canada,45.629676,-72.96464,46620.1879401288
8185,J2S3P9,Canada,45.62389,-72.940195,45517.75996548286
8186,J2W2K1,Canada,45.348955,-73.298706,86753.49492042544
8187,J2G3P5,Canada,45.398296,-72.742958,57350.81743243277
8188,J2J5S9,Canada,0,0,8672420.421869809
8189,J2R1R3,Canada,45.638379,-72.92099,43341.71579963416
8190,J2S8Y9,Canada,45.640773,-72.943148,44540.73719605156
8191,J2S1B4,Canada,45.639433,-72.959103,45626.48819954261
8192,J2K4E6,Canada,45.247224,-72.852884,76145.18548556251
8193,J2X1J9,Canada,45.310281,-73.239653,86571.28483412614
8194,J2S1N1,Canada,45.632413,-72.958152,46033.50723124068
8195,J2W2K6,Canada,45.354922,-73.29857,86291.4213864799
8196,J2G3H3,Canada,45.403306,-72.742568,56817.90984803534
8197,J2H3G2,Canada,45.383662,-72.71603,58195.88148118272
8198,J2G8Y7,Canada,45.418106,-72.744956,55347.04416908377
8199,J2G2K3,Canada,45.404314,-72.726721,56287.35173847552
8200,J2H2P2,Canada,45.383261,-72.715527,58226.21711863146
8201,J2W0H8,Canada,45.362589,-73.258399,83424.59209327832
8202,J2G3T5,Canada,45.396521,-72.735344,57331.17892403759
8203,J2X1R3,Canada,45.308743,-73.234873,86445.18722953048
8204,J2W2B9,Canada,45.370081,-73.25222,82498.00744934488
8205,J2G7A4,Canada,45.398797,-72.734994,57083.61172699883
8206,J2R1G7,Canada,45.648736,-73.020239,48987.41373660071
8207,J2S0N6,Canada,45.63818,-72.97214,46529.99650106498
8208,J2X1R3,Canada,45.308743,-73.234873,86445.18722953048
8209,J2G2W3,Canada,45.401637,-72.730623,56670.40724285201
8210,J2C0R2,Canada,45.906006,-72.515574,3727.0639126310725
8211,J2Y1M4,Canada,45.320435,-73.305354,89331.28037135472
8212,J2X5N6,Canada,45.348106,-73.252127,84205.16520332449
8213,J2S5R8,Canada,45.630553,-72.959336,46231.97282670097
8214,J2K2X3,Canada,45.206424,-72.747113,77805.6058147304
8215,J2N3C7,Canada,45.291435,-72.984496,76300.64645290264
8216,J2W2T2,Canada,45.34292,-73.295378,87027.41872978397
8217,J2Y1H6,Canada,45.271747,-73.363239,96366.62210923167
8218,J2A0J2,Canada,45.838181,-72.416971,7034.130836692113
8219,J2G6S1,Canada,45.392859,-72.716986,57246.49793076119
8220,J2G6S1,Canada,45.392859,-72.716986,57246.49793076119
8221,J2H0G8,Canada,45.440845,-72.733116,52652.83215143962
8222,J2X4N9,Canada,45.2924,-73.231454,87622.13829033126
8223,J2S5S9,Canada,45.625595,-72.953897,46233.605483210005
8224,J2E1P3,Canada,45.912117,-72.544127,5818.878192489029
8225,J2L0L1,Canada,45.32232,-72.654086,63548.02259570618
8226,J2L0L1,Canada,45.32232,-72.654086,63548.02259570618
8227,J2G2L6,Canada,45.406508,-72.73706,56333.27613222025
8228,J2G9P3,Canada,45.395056,-72.755564,58038.74815654187
8229,J2W0K6,Canada,45.337322,-73.291298,87230.27923813634
8230,J2H3A9,Canada,45.408309,-72.701064,55225.638022247396
8231,J2G6T6,Canada,45.400233,-72.727421,56733.92205766211
8232,J2G5X9,Canada,45.413686,-72.734209,55506.673773031194
8233,J2X2K3,Canada,45.299885,-73.230998,86974.83773548738
8234,J2G8R9,Canada,45.385987,-72.75004,58828.15219538968
8235,J2R1B4,Canada,45.644453,-72.98902,47209.61112093677
8236,J2W1G7,Canada,45.344028,-73.294174,86874.08165683196
8237,J2S1Z8,Canada,45.627119,-72.958842,46433.613620819895
8238,J2W1E4,Canada,45.355394,-73.294937,86047.86544976736
8239,J2T3H9,Canada,45.622838,-72.933781,45205.64004526283
8240,J2T4T7,Canada,45.621859,-72.924465,44719.29959016013
8241,J2W1X1,Canada,45.339428,-73.300089,87562.5038073759
8242,J2J2L2,Canada,45.42129,-72.744511,55004.471351609296
8243,J2G9C3,Canada,45.408054,-72.735082,56118.206248143346
8244,J2H2R9,Canada,45.39516,-72.699265,56580.072805405165
8245,J2W0G8,Canada,45.362993,-73.254787,83190.31263395377
8246,J2R2G2,Canada,45.639138,-72.916104,42992.25381893657
8247,J2W1K2,Canada,45.355843,-73.30695,86702.50933184175
8248,J2W1M1,Canada,45.352,-73.280344,85478.836391337
8249,J2W2T9,Canada,45.345543,-73.290551,86552.70197441426
8250,J2T1M8,Canada,45.626679,-72.934101,44953.776702912284
8251,J2W2G1,Canada,45.352984,-73.264274,84499.19489370314
8252,J2W2T4,Canada,45.340679,-73.294131,87129.79010242938
8253,J2W2T4,Canada,45.340679,-73.294131,87129.79010242938
8254,J2J1S1,Canada,45.406887,-72.754821,56791.796330634694
8255,J2K2C5,Canada,45.194791,-72.751531,79146.14370295798
8256,J2G3B5,Canada,45.400329,-72.73088,56814.271406947
8257,J2S4Z6,Canada,45.63594,-72.966672,46331.535445900605
8258,J2G7K2,Canada,45.404844,-72.742047,56643.34022610211
8259,J2W3A2,Canada,45.341391,-73.302677,87558.078080613
8260,J2S6B8,Canada,45.625634,-72.961131,46675.66739008752
8261,J2W1K2,Canada,45.355843,-73.30695,86702.50933184175
8262,J2T0E8,Canada,45.597442,-72.964337,48845.394912400574
8263,J2X5N8,Canada,45.378302,-73.244647,81437.4642285865
8264,J2G8A8,Canada,45.395173,-72.753266,57961.732055498236
8265,J2H2Z1,Canada,45.43706,-72.718975,52653.27133296981
8266,J2W0C2,Canada,45.340843,-73.301521,87534.6635544418
8267,J2J0L5,Canada,45.349143,-72.740297,62439.76893992083
8268,J2S5L5,Canada,45.62929,-72.955674,46090.77976756009
8269,J2S2G7,Canada,45.625752,-72.955148,46299.57492280738
8270,J2B8S3,Canada,45.869057,-72.463783,2039.162415014326
8271,J2Y1B3,Canada,45.307375,-73.308796,90547.46131913459
8272,J2T0A5,Canada,45.612425,-72.933279,45923.15375412722
8273,J2T0A5,Canada,45.612425,-72.933279,45923.15375412722
8274,J2W1C1,Canada,45.362222,-73.30758,86259.37159046368
8275,J2T3H5,Canada,45.611131,-72.915535,44981.12016889001
8276,J2X1V5,Canada,45.307497,-73.230123,86298.27352390632
8277,J2T1X1,Canada,45.614547,-72.953637,46986.050636675354
8278,J2G5A9,Canada,45.411149,-72.721097,55423.60246139365
8279,J2W0H8,Canada,45.362589,-73.258399,83424.59209327832
8280,J2G1T4,Canada,45.410333,-72.719744,55474.42648596202
8281,J2R1H5,Canada,45.650433,-72.943611,43931.14963011216
8282,J2S0N5,Canada,45.63818,-72.97214,46529.99650106498
8283,J2Y1B3,Canada,45.307375,-73.308796,90547.46131913459
8284,J2X5N1,Canada,45.330303,-73.236726,84785.1298600437
8285,J2G3P6,Canada,45.398135,-72.744084,57398.43971767595
8286,J2T1W4,Canada,45.616162,-72.951209,46725.90203355333
8287,J2J1W1,Canada,45.404735,-72.755963,57047.382654200504
8288,J2G5C9,Canada,45.40355,-72.72706,56376.365447785756
8289,J2H2S9,Canada,45.379055,-72.732308,59085.954944801124
8290,J2G5V7,Canada,45.405357,-72.735686,56416.22173258804
8291,J2R1N1,Canada,45.638238,-72.912928,42863.27327491914
8292,J2S4T7,Canada,45.636063,-72.961933,46026.19928545971
8293,J2Y1A9,Canada,45.3129,-73.317128,90576.5175594066
8294,J2W1J4,Canada,45.358063,-73.310831,86759.17626720897
8295,J2W0G8,Canada,45.362993,-73.254787,83190.31263395377
8296,J2T3L6,Canada,45.617907,-72.927869,45206.179781339895
8297,J2S4Z3,Canada,45.634157,-72.963523,46251.894985516206
8298,J2T1H3,Canada,45.634228,-72.929487,44146.8695941022
8299,J2S5W3,Canada,45.629049,-72.959459,46340.998257180785
8300,J2L3K4,Canada,45.304868,-72.652967,65432.25400811363
8301,J2G4V4,Canada,45.404081,-72.719169,56117.48419584487
8302,J2H3J6,Canada,45.38411,-72.72037,58254.202317097384
8303,J2W2Y2,Canada,45.339718,-73.294409,87219.675823969
8304,J2E1T6,Canada,45.9045,-72.540686,5122.114249590691
8305,J2G6V1,Canada,45.390884,-72.727836,57727.14464447306
8306,J2W1Z8,Canada,45.377939,-73.25161,81860.09376953643
8307,J2G8A2,Canada,45.393896,-72.751227,58037.3536084123
8308,J2J0R5,Canada,45.425512,-72.814418,56812.08312031793
8309,J2G9H6,Canada,45.381771,-72.747273,59193.093497305075
8310,J2J2R9,Canada,45.395393,-72.76533,58284.924474548956
8311,J2S0L1,Canada,45.640676,-72.96753,46076.50243378343
8312,J2Y1C5,Canada,45.309748,-73.342992,92272.93090026359
8313,J2S0N9,Canada,45.63818,-72.97214,46529.99650106498
8314,J2J1X1,Canada,45.403268,-72.75374,57135.417312247104
8315,J2M1T4,Canada,45.362199,-72.664448,59397.71949452211
8316,J2G9A3,Canada,45.395699,-72.749244,57794.60499182013
8317,J2J2A5,Canada,45.421391,-72.802638,56816.21246624533
8318,J2Y1E2,Canada,45.331643,-73.341267,90502.72566855482
8319,J2W2Y8,Canada,45.35986,-73.302531,86145.3518143355
8320,J2H0R2,Canada,45.390461,-72.698844,57070.54428095783
8321,J2T3X1,Canada,45.616004,-72.950515,46695.18970981625
8322,J2G1Z9,Canada,45.408127,-72.727884,55918.08195716367
8323,J2W1X5,Canada,45.338174,-73.299579,87630.34371400005
8324,J2S6B8,Canada,45.625634,-72.961131,46675.66739008752
8325,J2S2J7,Canada,45.627623,-72.948025,45734.610927354086
8326,J2B2S2,Canada,45.874401,-72.49511,1099.3482550758222
8327,J2B2S2,Canada,45.874401,-72.49511,1099.3482550758222
8328,J2W1P2,Canada,45.344254,-73.266161,85285.83376417437
8329,J2G7A2,Canada,45.400589,-72.73538,56906.40799645337
8330,J2G6W5,Canada,45.399523,-72.731426,56913.12492995322
8331,J2S6C8,Canada,45.629873,-72.966661,46732.78427865279
8332,J2W2H1,Canada,45.327396,-73.29787,88370.30386859697
8333,J2X5T9,Canada,45.329206,-73.236351,84853.64283246356
8334,J2X5T9,Canada,45.329206,-73.236351,84853.64283246356
8335,J2S8L8,Canada,45.605067,-72.983656,49468.28610723969
8336,J2W1X6,Canada,45.355446,-73.299644,86313.14911776765
8337,J0H1K0,Canada,45.770744,-73.171968,54741.21828489304
8338,J0H1S0,Canada,45.593956,-73.089178,56819.10500517103
8339,J0G1P0,Canada,45.892064,-73.147773,51438.89698123773
8340,J0H1J0,Canada,45.52838,-73.021939,57322.303400669174
8341,J0H2G0,Canada,45.688927,-73.176506,57830.45373725339
8342,J0G1P0,Canada,45.892064,-73.147773,51438.89698123773
8343,J0H1J0,Canada,45.52838,-73.021939,57322.303400669174
8344,J0H1W0,Canada,45.494863,-72.885807,53104.32203905376
8345,J0H1B0,Canada,45.591133,-73.096377,57459.389055115505
8346,J0H1R0,Canada,45.648482,-72.760369,33588.33020067747
8347,J0H1G0,Canada,45.740875,-72.931007,38005.40274196274
8348,J0H1S0,Canada,45.600872,-73.102561,57257.4305224199
8349,J0H2E0,Canada,45.633627,-72.669866,31053.44408730642
8350,J0H1R0,Canada,45.649329,-72.755626,33281.191519124855
8351,J0H1E0,Canada,45.571371,-72.517807,34529.37700720772
8352,J0H1M0,Canada,45.709251,-72.737454,27398.032969904154
8353,J0H1L0,Canada,45.588783,-72.841057,42717.42131897311
8354,J0H1G0,Canada,45.751366,-72.950347,38929.42363781073
8355,J0H1S0,Canada,45.598266,-73.005934,51299.67243560178
8356,J0H1B0,Canada,45.212716,-73.588242,113742.3948832012
8357,J0H2E0,Canada,45.633627,-72.669866,31053.44408730642
8358,J0H2G0,Canada,45.786876,-73.158978,53372.01483975679
8359,J0H2B0,Canada,45.557338,-72.686832,39288.79373719465
8360,J0H1M0,Canada,45.749305,-72.74792,25153.01575559891
8361,J0H1B0,Canada,45.67159,-73.050793,49772.20314450622
8362,J0H1J0,Canada,45.52838,-73.021939,57322.303400669174
8363,J0H1S0,Canada,45.594239,-73.092972,57045.50717809668
8364,J0H1Z0,Canada,45.684929,-72.560376,22578.371350745056
8365,J0G1K0,Canada,45.883466,-72.954785,36473.29555934761
8366,J0H1M0,Canada,45.732933,-72.734703,25465.349816849957
8367,J0B2Y0,Canada,45.202789,-71.513279,106881.6763733159
8368,J0H2B0,Canada,45.557338,-72.686832,39288.79373719465
8369,J0H1S0,Canada,45.583516,-73.110696,58858.826919820705
8370,J0H2E0,Canada,45.643571,-72.447217,26548.160683049777
8371,J0H1B0,Canada,45.67159,-73.050793,49772.20314450622
8372,J0C1L0,Canada,45.873691,-72.762157,21560.414204300705
8373,J0H1B0,Canada,45.671305,-73.056184,50157.40021914717
8374,J0H2G0,Canada,45.688927,-73.176506,57830.45373725339
8375,J0H1W0,Canada,45.507785,-72.898989,52568.341118955796
8376,J0H1S0,Canada,45.594239,-73.092972,57045.50717809668
8377,J0G1P0,Canada,45.871045,-73.148054,51465.876693965154
8378,J0H1B0,Canada,45.21091,-73.598008,114451.5142970219
8379,J0B1B0,Canada,45.339041,-72.040339,69495.2433707866
8380,J0H1L0,Canada,45.568677,-72.853126,45037.96520790769
8381,J0A1A0,Canada,45.335368,-71.757843,82967.90217320068
8382,J0H1K0,Canada,45.765577,-73.177887,55321.63777628417
8383,J0H1Y0,Canada,45.744379,-72.841994,31640.356701718436
8384,J0H1B0,Canada,45.666101,-73.050512,50043.563987769325
8385,J0G1T0,Canada,45.98832,-73.136495,51907.91224899911
8386,J0H1B0,Canada,45.67159,-73.050793,49772.20314450622
8387,J0C1A0,Canada,46.363705,-64.745163,599298.2777885777
8388,J0H1R0,Canada,45.648482,-72.760369,33588.33020067747
8389,J0H1R0,Canada,45.651027,-72.757673,33236.31246996031
8390,J0H1A0,Canada,45.653258,-72.569173,26161.52222932725
8391,J0H1P0,Canada,45.794963,-72.998715,41032.39509986095
8392,J0H1P0,Canada,45.794963,-72.998715,41032.39509986095
8393,J0H1W0,Canada,45.507785,-72.898989,52568.341118955796
8394,J0G1X0,Canada,46.024044,-73.117053,51519.31877848493
8395,J0C3E0,Canada,0,0,8672420.421869809
8396,J0B1W0,Canada,45.395465,-72.038546,64187.97188719947
8397,J0H1V0,Canada,45.73875,-72.621838,19071.548481293343
8398,J0H2B0,Canada,45.557338,-72.686832,39288.79373719465
8399,J0H2G0,Canada,45.688927,-73.176506,57830.45373725339
8400,J0H1W0,Canada,45.401613,-72.724272,56507.52527065578
8401,J0H1L0,Canada,45.5709,-72.84917,44651.118307504
8402,J0H2G0,Canada,45.688927,-73.176506,57830.45373725339
8403,J0H1J0,Canada,45.527387,-73.00229,56295.32823284472
8404,J0H1G0,Canada,45.729488,-72.919204,37723.052828419815
8405,J0H1J0,Canada,45.52838,-73.021939,57322.303400669174
8406,J0H1A0,Canada,45.644493,-72.56149,26967.745477779583
8407,J0H1A0,Canada,52.115967,-106.696491,2566753.2549925833
8408,J0H2E0,Canada,45.678218,-72.669602,26743.035759687824
8409,J0H1W0,Canada,45.986962,-73.078499,47513.15072894865
8410,J0H1P0,Canada,45.794963,-72.998715,41032.39509986095
8411,J0H1N0,Canada,45.787865,-72.850735,30251.570869277748
8412,J0H2E0,Canada,45.633627,-72.669866,31053.44408730642
8413,J0H1N0,Canada,45.787865,-72.850735,30251.570869277748
8414,J0H1N0,Canada,45.758189,-72.805807,28436.56989708321
8415,J0H1S0,Canada,45.588126,-73.102385,58034.66862994926
8416,J0H1A0,Canada,45.640328,-72.565054,27481.952811540283
8417,J0H1S0,Canada,45.579293,-73.13592,60749.94663912446
8418,J0H1W0,Canada,45.484711,-72.817051,51118.64050701771
8419,J0H1B0,Canada,45.391204,-70.868844,137023.72138982985
8420,J0G1T0,Canada,45.98832,-73.136495,51907.91224899911
8421,J0G1T0,Canada,45.992259,-73.075104,47407.607024489196
8422,J0H1S0,Canada,45.597541,-73.001628,51085.67329884486
8423,J0H1L0,Canada,45.53905,-72.818812,46075.12948731655
8424,J0H1S0,Canada,45.594239,-73.092972,57045.50717809668
8425,J0H1M0,Canada,45.714194,-72.744418,27412.87545353836
8426,J0H1A0,Canada,45.642301,-72.578829,27534.37492438686
8427,J0B1K0,Canada,45.326339,-71.206085,117110.00374788795
8428,J0H1S0,Canada,45.593221,-73.100532,57596.73990118638
8429,J0H1N0,Canada,45.762162,-72.81154,28620.36157777573
8430,J0H1G0,Canada,45.740875,-72.931007,38005.40274196274
8431,J0H1W0,Canada,45.529803,-72.864108,48969.435842541905
8432,J0H1W0,Canada,45.50775,-72.896904,52472.1086210214
8433,J0H1N0,Canada,45.747421,-72.792096,28123.153907498072
8434,J0H1N0,Canada,45.747421,-72.792096,28123.153907498072
8435,J0H1T0,Canada,45.084191,-73.309772,109605.0902732153
8436,J0H1B0,Canada,45.658674,-73.04102,49804.69229748042
8437,J0H1W0,Canada,47.508109,-64.91429,605414.2005526962
8438,J0H1Y0,Canada,45.750157,-72.864226,32873.81361248072
8439,J0H2E0,Canada,45.650081,-72.659822,29068.532613874275
8440,J0H1RO,Canada,0,0,8672420.421869809
8441,J0H1E0,Canada,45.571371,-72.517807,34529.37700720772
8442,J0H1B0,Canada,45.666758,-73.05201,50110.781124668756
8443,J0H2E0,Canada,45.633627,-72.669866,31053.44408730642
8444,J0H1S0,Canada,45.594239,-73.092972,57045.50717809668
8445,J0H1L0,Canada,45.565082,-72.851065,45246.74902108658
8446,J0H1W0,Canada,45.505552,-72.898311,52733.01989490757
8447,J0G1J0,Canada,46.067773,-72.803594,32321.176146099035
8448,J0H1L0,Canada,45.563707,-72.851782,45400.95888503807
8449,J0H1B0,Canada,45.767369,-73.000134,41967.73787750704
8450,J0G1P0,Canada,45.895733,-73.137543,50656.65973692246
8451,J0H1W0,Canada,45.507222,-72.901555,52740.4887964542
8452,J0H1B0,Canada,45.67159,-73.050793,49772.20314450622
8453,J0H1T0,Canada,45.844072,-72.869305,30134.946042988253
8454,J0H2B0,Canada,45.562416,-72.708017,39468.933810529474
8455,J0G1M0,Canada,46.093666,-72.898153,39845.67163031607
8456,J0G1M0,Canada,46.080181,-72.86398,36832.836451805466
8457,J0H1B0,Canada,45.67159,-73.050793,49772.20314450622
8458,J0H1S0,Canada,45.596516,-73.004351,51322.871324389846
8459,J0H1A0,Canada,45.642301,-72.578829,27534.37492438686
8460,J0B3J0,Canada,45.759303,-71.404974,84804.22174095116
8461,J0H1Y0,Canada,45.744379,-72.841994,31640.356701718436
8462,J0C1K0,Canada,45.845585,-72.569365,7674.302332139904
8463,J0G1K0,Canada,45.883466,-72.954785,36473.29555934761
8464,J0H1B0,Canada,45.668621,-73.057748,50405.128713072496
8465,J0B1T0,Canada,45.092783,-72.20182,90431.31078855747
8466,J0C1N0,Canada,45.909299,-72.25777,17825.527802369295
8467,J0C1K0,Canada,45.845585,-72.569365,7674.302332139904
8468,J0C1K0,Canada,45.834343,-72.55162,7345.4712093790595
8469,J0C1K0,Canada,45.834343,-72.55162,7345.4712093790595
8470,J0H1V0,Canada,45.73875,-72.621838,19071.548481293343
8471,J0B1C0,Canada,45.178596,-72.045362,85315.70159544324
8472,J0H1A0,Canada,45.646768,-72.563627,26758.684002794413
8473,J0A1G0,Canada,45.661132,-71.72123,64081.31915167491
8474,J0H1B0,Canada,45.659348,-73.041916,49827.74377155243
8475,J0H1W0,Canada,45.53658,-72.850687,47738.844011373665
8476,J0H1Y0,Canada,45.744379,-72.841994,31640.356701718436
8477,J0H1M0,Canada,45.749305,-72.74792,25153.01575559891
8478,J0H1R0,Canada,45.655262,-72.753716,32676.89119628152
8479,J0H1S0,Canada,45.592636,-73.096235,57356.02942826729
8480,J0H1A0,Canada,45.626615,-72.562799,28932.81203975699
8481,J0H1B0,Canada,45.659348,-73.041916,49827.74377155243
8482,J0H1A0,Canada,45.644493,-72.56149,26967.745477779583
8483,J0H1K0,Canada,45.787697,-73.155734,53107.03123771285
8484,J0C1G0,Canada,46.219348,-72.423846,37989.03191256289
8485,J0H1E0,Canada,46.363705,-64.745163,599298.2777885777
8486,J0G1W0,Canada,46.008393,-72.916567,36367.47282370105
8487,J0H1B0,Canada,45.764099,-73.004857,42428.36629952763
8488,J0H1S0,Canada,45.594239,-73.092972,57045.50717809668
8489,J0H1S0,Canada,45.598679,-72.998065,50789.39165407758
8490,J0G1T0,Canada,45.982377,-73.139472,51986.74945668534
8491,J0A1M0,Canada,45.930353,-71.997715,38082.76706898108
8492,J0H1B0,Canada,45.207178,-73.602248,114975.15029869211
8493,J0H1A0,Canada,45.655542,-72.567405,25880.906190564303
8494,J0H1Y0,Canada,47.782825,-65.720094,556717.3600288631
8495,J0H1A0,Canada,46.108069,-72.371694,26766.85583931941
8496,J0H1S0,Canada,48.840829,-72.529979,329542.39273083897
8497,J0H1Y0,Canada,47.782825,-65.720094,556717.3600288631
8498,J0H1B0,Canada,49.754694,-77.631998,577700.0057283593
8499,J0H1P0,Canada,45.792488,-72.974577,39282.84277026885
8500,J0G1P0,Canada,45.892064,-73.147773,51438.89698123773
8501,J0G1T0,Canada,45.98832,-73.136495,51907.91224899911
8502,J0C1G0,Canada,46.219348,-72.423846,37989.03191256289
8503,J0H1N0,Canada,45.791949,-72.855717,30463.639455526845
8504,J0H1J0,Canada,48.12135,-69.176525,353873.937263019
8505,J0H1E0,Canada,45.577366,-72.512244,33833.311566218166
8506,J0H1R0,Canada,45.648482,-72.760369,33588.33020067747
8507,J0B1S0,Canada,45.073175,-71.500868,118196.01855810656
8508,J0H1R0,Canada,46.05129,-70.369647,164706.02021028913
8509,J0B3G0,Canada,49.12166,-85.837995,1065371.0453325452
8510,J0H1A0,Canada,45.659295,-72.475189,24652.26162409517
8511,J0G1K0,Canada,45.810728,-72.931614,35561.63953447162
8512,J0H1S0,Canada,45.594239,-73.092972,57045.50717809668
8513,J0H1L0,Canada,45.565082,-72.851065,45246.74902108658
8514,J0H1Y0,Canada,45.744379,-72.841994,31640.356701718436
8515,J0H1A0,Canada,47.782825,-65.720094,556717.3600288631
8516,J0H1L0,Canada,45.569453,-72.850828,44857.60286551153
8517,J0H1S0,Canada,45.602396,-73.101854,57118.619211924895
8518,J0H2B0,Canada,45.56028,-72.711399,39798.59336492048
8519,J0H1J0,Canada,48.121226,-69.17666,353857.15367403557
8520,J0H2G0,Canada,51.765214,-105.739254,2499761.152209641
8521,J0H2G0,Canada,51.765214,-105.739254,2499761.152209641
8522,J0H1B0,Canada,45.664219,-73.046693,49884.69141407165
8523,J0B1R0,Canada,45.48861,-71.650706,78138.28235505213
8524,J0H1B0,Canada,45.67159,-73.050793,49772.20314450622
8525,J0H1B0,Canada,45.659348,-73.041916,49827.74377155243
8526,J0H1B0,Canada,45.659164,-73.041671,49821.404507907384
8527,J0H1K0,Canada,45.82062,-73.142681,51497.05947733567
8528,J0H1L0,Canada,45.56844,-72.851701,44987.95797624839
8529,J0H1S0,Canada,45.594239,-73.092972,57045.50717809668
8530,J0C1K0,Canada,45.843034,-72.573953,8125.359071177833
8531,J0B2H0,Canada,45.658546,-72.133054,36804.57640175912
8532,J0H1L0,Canada,45.563453,-72.851549,45411.589162562246
8533,J0H1A0,Canada,45.642301,-72.578829,27534.37492438686
8534,J0H1R0,Canada,45.651277,-72.753994,33032.908695960796
8535,J0H1S0,Canada,45.597527,-73.001457,51076.18391877204
8536,J0H1S0,Canada,45.602396,-73.101854,57118.619211924895
8537,J0H1S0,Canada,45.602396,-73.101854,57118.619211924895
8538,J0G1P0,Canada,45.892064,-73.147773,51438.89698123773
8539,J0C1A0,Canada,46.363705,-64.745163,599298.2777885777
8540,J0H1V0,Canada,46.011267,-73.37127,70189.71603638546
8541,J0G1G0,Canada,0,0,8672420.421869809
8542,J0H1T0,Canada,46.007171,-73.052887,46222.67479556436
8543,J0H1J0,Canada,45.52838,-73.021939,57322.303400669174
8544,J0H1S0,Canada,45.602396,-73.101854,57118.619211924895
8545,J0A1J0,Canada,45.653463,-71.8858,52900.84547962293
8546,J0H1A0,Canada,45.659078,-72.577469,25709.15710410569
8547,J0H1W0,Canada,45.508321,-72.905065,52812.61037047036
8548,J0H1W0,Canada,45.355246,-72.518784,58551.20728127432
8549,J0C1K0,Canada,45.886832,-72.639133,12030.234983586784
8550,J0G1P0,Canada,45.895733,-73.137543,50656.65973692246
8551,J0C1M0,Canada,46.059369,-72.344576,22635.255266357948
8552,J0H1Y0,Canada,45.744379,-72.841994,31640.356701718436
8553,J0H1B0,Canada,45.67159,-73.050793,49772.20314450622
8554,J0H1S0,Canada,45.584551,-73.053305,55157.91587357801
8555,J0H1S0,Canada,45.594239,-73.092972,57045.50717809668
8556,J0H1A0,Canada,45.659051,-72.566144,25478.15975287783
8557,J0H1L0,Canada,45.530999,-72.807967,46355.413275176186
8558,J0B3E2,Canada,45.401987,-71.246762,110060.72373952236
8559,J0G1K0,Canada,45.574536,-72.86723,45249.3916226376
8560,J0H1K0,Canada,45.745901,-73.147353,53600.30867316805
8561,J0C1L0,Canada,45.895445,-72.752293,20842.978577252394
8562,J0H2B0,Canada,45.557338,-72.686832,39288.79373719465
8563,J0C1L0,Canada,45.887229,-72.760285,21411.24001688576
8564,J0H2N8,Canada,0,0,8672420.421869809
8565,J0H1A0,Canada,45.642665,-72.571293,27344.610700162524
8566,J0H1L0,Canada,45.563453,-72.851549,45411.589162562246
8567,J0H1Y0,Canada,46.05129,-70.369647,164706.02021028913
8568,J0H1L0,Canada,45.663419,-72.341265,26606.539787553695
8569,J0G1P0,Canada,45.846674,-73.123239,49686.65677187698
8570,J0H1P0,Canada,45.794963,-72.998715,41032.39509986095
8571,J0H1G0,Canada,45.213545,-73.594935,114077.16434037317
8572,J0H1J0,Canada,49.515301,-98.006705,1944568.4514265605
8573,J0H1S0,Canada,45.594162,-73.088437,56758.5232404163
8574,J0H1J0,Canada,45.52838,-73.021939,57322.303400669174
8575,J0H1J0,Canada,45.662556,-72.34074,26710.892220230522
8576,J0H1Y0,Canada,45.683415,-72.850648,35940.30679889765
8577,J0H1V0,Canada,45.73875,-72.621838,19071.548481293343
8578,J0G1K0,Canada,45.574536,-72.86723,45249.3916226376
8579,J0H1J0,Canada,45.52838,-73.021939,57322.303400669174
8580,J0H1W0,Canada,45.494863,-72.885807,53104.32203905376
8581,J0H1W0,Canada,45.506451,-72.899183,52695.14846054117
8582,J0B3J0,Canada,45.70566,-71.437847,83513.97130685677
8583,J0H1W0,Canada,45.494863,-72.885807,53104.32203905376
8584,J0H1J0,Canada,45.356681,-72.520779,58399.013713987224
8585,J0C1A0,Canada,46.025887,-72.367568,18513.45568486479
8586,J0B1W0,Canada,45.286679,-72.034462,74829.32849065533
8587,J0H1B0,Canada,45.67159,-73.050793,49772.20314450622
8588,J0H1J0,Canada,45.663516,-72.341357,26593.742742445924
8589,J0H1B0,Canada,45.212148,-73.596568,114275.85199711822
8590,J0H1K0,Canada,45.784919,-73.157774,53324.45420523217
8591,J0H1T0,Canada,45.835737,-72.885093,31484.354243833124
8592,J0H1K0,Canada,45.745901,-73.147353,53600.30867316805
8593,J0G1K0,Canada,45.883466,-72.954785,36473.29555934761
8594,J0H1J0,Canada,45.52838,-73.021939,57322.303400669174
8595,J0B2E0,Canada,45.394714,-71.074391,122333.74248113565
8596,J0H1L0,Canada,45.566949,-72.851311,45097.36792267692
8597,J0H1S0,Canada,45.594239,-73.092972,57045.50717809668
8598,J0A1A0,Canada,45.780698,-72.011996,38275.27477796938
8599,J0H1Y0,Canada,45.683415,-72.850648,35940.30679889765
8600,J0H1Y0,Canada,45.744379,-72.841994,31640.356701718436
8601,J0H1Y0,Canada,45.744379,-72.841994,31640.356701718436
8602,J0H1Y0,Canada,45.744379,-72.841994,31640.356701718436
8603,J0G1T0,Canada,45.98832,-73.136495,51907.91224899911
8604,J0H1L0,Canada,45.564731,-72.855879,45513.698338445494
8605,J0C1K0,Canada,45.892824,-72.648486,12806.46609578824
8606,J0A1J0,Canada,45.697129,-71.842297,53848.29603006612
8607,J0B3G0,Canada,45.405222,-71.874962,71054.89379983243
8608,J0C1E0,Canada,46.028106,-72.479096,16418.0325173493
8609,J0H2E0,Canada,45.633627,-72.669866,31053.44408730642
8610,J0H1L0,Canada,45.566873,-72.85613,45341.78153303087
8611,J0H1L0,Canada,45.566873,-72.85613,45341.78153303087
8612,J0B3E0,Canada,45.100109,-72.172353,90232.9099036825
8613,J0H1W0,Canada,45.213304,-73.589872,113795.5016792904
8614,J0H1A0,Canada,45.660095,-72.576233,25573.534887659287
8615,J0G1T0,Canada,45.98832,-73.136495,51907.91224899911
8616,J0H1J0,Canada,45.527501,-73.001189,56225.21195672975
8617,J0H2G0,Canada,45.688927,-73.176506,57830.45373725339
8618,J0H1S0,Canada,45.208174,-73.601226,114841.869980179
8619,J0G1T0,Canada,45.98832,-73.136495,51907.91224899911
8620,J0H1R0,Canada,45.655619,-72.759821,32952.3266140765
8621,J0H1R0,Canada,45.648482,-72.760369,33588.33020067747
8622,J0H1A0,Canada,45.659078,-72.577469,25709.15710410569
8623,J0C1R0,Canada,46.086446,-72.464835,22956.389233694557
8624,J0H1W0,Canada,45.508715,-72.9108,53055.79812545397
8625,J0H1Y0,Canada,45.744379,-72.841994,31640.356701718436
8626,J0H1J0,Canada,45.52838,-73.021939,57322.303400669174
8627,J0H1S0,Canada,45.593641,-73.099316,57492.06220314204
8628,J0B3J0,Canada,45.70566,-71.437847,83513.97130685677
8629,J0H1W0,Canada,45.508715,-72.9108,53055.79812545397
8630,J0H1T0,Canada,45.663469,-72.341336,26599.180145440052
8631,J0H1W0,Canada,45.200041,-72.748307,78515.93962283725
8632,J0C1L0,Canada,45.873312,-72.786753,23466.991507802915
8633,J0C1C0,Canada,45.983008,-72.60946,14964.86284624272
8634,J0H2E0,Canada,45.633627,-72.669866,31053.44408730642
8635,J0H1W0,Canada,45.494863,-72.885807,53104.32203905376
8636,J0H1R0,Canada,45.648482,-72.760369,33588.33020067747
8637,J0H1W0,Canada,45.200041,-72.748307,78515.93962283725
8638,J0H1S0,Canada,45.588487,-73.117746,59004.08938364267
8639,J0A1M0,Canada,45.9471,-71.990486,38941.84127378178
8640,J0H1E0,Canada,45.353852,-72.517304,58701.041965749006
8641,J0H1L0,Canada,45.732585,-72.737336,25646.61803291496
8642,J0H1A0,Canada,45.642665,-72.568231,27286.722906302388
8643,J0H1L0,Canada,45.566755,-72.853365,45215.25423193875
8644,J0BEC0,Canada,0,0,8672420.421869809
8645,J0G1L0,Canada,45.998759,-73.069348,47171.66299199131
8646,J0H1J0,Canada,45.439943,-73.200335,74241.28070878208
8647,J0H1K0,Canada,45.798002,-73.133674,51206.858654273776
8648,J0H2G0,Canada,45.688927,-73.176506,57830.45373725339
8649,J0C1M0,Canada,45.883226,-72.766876,21912.14781117435
8650,J0H1W0,Canada,45.200041,-72.748307,78515.93962283725
8651,J0H1K0,Canada,45.783069,-73.161032,53614.279951659286
8652,J0G1K0,Canada,45.911778,-72.928272,34582.513049816305
8653,J0H1J0,Canada,45.648534,-72.7017,30873.4279743247
8654,J0H1W0,Canada,45.494863,-72.885807,53104.32203905376
8655,J0G1K0,Canada,45.883466,-72.954785,36473.29555934761
8656,J0H1P0,Canada,45.792488,-72.974577,39282.84277026885
8657,J0C1R0,Canada,46.086446,-72.464835,22956.389233694557
8658,J0H1L0,Canada,45.565082,-72.851065,45246.74902108658
8659,J0H1Y0,Canada,45.744379,-72.841994,31640.356701718436
8660,J0B1S0,Canada,45.078095,-71.487702,118450.02143679213
8661,J0H1Y0,Canada,45.744379,-72.841994,31640.356701718436
8662,J0H1Y0,Canada,45.744379,-72.841994,31640.356701718436
8663,J0H1A0,Canada,45.642301,-72.578829,27534.37492438686
8664,J0H1B0,Canada,45.6624,-73.046625,49978.81546636121
8665,J0A1J0,Canada,45.656792,-71.769748,60814.097978150894
8666,J0H1K0,Canada,45.745901,-73.147353,53600.30867316805
8667,J0C1S0,Canada,45.762983,-72.501283,13167.299907321334
8668,J0H1B0,Canada,45.659348,-73.041916,49827.74377155243
8669,J0A1C0,Canada,45.820553,-71.722054,59467.69281474533
8670,J0H1A0,Canada,45.660095,-72.576233,25573.534887659287
8671,J0G1P0,Canada,48.670223,-72.590267,310635.84905315255
8672,J0B1C0,Canada,45.167875,-72.045401,86410.37161794897
8673,J0H1W0,Canada,45.494863,-72.885807,53104.32203905376
8674,J0C1L0,Canada,45.873691,-72.762157,21560.414204300705
8675,J0H1J0,Canada,45.213723,-73.59171,113873.4190780068
8676,J0H1G0,Canada,45.740875,-72.931007,38005.40274196274
8677,J0H1W0,Canada,45.509818,-72.89808,52345.98112564303
8678,J0H1G0,Canada,45.740875,-72.931007,38005.40274196274
8679,J0H1J0,Canada,45.212501,-73.596182,114227.2212987023
8680,J0B3H0,Canada,45.293296,-71.863053,81340.50260719722
8681,J0H1F0,Canada,0,0,8672420.421869809
8682,J0C1K0,Canada,45.834343,-72.55162,7345.4712093790595
8683,J0H1S0,Canada,47.496817,-64.917161,604889.040100188
8684,J0H1B0,Canada,45.671784,-73.105543,53557.099218829666
8685,J0B1B0,Canada,45.227921,-72.266798,74611.5996882538
8686,J0H2E0,Canada,45.525871,-73.009336,56806.16394064482
8687,J0H1N0,Canada,45.791949,-72.855717,30463.639455526845
8688,J0H1W0,Canada,52.115967,-106.696491,2566753.2549925833
8689,J0A1H0,Canada,45.980736,-72.232621,22435.288891019223
8690,J0B1S0,Canada,45.073175,-71.500868,118196.01855810656
8691,J0H1A0,Canada,45.507759,-73.51576,90317.66977328445
8692,J0H1G0,Canada,45.740875,-72.931007,38005.40274196274
8693,J0C1M0,Canada,46.071309,-72.328724,24391.909197477777
8694,J0C1N0,Canada,45.909299,-72.25777,17825.527802369295
8695,J0H1P0,Canada,45.794963,-72.998715,41032.39509986095
8696,J0H1J0,Canada,45.21415,-73.593367,113940.18763131699
8697,J0H1S0,Canada,45.593859,-73.09271,57052.423111039854
8698,J0B2P0,Canada,45.413151,-72.133126,58776.212374456714
8699,J0B3E0,Canada,45.100109,-72.172353,90232.9099036825
8700,J0H1Y0,Canada,47.782825,-65.720094,556717.3600288631
8701,J0H1S0,Canada,45.593322,-73.096167,57308.749697831605
8702,J0H1W0,Canada,45.506907,-72.912742,53307.617804793605
8703,J0H2E0,Canada,45.602727,-72.72001,35958.92520313786
8704,J0H1W0,Canada,45.512426,-72.896559,52043.91895513341
8705,J0H1G0,Canada,45.210613,-73.598252,114487.6570248784
8706,J0H2C0,Canada,45.672681,-72.363173,24984.775462053334
8707,J0H1A0,Canada,45.63513,-72.565089,28046.248072458973
8708,J0G1X0,Canada,46.005219,-72.906101,35484.545938497205
8709,J0H2B0,Canada,45.567655,-72.709348,38992.25891222781
8710,J0H1L0,Canada,45.603979,-72.832028,40976.78059773013
8711,J0G1K0,Canada,45.883466,-72.954785,36473.29555934761
8712,J0H1V0,Canada,45.73875,-72.621838,19071.548481293343
8713,J0H1S0,Canada,45.583516,-73.110696,58858.826919820705
8714,J0H1L0,Canada,45.623333,-72.819459,38716.39968613488
8715,J0H1A0,Canada,45.653632,-72.576391,26268.519806554817
8716,J0H1J0,Canada,45.66337,-72.341194,26613.798486762953
8717,J0H1R0,Canada,45.648482,-72.760369,33588.33020067747
8718,J0H1V0,Canada,45.743328,-72.615779,18386.081591368948
8719,J0H1S0,Canada,45.594239,-73.092972,57045.50717809668
8720,J0H1G0,Canada,45.743632,-72.939808,38506.03404947687
8721,J0H1B0,Canada,45.67159,-73.050793,49772.20314450622
8722,J0H1J0,Canada,48.121405,-69.176405,353884.61760731967
8723,J0H2E0,Canada,52.115967,-106.696491,2566753.2549925833
8724,J0H1N0,Canada,45.791949,-72.855717,30463.639455526845
8725,J0H1S0,Canada,45.594239,-73.092972,57045.50717809668
8726,J0H1S0,Canada,45.586334,-73.102666,58165.513053399074
8727,J0H1A0,Canada,45.654134,-72.573711,26158.647714664952
8728,J0G1T0,Canada,45.98832,-73.136495,51907.91224899911
8729,J0B2P2,Canada,45.103163,-72.614276,87144.49705520706
8730,J0H2E0,Canada,45.655079,-72.694641,29963.171162358118
8731,J0H1L0,Canada,45.565082,-72.851065,45246.74902108658
8732,J0C1L0,Canada,48.825625,-72.429842,327857.33022427844
8733,J0H1M0,Canada,45.749305,-72.74792,25153.01575559891
8734,J0H1G0,Canada,45.743632,-72.939808,38506.03404947687
8735,J0H1G0,Canada,45.743632,-72.939808,38506.03404947687
8736,J0H1E0,Canada,46.363705,-64.745163,599298.2777885777
8737,J0H1J0,Canada,45.526851,-73.012886,56929.063051487705
8738,J0H1S0,Canada,45.581894,-73.110958,58977.88226728465
8739,J0G1T0,Canada,46.239154,-73.58139,93681.24252808493
8740,J0H1L0,Canada,45.565082,-72.851065,45246.74902108658
8741,J0H1Y0,Canada,45.744379,-72.841994,31640.356701718436
8742,J0B2C0,Canada,45.280924,-71.958576,78319.34117525564
8743,J0H1M0,Canada,45.731206,-72.732259,25446.34907879921
8744,J0H1N0,Canada,45.791949,-72.855717,30463.639455526845
8745,J0G1J0,Canada,46.086545,-72.82202,34761.18634057449
8746,J0B1M0,Canada,45.384907,-71.691699,82767.31034861287
8747,J0B2T0,Canada,45.79061,-72.189821,24931.07383525486
8748,J0B2T0,Canada,45.79061,-72.189821,24931.07383525486
8749,J0H1V0,Canada,45.739641,-72.621424,18971.367041758283
8750,J0C1K0,Canada,46.363705,-64.745163,599298.2777885777
8751,J0H1Z0,Canada,45.684929,-72.560376,22578.371350745056
8752,J0H1W0,Canada,45.494863,-72.885807,53104.32203905376
8753,J0H1W0,Canada,45.494863,-72.885807,53104.32203905376
8754,J0H1W0,Canada,45.511399,-72.898427,52223.653298455414
8755,J0G1T0,Canada,45.98832,-73.136495,51907.91224899911
8756,J0H2G0,Canada,45.688927,-73.176506,57830.45373725339
8757,J0H1T0,Canada,45.844072,-72.869305,30134.946042988253
8758,J0C1K0,Canada,45.834343,-72.55162,7345.4712093790595
8759,J0B3G0,Canada,45.483508,-71.834664,67126.22201914313
8760,J0H1S0,Canada,45.587809,-73.112949,58735.57351532796
8761,J0H2E0,Canada,45.648802,-72.689856,30354.459064984094
8762,J0B2Y0,Canada,45.20715,-71.584768,102652.76935164156
8763,J0H1S0,Canada,45.594357,-73.097205,57311.16619078099
8764,J0C1K0,Canada,45.840087,-72.555684,7152.87423259172
8765,J0H1S0,Canada,45.588248,-73.115775,58891.16318962617
8766,J0H1E0,Canada,45.574817,-72.521536,34170.30188123713
8767,J0H2B0,Canada,45.084394,-72.935278,95377.1375341803
8768,J0C1J0,Canada,46.001543,-73.057638,46389.64334254282
8769,J0H1A0,Canada,45.654124,-72.572749,26139.95793915818
8770,J0H1W0,Canada,45.505125,-72.909344,53298.617827632996
8771,J0H1M0,Canada,45.749305,-72.74792,25153.01575559891
8772,J0H1J0,Canada,45.52838,-73.021939,57322.303400669174
8773,J0C1G0,Canada,45.211695,-73.596926,114330.13594345836
8774,J0H1B0,Canada,45.659565,-73.041449,49784.20755123983
8775,J0H1W0,Canada,45.217948,-72.742216,76466.9643279684
8776,J0H1J0,Canada,45.527387,-73.00229,56295.32823284472
8777,J0H2E0,Canada,45.648802,-72.689856,30354.459064984094
8778,J0A1H0,Canada,45.958311,-72.231358,21399.24774448842
8779,J0H1B0,Canada,45.660257,-73.042822,49838.705838333495
8780,J0H1P0,Canada,45.794963,-72.998715,41032.39509986095
8781,J0H1B0,Canada,45.56396,-72.852048,45392.05286972133
8782,J0H2C0,Canada,45.532762,-72.999151,55701.94911101383
8783,J0H1S0,Canada,45.590536,-73.096959,57534.31984977026
8784,J0H1S0,Canada,45.594239,-73.092972,57045.50717809668
8785,J0H1S0,Canada,45.590536,-73.096959,57534.31984977026
8786,J0H1J0,Canada,49.515301,-98.006705,1944568.4514265605
8787,J0H2G0,Canada,45.688927,-73.176506,57830.45373725339
8788,J0H1K0,Canada,45.786244,-73.157416,53267.33919258447
8789,J0H1S0,Canada,45.594239,-73.092972,57045.50717809668
8790,J0H1E0,Canada,45.573728,-72.524047,34308.18059145758
8791,J0B3H0,Canada,45.309259,-71.823222,81830.32232369561
8792,J0G1K0,Canada,46.031712,-73.310596,66132.62278697129
8793,J0H1E0,Canada,45.553508,-72.59998,37515.03024106281
8794,J0H1B0,Canada,45.670243,-73.053804,50049.438958939754
8795,J0C1L0,Canada,45.873691,-72.762157,21560.414204300705
8796,J0C1K0,Canada,45.843034,-72.573953,8125.359071177833
8797,J0H1Z0,Canada,45.682869,-72.586405,23405.81631045268
8798,J0H1P0,Canada,45.792488,-72.974577,39282.84277026885
8799,J0H1S0,Canada,45.594239,-73.092972,57045.50717809668
8800,J0H1R0,Canada,45.653209,-72.711404,30863.3983814946
8801,J0H1M0,Canada,45.749305,-72.74792,25153.01575559891
8802,J0H1L0,Canada,45.57054,-72.849718,44709.17999587434
8803,J0H1L0,Canada,45.57054,-72.849718,44709.17999587434
8804,J0H2E0,Canada,45.655967,-72.684676,29464.12076004996
8805,J0B1W0,Canada,45.670246,-73.588626,88895.36394910152
8806,J0H1E1,Canada,45.396741,-72.269281,56405.77254541478
8807,J0B2C0,Canada,45.347183,-71.891041,75229.92728822828
8808,J0H1K0,Canada,45.786244,-73.157416,53267.33919258447
8809,J0H1K0,Canada,45.786244,-73.157416,53267.33919258447
8810,J0H1S0,Canada,45.567707,-73.096991,59008.20752909359
8811,J0H1B0,Canada,45.70852,-73.086829,50550.783315200235
8812,J0G1K0,Canada,45.883466,-72.954785,36473.29555934761
8813,J0H1S0,Canada,45.596921,-73.100788,57384.22568978544
8814,J0G1J0,Canada,45.977764,-73.082542,47577.06308082713
8815,J0H1S0,Canada,45.596921,-73.100788,57384.22568978544
8816,J0H1K0,Canada,45.745901,-73.147353,53600.30867316805
8817,J0H1L0,Canada,45.567902,-72.852332,45065.44903833692
8818,J0B1A0,Canada,45.442476,-71.805611,71875.35892516478
8819,J0B2P0,Canada,45.401187,-72.020343,64434.77788857674
8820,J0B2P0,Canada,45.401187,-72.020343,64434.77788857674
8821,J0B2H0,Canada,45.352968,-72.516796,58797.63044366206
8822,J0B3G0,Canada,45.50016,-71.825218,66478.81534462394
8823,J0B1A0,Canada,45.443966,-71.759023,74469.02956621312
8824,J0B2P0,Canada,45.453594,-72.074854,57217.84423525882
8825,J0B2C0,Canada,45.346881,-71.890778,75269.11309501353
8826,J0B3G0,Canada,45.50016,-71.825218,66478.81534462394
8827,J0B1M0,Canada,45.376299,-71.602891,88647.65257550079
8828,J0B1M0,Canada,45.376299,-71.602891,88647.65257550079
8829,J0B1G0,Canada,45.660515,-71.54443,76972.41334061157
8830,J0B2P0,Canada,45.461436,-72.114243,54825.11986394718
8831,J0B2P0,Canada,46.916425,-71.084341,157609.71482057698
8832,J0B2P0,Canada,45.461436,-72.114243,54825.11986394718
8833,J0B1W0,Canada,45.301893,-72.032164,73420.49503973231
8834,J0B1G0,Canada,45.527105,-71.596495,79441.2391989862
8835,J0B2P0,Canada,45.448107,-72.033906,59543.606895802055
8836,J0B2C0,Canada,45.346881,-71.890778,75269.11309501353
8837,J0A1A0,Canada,45.334894,-71.757832,83007.26025078182
8838,J0B1A0,Canada,45.443966,-71.759023,74469.02956621312
8839,J0B2C0,Canada,45.279215,-71.951641,78765.16063172644
8840,J0B3A0,Canada,45.355245,-71.752485,81646.60498665567
8841,J0B1A0,Canada,45.416959,-71.807852,73716.54654657088
8842,J0B1L0,Canada,45.253168,-71.833024,86336.89605218862
8843,J0B1L0,Canada,45.335221,-71.75784,82980.08472892466
8844,J0B1R0,Canada,45.460242,-71.652221,79862.75161579326
8845,J0B1R0,Canada,45.405807,-71.89622,69912.4814723762
8846,J0B2B0,Canada,45.644503,-72.140345,37469.4207970295
8847,J0A1N0,Canada,45.772639,-71.833298,51898.591424505525
8848,J0B1A0,Canada,45.433863,-71.811021,72226.61160039506
8849,J0B2P0,Canada,45.464097,-72.102381,55064.88089394631
8850,J0B2P0,Canada,45.464097,-72.102381,55064.88089394631
8851,J0B0W1,Canada,0,0,8672420.421869809
8852,J0B2C0,Canada,45.347724,-71.892529,75111.14496397879
8853,J0B1S0,Canada,45.078095,-71.487702,118450.02143679213
8854,J0B1S0,Canada,45.078095,-71.487702,118450.02143679213
8855,J0A1J0,Canada,45.653463,-71.8858,52900.84547962293
8856,J0B1K0,Canada,45.326339,-71.206085,117110.00374788795
8857,J0B2A0,Canada,45.332329,-71.757601,83229.57727068382
8858,J0B1M0,Canada,45.33765,-71.685033,86754.03955454564
8859,J0B3G0,Canada,45.517155,-71.816363,65825.23304319274
8860,J0B2H0,Canada,45.677479,-72.134078,35358.37504850449
8861,J0B3A0,Canada,45.340837,-71.576486,92772.03753546593
8862,J0B2V0,Canada,45.753079,-71.419895,83780.87246391049
8863,J0B3G0,Canada,48.840829,-72.529979,329542.39273083897
8864,J0B1M0,Canada,45.347981,-71.814034,78985.71110233129
8865,J0B1B0,Canada,45.279945,-72.246436,69388.68159778793
8866,J0B1R0,Canada,45.405807,-71.89622,69912.4814723762
8867,J0B1R0,Canada,45.460242,-71.652221,79862.75161579326
8868,J0B2C0,Canada,45.035357,-71.984993,101850.54254398285
8869,J0B2P0,Canada,45.453073,-72.089523,56639.60726899224
8870,J0B2V0,Canada,45.569546,-72.044286,48660.693091189576
8871,J0B2C0,Canada,45.345461,-71.888422,75506.88381508052
8872,J0B1M0,Canada,45.38476,-71.808019,76270.81283425311
8873,J0B2L0,Canada,0,0,8672420.421869809
8874,J0B1A0,Canada,45.438885,-71.783354,73425.0010247275
8875,J0B1A0,Canada,45.441562,-71.78538,73107.48886447266
8876,J0B2P0,Canada,45.464097,-72.102381,55064.88089394631
8877,J0B1J0,Canada,45.587382,-71.599152,76119.66870152968
8878,J0B2P0,Canada,45.453073,-72.089523,56639.60726899224
8879,J0B1A0,Canada,45.438885,-71.783354,73425.0010247275
8880,J0B2R0,Canada,45.254865,-71.624481,96648.63843968889
8881,J0B1M0,Canada,45.38476,-71.808019,76270.81283425311
8882,J0B3G0,Canada,45.072488,-71.500657,118265.18014875312
8883,J0B2P0,Canada,45.39712,-71.890356,70945.22805056276
8884,J0B3H0,Canada,45.220972,-71.958314,84101.32743210418
8885,J0B1L0,Canada,45.244997,-71.833577,87051.48289951237
8886,J0B2A0,Canada,45.287261,-71.732899,88254.83618933836
8887,J0B2A0,Canada,45.287261,-71.732899,88254.83618933836
8888,J0B2A0,Canada,45.287261,-71.732899,88254.83618933836
8889,J0B3J0,Canada,45.70566,-71.437847,83513.97130685677
8890,J0B1A0,Canada,45.450076,-71.76447,73702.08389765774
8891,J0B2V0,Canada,45.533791,-72.048801,51344.60198443891
8892,J0B2P0,Canada,45.449404,-72.049238,58731.57182083463
8893,J0B2P0,Canada,45.449404,-72.049238,58731.57182083463
8894,J0A1A0,Canada,45.778253,-72.015808,38073.83642648195
8895,J0B1L0,Canada,45.249481,-71.830087,86804.47501810362
8896,J0B1L0,Canada,45.244997,-71.833577,87051.48289951237
8897,J0B2H0,Canada,45.677479,-72.134078,35358.37504850449
8898,J0B2H0,Canada,45.243467,-71.954121,82083.73279970876
8899,J0B2H0,Canada,45.677479,-72.134078,35358.37504850449
8900,J0B2P0,Canada,45.464097,-72.102381,55064.88089394631
8901,J0B3A0,Canada,45.334832,-71.757831,83012.38617213031
8902,J0B1M0,Canada,45.102633,-71.470073,117315.79421805321
8903,J0B1R0,Canada,45.460242,-71.652221,79862.75161579326
8904,J0B1A0,Canada,45.441562,-71.78538,73107.48886447266
8905,J0B3G0,Canada,45.557982,-71.743889,67824.95784159451
8906,J0B1M0,Canada,45.384907,-71.691699,82767.31034861287
8907,J0B2P0,Canada,45.449404,-72.049238,58731.57182083463
8908,J0B1M0,Canada,45.102633,-71.470073,117315.79421805321
8909,J0B2H0,Canada,45.677479,-72.134078,35358.37504850449
8910,J0B3A0,Canada,45.334832,-71.757831,83012.38617213031
8911,J0B3A0,Canada,45.334832,-71.757831,83012.38617213031
8912,J0B1W0,Canada,45.244593,-72.046966,78577.9595927798
8913,J0B1R0,Canada,45.491216,-71.657238,77553.673517083
8914,J0B1R0,Canada,45.491216,-71.657238,77553.673517083
8915,J0B3G0,Canada,45.398684,-72.006695,65265.11399283536
8916,J0B2A0,Canada,45.279042,-71.718189,89702.86068155602
8917,J0B3H0,Canada,45.271137,-71.891372,82080.19119824425
8918,J0B2P0,Canada,45.454831,-72.089064,56494.39988641217
8919,J0B1R0,Canada,45.39907,-71.8915,70722.04726529859
8920,J0B1L0,Canada,45.235252,-71.819207,88588.63576518434
8921,J0B2X0,Canada,45.029479,-71.500806,121957.80411315305
8922,J0B1R0,Canada,45.484968,-71.659171,77823.5804074689
8923,J0B1J0,Canada,45.587382,-71.599152,76119.66870152968
8924,J0B1A0,Canada,45.369477,-71.971834,69489.74286222942
8925,J0H1E0,Canada,45.448177,-72.714738,51377.759850604314
8926,J0H1E0,Canada,45.448177,-72.714738,51377.759850604314
8927,J0B2P0,Canada,45.453594,-72.074854,57217.84423525882
8928,J0B1A0,Canada,45.430564,-71.794146,73435.47139553304
8929,J0B2H0,Canada,45.677479,-72.134078,35358.37504850449
8930,J0B2P0,Canada,45.438826,-72.141301,55952.16744565715
8931,J0B2P0,Canada,45.438826,-72.141301,55952.16744565715
8932,J0B1A0,Canada,45.412234,-71.81355,73773.0519919355
8933,J0B2P0,Canada,45.438826,-72.141301,55952.16744565715
8934,J0B1A0,Canada,45.456982,-71.803583,70902.0402413823
8935,J0B1R0,Canada,45.490676,-71.658143,77529.22930726936
8936,J0B2C0,Canada,45.274045,-71.972578,78414.27395892766
8937,J0B3J0,Canada,45.682639,-71.440351,83977.23250002874
8938,J0B2C0,Canada,45.345461,-71.888422,75506.88381508052
8939,J0B2C0,Canada,45.274045,-71.972578,78414.27395892766
8940,J0B2C0,Canada,45.316109,-71.93236,76135.17583587332
8941,J0B1A0,Canada,45.412234,-71.81355,73773.0519919355
8942,J0B1M0,Canada,45.410503,-71.626314,84828.06185687381
8943,J0B1M0,Canada,45.384907,-71.691699,82767.31034861287
8944,J0B1L0,Canada,45.244997,-71.833577,87051.48289951237
8945,J0B1R0,Canada,45.484968,-71.659171,77823.5804074689
8946,J0B1M0,Canada,45.434583,-71.589796,85485.84657488333
8947,J0B3H0,Canada,45.272896,-71.89702,81670.68226552155
8948,J0B1M0,Canada,45.419746,-71.631174,83893.25741386024
8949,J0B1L0,Canada,45.295123,-71.815918,83417.29213095896
8950,J0B3H0,Canada,45.440526,-71.900983,66776.02420622435
8951,J0B1M0,Canada,45.384907,-71.691699,82767.31034861287
8952,J0B2P0,Canada,45.453594,-72.074854,57217.84423525882
8953,J0A1J0,Canada,45.678463,-71.865547,53038.28616174483
8954,J0B1R0,Canada,45.405807,-71.89622,69912.4814723762
8955,J0A1J0,Canada,45.678463,-71.865547,53038.28616174483
8956,J0A1J0,Canada,45.678463,-71.865547,53038.28616174483
8957,J0B2V0,Canada,45.533791,-72.048801,51344.60198443891
8958,J0B1L0,Canada,45.275367,-71.835505,84227.93235309582
8959,J0B3H0,Canada,45.27806,-71.894292,81313.87091436537
8960,J0B2C0,Canada,45.347724,-71.892529,75111.14496397879
8961,J0B1R0,Canada,45.484968,-71.659171,77823.5804074689
8962,J0B1L0,Canada,45.234086,-71.893343,85446.50598203995
8963,J0B2P0,Canada,45.457243,-72.091401,56169.84937795037
8964,J0H1L0,Canada,45.574899,-72.867156,45215.11808430972
8965,J0H1L0,Canada,45.565082,-72.851065,45246.74902108658
8966,J0H2B0,Canada,45.557338,-72.686832,39288.79373719465
8967,J0B1B0,Canada,45.339041,-72.040339,69495.2433707866
8968,J0G1K0,Canada,45.883466,-72.954785,36473.29555934761
8969,J0H1S0,Canada,45.585618,-73.018965,52968.47578907729
8970,J0H2B0,Canada,45.557338,-72.686832,39288.79373719465
8971,J0H1L0,Canada,45.596365,-72.836463,41843.41131244597
8972,J0B2P0,Canada,45.447836,-72.108626,56346.535906575235
8973,J0B2V0,Canada,45.533791,-72.048801,51344.60198443891
8974,J0B1B0,Canada,45.252579,-72.264183,71988.46285131153
8975,J0H1Y0,Canada,45.744379,-72.841994,31640.356701718436
8976,J0H1A0,Canada,45.642301,-72.578829,27534.37492438686
8977,J0B2A0,Canada,45.338072,-71.749933,83169.2316810673
8978,J0A1H0,Canada,45.964692,-72.240659,21047.328376666497
8979,J0B1M0,Canada,45.408706,-71.623836,85104.09345026927
8980,J0B2V0,Canada,45.533517,-72.027528,52471.82862645639
8981,J0H1Y0,Canada,45.744379,-72.841994,31640.356701718436
8982,J0H1Y0,Canada,45.744379,-72.841994,31640.356701718436
8983,J0H1GO,Canada,48.122178,-69.175619,353986.25322565524
8984,J0B1W0,Canada,45.136499,-71.997823,91113.79091133038
8985,J0A1A0,Canada,45.788832,-72.012733,37964.2665193263
8986,J0H1W0,Canada,45.488087,-72.958163,57172.965030266496
8987,J0B3G0,Canada,45.47656,-71.835497,67592.09981415182
8988,J0H1S0,Canada,45.584584,-73.102345,58255.52156283884
8989,J0B2P0,Canada,45.454129,-72.075839,57125.64629004325
8990,J0B2A0,Canada,45.332482,-71.751825,83523.51125131064
8991,J0H1B0,Canada,45.67159,-73.050793,49772.20314450622
8992,J0H1Y0,Canada,45.744379,-72.841994,31640.356701718436
8993,J0H1W0,Canada,45.213024,-73.589234,113778.35038289383
8994,J0G1L0,Canada,45.956083,-72.826053,27777.940177728306
8995,J0G1L0,Canada,46.010222,-73.050869,46177.715697579195
8996,J0G1T0,Canada,45.953096,-73.094763,47972.14282413391
8997,J0H1S0,Canada,45.594239,-73.092972,57045.50717809668
8998,J0B2V0,Canada,45.52934,-72.05011,51652.60581434285
8999,J0H1W0,Canada,45.50707,-72.898602,52612.9005030245
9000,J0B2V0,Canada,45.539103,-72.047842,50949.91348395559
9001,J0G1T0,Canada,45.988673,-73.064624,46521.74593529105
9002,J0B3E4,Canada,45.019697,-72.169352,98944.43757992057
9003,J0C1A0,Canada,45.509033,-73.514666,90176.17603343113
9004,J0B1G0,Canada,45.55674,-71.570629,79630.48731761663
9005,J0H1W0,Canada,47.781874,-64.566822,638684.2124741457
9006,J0G1S0,Canada,45.963358,-73.035469,43674.87913100754
9007,J0H1A0,Canada,45.655671,-72.560987,25746.949261923543
9008,J0H1W0,Canada,45.50707,-72.898602,52612.9005030245
9009,J0H1A0,Canada,45.640505,-72.567918,27514.516620030416
9010,J0B2Y0,Canada,45.202789,-71.513279,106881.6763733159
9011,J0H1S0,Canada,45.585673,-73.017209,52857.678701486344
9012,J0H1H0,Canada,45.623716,-72.386047,29600.525386022735
9013,J0B2A0,Canada,45.338072,-71.749933,83169.2316810673
9014,J0H1W0,Canada,45.508942,-72.901484,52585.98704182317
9015,J0H2B0,Canada,45.557338,-72.686832,39288.79373719465
9016,J0C1A0,Canada,45.990137,-72.355739,15726.831975683135
9017,J0H1B0,Canada,45.211003,-73.597932,114440.22107384139
9018,J0H1M0,Canada,45.730763,-72.731816,25452.708762707
9019,J0B1J0,Canada,45.478951,-71.422823,93877.91041120747
9020,J0H1S0,Canada,45.594239,-73.092972,57045.50717809668
9021,J0H1G0,Canada,45.730451,-72.920448,37761.6204042623
9022,J0H1G0,Canada,45.730451,-72.920448,37761.6204042623
9023,J0B1W0,Canada,45.136499,-71.997823,91113.79091133038
9024,J0A1A0,Canada,45.24099,-71.984646,81154.87177639222
9025,J0H1N0,Canada,45.791949,-72.855717,30463.639455526845
9026,J0H1W0,Canada,45.494863,-72.885807,53104.32203905376
9027,J0G1T0,Canada,45.992043,-73.073901,47311.51368258083
9028,J0B1G0,Canada,45.574701,-71.557882,79629.2414954838
9029,J0B2P0,Canada,45.401868,-72.079596,61903.84787988114
9030,J0G1P0,Canada,45.892064,-73.147773,51438.89698123773
9031,J0H1B0,Canada,45.67159,-73.050793,49772.20314450622
9032,J0H1S0,Canada,45.585871,-73.00871,52327.928950942645
9033,J0B1Y0,Canada,45.401016,-71.253585,109649.72043842249
9034,J0H1W0,Canada,45.494863,-72.885807,53104.32203905376
9035,J0H1V0,Canada,45.73875,-72.621838,19071.548481293343
9036,J0H2B0,Canada,45.557338,-72.686832,39288.79373719465
9037,J0H1V0,Canada,45.739429,-72.623214,19069.166137493878
9038,J0H1V0,Canada,45.73875,-72.621838,19071.548481293343
9039,J0H1L0,Canada,45.564049,-72.853659,45463.32409744758
9040,J0H1A0,Canada,45.643985,-72.510953,26428.922098687166
9041,J0B1M0,Canada,45.069263,-71.500193,118563.37540033547
9042,J0B1J0,Canada,45.471039,-71.517835,87909.75908655683
9043,J0G1L0,Canada,45.945538,-72.863716,30272.348168744185
9044,J0G1L0,Canada,45.94634,-73.097845,48090.232419175925
9045,J0B1M0,Canada,45.408706,-71.623836,85104.09345026927
9046,J0G1T0,Canada,45.988673,-73.064624,46521.74593529105
9047,J0B2B0,Canada,45.646076,-72.188819,34755.16716549684
9048,J0A1A0,Canada,45.780698,-72.011996,38275.27477796938
9049,J0B3J0,Canada,45.668599,-71.534482,77420.8637317579
9050,J0B1A0,Canada,45.477291,-71.777446,70973.7398309961
9051,J0A1J0,Canada,46.015071,-72.059473,36115.15688805247
9052,J0H1T0,Canada,45.844072,-72.869305,30134.946042988253
9053,J0H1P0,Canada,48.841524,-72.527717,329618.012555653
9054,J0B1L0,Canada,45.246864,-71.830914,87003.41228807537
9055,J0B1G0,Canada,45.633098,-71.592675,74520.84681341579
9056,J0H1W0,Canada,45.494863,-72.885807,53104.32203905376
9057,J0H1L0,Canada,45.565223,-72.854265,45391.72189496472
9058,J0B1W0,Canada,45.296159,-72.03674,73813.12195556036
9059,J0H2G0,Canada,45.688927,-73.176506,57830.45373725339
9060,J0H1L0,Canada,45.568653,-72.85168,44968.570981908124
9061,J0H1J0,Canada,45.527559,-73.002457,56291.20273394541
9062,J0G1P0,Canada,45.913225,-73.1489,51628.16031033333
9063,J0B2V0,Canada,45.533517,-72.027528,52471.82862645639
9064,J0B4B0,Canada,45.17964,-72.03065,85676.25705796563
9065,J0B1X0,Canada,45.580952,-72.181294,40827.66598701536
9066,J0C1N0,Canada,45.909299,-72.25777,17825.527802369295
9067,J0B1W0,Canada,45.244593,-72.046966,78577.9595927798
9068,J0H1A0,Canada,45.65527,-72.570754,25976.346555395336
9069,J0H1R0,Canada,45.626549,-72.561705,28922.174416809554
9070,J0B1P0,Canada,45.035341,-71.768361,109445.89606210632
9071,J0H1G0,Canada,45.729488,-72.919204,37723.052828419815
9072,J0H2C0,Canada,45.386361,-72.271033,57471.277676941194
9073,J0B1W0,Canada,45.19145,-72.060789,83522.63027581504
9074,J0H1B0,Canada,45.658347,-73.040585,49793.560159327186
9075,J0B1W0,Canada,45.406424,-71.894326,69957.02681436605
9076,J0H1W0,Canada,45.529578,-72.862536,48915.86295610965
9077,J0H1W0,Canada,49.515301,-98.006705,1944568.4514265605
9078,J0B3H0,Canada,45.276227,-71.89268,81553.61134795117
9079,J0A1N0,Canada,45.738693,-71.806555,54900.5870114577
9080,J0B2P0,Canada,45.457866,-72.080877,56561.469357085574
9081,J0H1S0,Canada,45.598266,-73.005934,51299.67243560178
9082,J0G1K0,Canada,46.014468,-73.342007,68050.63861344174
9083,J0H1H0,Canada,45.623716,-72.386047,29600.525386022735
9084,J0B3H0,Canada,45.283455,-71.881239,81400.44287485427
9085,J0B3H0,Canada,45.283455,-71.881239,81400.44287485427
9086,J0H1R0,Canada,45.650713,-72.757624,33260.812497403334
9087,J0G1K0,Canada,45.890521,-73.019345,41486.812595161886
9088,J0B1L0,Canada,45.246864,-71.830914,87003.41228807537
9089,J0B4J6,Canada,0,0,8672420.421869809
9090,J0C1K0,Canada,45.88485,-72.674531,14761.275774650343
9091,J0H1K0,Canada,45.785577,-73.156671,53225.71588535427
9092,J0B1Y0,Canada,46.363705,-64.745163,599298.2777885777
9093,J0H1N0,Canada,45.791949,-72.855717,30463.639455526845
9094,J0A1C0,Canada,45.820292,-71.722241,59456.70018704616
9095,J0B3G0,Canada,45.490746,-71.794898,68970.64957087465
9096,J0H2E0,Canada,45.623121,-72.649969,31429.98253654625
9097,J0B3J0,Canada,45.70566,-71.437847,83513.97130685677
9098,J0H1M0,Canada,45.749305,-72.74792,25153.01575559891
9099,J0H1M0,Canada,45.782157,-72.775202,25098.175473182055
9100,J0H1R0,Canada,46.509463,-71.062026,130027.49127218575
9101,J0G1P0,Canada,45.937956,-73.146041,51663.02697427628
9102,J0G1K0,Canada,46.014468,-73.342007,68050.63861344174
9103,J0H2E0,Canada,45.623121,-72.649969,31429.98253654625
9104,J0B2P0,Canada,45.453759,-72.075105,57191.69203968846
9105,J0B1K0,Canada,45.326339,-71.206085,117110.00374788795
9106,J0B1M0,Canada,45.408706,-71.623836,85104.09345026927
9107,J0B1M0,Canada,45.36432,-71.804086,78147.07083852672
9108,J0G1J0,Canada,46.086545,-72.82202,34761.18634057449
9109,J0C1K0,Canada,45.834343,-72.55162,7345.4712093790595
9110,J0H1W0,Canada,45.500773,-72.902911,53373.58186383044
9111,J0B2A0,Canada,45.28068,-71.690593,91012.86971303343
9112,J0B1M0,Canada,45.41511,-71.631421,84196.88305643154
9113,J0H1S0,Canada,52.115967,-106.696491,2566753.2549925833
9114,J0B2V0,Canada,45.532561,-72.027171,52569.20801046719
9115,J0H1L0,Canada,45.568087,-72.852965,45080.77100828667
9116,J0H1L0,Canada,45.60816,-72.828517,40446.50692989706
9117,J0B3A0,Canada,45.336951,-71.570634,93401.28479481317
9118,J0H1K0,Canada,45.745901,-73.147353,53600.30867316805
9119,J0C1J0,Canada,45.884259,-74.446144,152038.52219117852
9120,J0H1W0,Canada,45.494863,-72.885807,53104.32203905376
9121,J0H2E0,Canada,45.663603,-72.676333,28399.750795465425
9122,J0B3J0,Canada,45.70566,-71.437847,83513.97130685677
9123,J0H1R0,Canada,45.648482,-72.760369,33588.33020067747
9124,J0B1L0,Canada,45.246864,-71.830914,87003.41228807537
9125,J0H1Z0,Canada,45.684929,-72.560376,22578.371350745056
9126,J0H1N0,Canada,46.363705,-64.745163,599298.2777885777
9127,J0B2V0,Canada,45.545896,-72.01132,52339.488302675374
9128,J0B1R0,Canada,45.490353,-71.657215,77609.30849932213
9129,J0C1M0,Canada,46.10426,-72.369851,26413.656458905454
9130,J0H1S0,Canada,45.592765,-73.096369,57356.59167562257
9131,J0B1A0,Canada,45.436356,-71.805601,72342.1033416244
9132,J0C1K0,Canada,45.834343,-72.55162,7345.4712093790595
9133,J0B3E0,Canada,45.017695,-72.083021,101043.06851373006
9134,J0B3E2,Canada,45.007619,-72.101997,101666.02085309401
9135,J0B1R0,Canada,45.484968,-71.659171,77823.5804074689
9136,J0H1E0,Canada,45.574817,-72.521536,34170.30188123713
9137,J0H2B0,Canada,45.557338,-72.686832,39288.79373719465
9138,J0B1L0,Canada,45.234593,-71.818782,88667.6886403078
9139,J0B3G0,Canada,45.50016,-71.825218,66478.81534462394
9140,J0C1S0,Canada,45.760173,-72.498547,13459.262158439446
9141,J0H1W0,Canada,45.494863,-72.885807,53104.32203905376
9142,J0H1B0,Canada,52.115967,-106.696491,2566753.2549925833
9143,J0H1A0,Canada,48.435096,-72.163311,285392.65734913223
9144,J0B3J0,Canada,45.761677,-71.408771,84469.8355859911
9145,J0H1E0,Canada,45.391204,-70.868844,137023.72138982985
9146,J0B2V0,Canada,45.545896,-72.01132,52339.488302675374
9147,J0B1B0,Canada,45.355642,-72.519695,58510.48419204249
9148,J0B1B0,Canada,45.227921,-72.266798,74611.5996882538
9149,J0B1A0,Canada,45.434118,-71.80965,72284.38705481136
9150,J0H2G0,Canada,45.688927,-73.176506,57830.45373725339
9151,J0B2P0,Canada,45.460745,-72.124474,54477.748161906624
9152,J0H1K0,Canada,45.745901,-73.147353,53600.30867316805
9153,J0H1W0,Canada,49.515301,-98.006705,1944568.4514265605
9154,J0H1E0,Canada,45.574817,-72.521536,34170.30188123713
9155,J0B2Z0,Canada,45.204692,-72.03631,82954.08137837944
9156,J0A1A0,Canada,45.780698,-72.011996,38275.27477796938
9157,J0H1S0,Canada,45.591394,-73.093183,57237.67070867695
9158,J0H1A0,Canada,45.642301,-72.578829,27534.37492438686
9159,J0B1R0,Canada,45.362892,-71.864946,75140.22796197544
9160,J0G1P0,Canada,45.867459,-73.146405,51349.63477186911
9161,J0B1T0,Canada,45.130333,-72.251346,85477.89090230575
9162,J0B2P0,Canada,45.447695,-72.0951,56912.523722267084
9163,J0G1J0,Canada,46.089339,-72.692702,28282.02708380711
9164,J0B1L0,Canada,45.241325,-71.829817,87555.39745320297
9165,J0B2E0,Canada,45.394443,-71.090424,121229.48109447295
9166,J0H1Y0,Canada,45.744379,-72.841994,31640.356701718436
9167,J0B1W0,Canada,45.255257,-72.098859,75818.10697680168
9168,J0G1K0,Canada,45.883466,-72.954785,36473.29555934761
9169,J0H1K0,Canada,45.745901,-73.147353,53600.30867316805
9170,J0B1K0,Canada,45.326339,-71.206085,117110.00374788795
9171,J0C1B0,Canada,45.764577,-72.302927,19094.900308693464
9172,J0H1P0,Canada,45.211772,-73.585138,113628.7667283137
9173,J0H1B0,Canada,45.213591,-73.591338,113861.09111522223
9174,J0C1N0,Canada,45.894938,-72.264153,17119.757118202524
9175,J0H1N0,Canada,45.791949,-72.855717,30463.639455526845
9176,J0B1K0,Canada,45.267571,-71.203417,120899.47625343195
9177,J0G2B0,Canada,0,0,8672420.421869809
9178,J0B1R0,Canada,45.481167,-71.64814,78772.2382323755
9179,J0H1E0,Canada,45.56686,-72.529628,35110.69132849476
9180,J0B2H0,Canada,45.656987,-72.135261,36795.31298527305
9181,J0H2B0,Canada,45.557338,-72.686832,39288.79373719465
9182,J0H1E0,Canada,45.574817,-72.521536,34170.30188123713
9183,J0H2B0,Canada,45.565105,-72.747734,40664.41644980953
9184,J0H1E0,Canada,45.574817,-72.521536,34170.30188123713
9185,J0H2B0,Canada,45.557338,-72.686832,39288.79373719465
9186,J0H1R0,Canada,45.659004,-72.755955,32470.420069160384
9187,J0H2C0,Canada,45.707509,-72.426609,19785.766710741023
9188,J0H1W0,Canada,45.494863,-72.885807,53104.32203905376
9189,J0H1A0,Canada,45.648973,-72.558334,26427.228419413623
9190,J0H2B0,Canada,45.557338,-72.686832,39288.79373719465
9191,J0H1W0,Canada,45.494863,-72.885807,53104.32203905376
9192,J0H1Y0,Canada,45.744379,-72.841994,31640.356701718436
9193,J0B2A0,Canada,45.279214,-71.718328,89681.30058789338
9194,J0B2V0,Canada,45.545999,-72.011201,52337.79771696763
9195,J0H1W0,Canada,45.512426,-72.896559,52043.91895513341
9196,J0H1S0,Canada,45.589957,-73.093266,57333.642237156775
9197,J0B2V0,Canada,45.539103,-72.047842,50949.91348395559
9198,J0G1J0,Canada,46.086545,-72.82202,34761.18634057449
9199,J0H1A0,Canada,45.661593,-72.577456,25440.330130039496
9200,J0B2P0,Canada,45.457866,-72.080877,56561.469357085574
9201,J0B2P0,Canada,51.806526,-106.508468,2552842.813062201
9202,J0H1Y0,Canada,45.744379,-72.841994,31640.356701718436
9203,J0B2H0,Canada,45.658546,-72.133054,36804.57640175912
9204,J0H1W0,Canada,45.504952,-72.909625,53327.308596948
9205,J0B1L0,Canada,45.238671,-71.821137,88191.10111995066
9206,J0G1J0,Canada,46.086545,-72.82202,34761.18634057449
9207,J0B1R0,Canada,45.465685,-71.70321,76313.50521134562
9208,J0H2B0,Canada,45.572101,-72.743639,39830.88119823966
9209,J0H1K0,Canada,45.745901,-73.147353,53600.30867316805
9210,J0B1C0,Canada,45.170533,-72.045007,86150.64182659179
9211,J0H1Z0,Canada,45.685272,-72.485486,21750.966299019485
9212,J0B1L0,Canada,45.232126,-71.817204,88963.06147998091
9213,J0B1W0,Canada,45.244593,-72.046966,78577.9595927798
9214,J0H1W0,Canada,45.507629,-72.90207,52729.38041693374
9215,J0B3H0,Canada,45.220972,-71.958314,84101.32743210418
9216,J0B2H0,Canada,45.746791,-64.7436,600529.6480329476
9217,J0B2C0,Canada,45.271604,-71.942444,79864.4531115834
9218,J0H1A0,Canada,45.657069,-72.560949,25594.88238966757
9219,J0B2H0,Canada,45.657418,-72.135051,36774.80400081244
9220,J0B2B0,Canada,45.33508,-71.757836,82991.83096037613
9221,J0A1M0,Canada,45.930353,-71.997715,38082.76706898108
9222,J0B3B1,Canada,45.546265,-71.322515,97662.62207928169
9223,J0B2V0,Canada,45.246555,-72.277378,72404.36999247505
9224,J0H1W0,Canada,45.494863,-72.885807,53104.32203905376
9225,J0B3H0,Canada,45.451428,-71.768467,73367.54710305418
9226,J0B1W0,Canada,45.670246,-73.588626,88895.36394910152
9227,J0H1W0,Canada,45.507629,-72.90207,52729.38041693374
9228,J0H1J0,Canada,45.52838,-73.021939,57322.303400669174
9229,J0B2Y0,Canada,45.189367,-71.448349,111556.85695232464
9230,J0G1S0,Canada,45.844375,-73.255656,59944.6632732477
9231,J0B2Y0,Canada,45.189367,-71.448349,111556.85695232464
9232,J0B2P0,Canada,45.447695,-72.0951,56912.523722267084
9233,J0B2P0,Canada,45.452343,-72.072964,57415.58216379694
9234,J0A1A0,Canada,45.780698,-72.011996,38275.27477796938
9235,J0B3G0,Canada,45.50016,-71.825218,66478.81534462394
9236,J0C1A0,Canada,46.000231,-72.344121,17165.46811766441
9237,J0C1B0,Canada,45.972375,-72.690543,18964.722521461794
9238,J0H1L0,Canada,45.567406,-72.851678,45075.97778955085
9239,J0H2E0,Canada,45.622481,-72.65189,31556.332088538576
9240,J0B2H0,Canada,45.671143,-72.168808,33814.14136368506
9241,J0B1W0,Canada,47.816412,-65.774111,554211.1631901672
9242,J0H1N0,Canada,45.777085,-72.833516,29451.155491769026
9243,J0B1A0,Canada,45.439147,-71.812178,71755.41373239823
9244,J0B1S5,Canada,46.322787,-64.699809,602613.7748780845
9245,J0H1W0,Canada,45.986962,-73.078499,47513.15072894865
9246,J0G1S0,Canada,45.997306,-73.020505,43505.12128431152
9247,J0B3E0,Canada,45.098031,-72.178613,90325.62979936443
9248,J0B1R0,Canada,45.484968,-71.659171,77823.5804074689
9249,J0H1A0,Canada,45.642301,-72.578829,27534.37492438686
9250,J0B2X0,Canada,45.265738,-71.510345,102193.4536060956
9251,J0H1L0,Canada,45.565082,-72.851065,45246.74902108658
9252,J0C1J0,Canada,45.834937,-72.854711,29176.849667301158
9253,J0B3G0,Canada,45.481796,-71.858816,65853.37650683541
9254,J0H1J0,Canada,45.213723,-73.59171,113873.4190780068
9255,J0B3G0,Canada,48.840829,-72.529979,329542.39273083897
9256,J0H1S0,Canada,45.586667,-73.114909,58933.230884589546
9257,J0H2G0,Canada,45.688143,-73.186388,58576.33277526384
9258,J0H2E0,Canada,45.633627,-72.669866,31053.44408730642
9259,J0H1A0,Canada,45.628051,-72.584687,29184.829453248145
9260,J0H1N0,Canada,46.363705,-64.745163,599298.2777885777
9261,J0B1N0,Canada,0,0,8672420.421869809
9262,J0B3H0,Canada,45.39556,-71.888916,71150.41758727671
9263,J0B2A0,Canada,45.331326,-71.750574,83684.44996364243
9264,J0B1W0,Canada,45.244593,-72.046966,78577.9595927798
9265,J0H2E0,Canada,45.666733,-72.673304,27979.505592241705
9266,J0G1P0,Canada,45.863424,-73.110419,48579.2063267129
9267,J0H1K0,Canada,45.784739,-73.153873,53032.13902782334
9268,J0H1W0,Canada,45.648491,-72.755513,33347.97890883905
9269,J0B1R0,Canada,45.484968,-71.659171,77823.5804074689
9270,J0H1S0,Canada,45.591255,-73.101892,57807.01344122087
9271,J0H1N0,Canada,45.791949,-72.855717,30463.639455526845
9272,J0H1S0,Canada,45.584813,-73.110649,58774.31578769757
9273,J0B2B0,Canada,45.632032,-72.242429,33443.60991291376
9274,J0H2E0,Canada,45.622481,-72.65189,31556.332088538576
9275,J0B1M0,Canada,45.426629,-71.671843,80928.78019331873
9276,J0H1S0,Canada,45.594239,-73.092972,57045.50717809668
9277,J0B3J0,Canada,50.686016,-120.353701,3522934.3594515594
9278,J0B1M0,Canada,45.35113,-71.699197,84912.62477327709
9279,J0H2B0,Canada,45.557859,-72.708422,39938.92881666462
9280,J0H1Z0,Canada,45.684833,-72.579063,23011.40734327273
9281,J0H2G0,Canada,45.807095,-73.147661,52101.49328758348
9282,J0H1R0,Canada,45.646974,-72.756981,33551.085255193626
9283,J0H1R0,Canada,45.646974,-72.756981,33551.085255193626
9284,J0B2V0,Canada,45.533791,-72.048801,51344.60198443891
9285,J0H1V0,Canada,45.737708,-72.62257,19199.516269233245
9286,J0B3J0,Canada,48.840829,-72.529979,329542.39273083897
9287,J0H1L0,Canada,45.565082,-72.851065,45246.74902108658
9288,J0B2E0,Canada,45.390442,-70.987025,128672.6521636915
9289,J0H2B0,Canada,45.567223,-72.709367,39035.93076197524
9290,J0B1J0,Canada,45.492795,-71.549916,84511.70792573718
9291,J0G1K0,Canada,45.810301,-72.932616,35648.002028455085
9292,J0H1H0,Canada,45.637954,-72.383874,28117.937831386454
9293,J0H1K0,Canada,45.539935,-73.221609,68737.28026762046
9294,J0G1K0,Canada,45.883466,-72.954785,36473.29555934761
9295,J0B2P0,Canada,45.447695,-72.0951,56912.523722267084
9296,J0G1K0,Canada,45.883466,-72.954785,36473.29555934761
9297,J0H1S0,Canada,45.584818,-73.110623,58772.328839055335
9298,J0H1S0,Canada,45.584818,-73.110623,58772.328839055335
9299,J0B1B0,Canada,45.245983,-71.982352,80753.21955590646
9300,J0H1W0,Canada,45.494863,-72.885807,53104.32203905376
9301,J0G1W0,Canada,45.974221,-73.012282,42199.53834350788
9302,J0H1K0,Canada,45.745901,-73.147353,53600.30867316805
9303,J0B1A0,Canada,45.448091,-71.766962,73699.86036516742
9304,J0H1C0,Canada,45.964662,-73.087736,47666.73446926312
9305,J0H1P0,Canada,45.794963,-72.998715,41032.39509986095
9306,J0H1B0,Canada,45.659565,-73.041449,49784.20755123983
9307,J0A1A0,Canada,45.779973,-72.041677,36103.91159414043
9308,J0b2e0,Canada,45.371394,-71.001967,128558.88712523627
9309,J0G1K0,Canada,45.883466,-72.954785,36473.29555934761
9310,J0H2B0,Canada,45.557338,-72.686832,39288.79373719465
9311,J0H2E0,Canada,45.653469,-72.68363,29658.22670573194
9312,J0B2P0,Canada,45.447836,-72.108626,56346.535906575235
9313,J0C1S0,Canada,45.761305,-72.496828,13323.17110940548
9314,J0B1J2,Canada,0,0,8672420.421869809
9315,J0H1V0,Canada,45.759298,-72.678494,20245.280650980432
9316,J0B1W0,Canada,45.29721,-72.03602,73736.3930477625
9317,J0A1J0,Canada,45.658639,-71.773896,60435.2281690086
9318,J0B1R0,Canada,45.405807,-71.89622,69912.4814723762
9319,J0H1A0,Canada,45.642301,-72.578829,27534.37492438686
9320,J0H1L0,Canada,45.565082,-72.851065,45246.74902108658
9321,J0H2B0,Canada,45.557206,-72.711424,40106.60240937607
9322,J0H1L0,Canada,45.622709,-72.820143,38803.63501532938
9323,J0B2P0,Canada,45.422316,-72.124095,58208.69211215781
9324,J0C1R0,Canada,46.086446,-72.464835,22956.389233694557
9325,J0B1W0,Canada,45.244593,-72.046966,78577.9595927798
9326,J0b1w0,Canada,45.244593,-72.046966,78577.9595927798
9327,J0H1Y0,Canada,45.732282,-72.829195,31460.75043652382
9328,J0B1C0,Canada,45.177524,-72.034049,85782.33949374275
9329,J0C1K0,Canada,45.834343,-72.55162,7345.4712093790595
9330,J0B2V0,Canada,45.533791,-72.048801,51344.60198443891
9331,J0H2E0,Canada,45.622481,-72.65189,31556.332088538576
9332,J0H1A0,Canada,45.642301,-72.578829,27534.37492438686
9333,J0B1R0,Canada,45.484968,-71.659171,77823.5804074689
9334,J0H1W0,Canada,45.510338,-72.900098,52396.953733430426
9335,J0A1L0,Canada,45.862527,-71.926728,43251.097220317184
9336,J0B1M0,Canada,45.384907,-71.691699,82767.31034861287
9337,J0H1L0,Canada,45.622709,-72.820143,38803.63501532938
9338,J0H1L0,Canada,45.537102,-72.816337,46146.58741136782
9339,J0B2V0,Canada,45.753079,-71.419895,83780.87246391049
9340,J0A1N0,Canada,45.772639,-71.833298,51898.591424505525
9341,j0h1l0,Canada,45.565082,-72.851065,45246.74902108658
9342,J0B2C0,Canada,45.33225,-71.757752,83228.06120372319
9343,J0B2C0,Canada,45.33225,-71.757752,83228.06120372319
9344,J0B3B0,Canada,45.52428,-71.276681,101909.96036670162
9345,J0H1T0,Canada,46.007171,-73.052887,46222.67479556436
9346,J0G1L0,Canada,49.537341,-98.54756,1983711.8182536894
9347,J0H1V0,Canada,45.73875,-72.621838,19071.548481293343
9348,J0H1V0,Canada,45.73875,-72.621838,19071.548481293343
9349,J0H1P0,Canada,45.771695,-72.988836,40986.11609271991
9350,J0H1S0,Canada,45.594239,-73.092972,57045.50717809668
9351,J0H1S0,Canada,45.594239,-73.092972,57045.50717809668
9352,J0H1W0,Canada,45.399539,-72.72547,56756.36165003694
9353,J0B1W0,Canada,45.292659,-72.038219,74103.22462530645
9354,J0B3E3,Canada,45.085935,-72.135885,92549.60685715747
9355,J0C1J0,Canada,45.834937,-72.854711,29176.849667301158
9356,J0B3H0,Canada,45.406496,-71.252948,109393.3024513497
9357,J0H1W0,Canada,45.602876,-72.728465,36283.90714440978
9358,J0H1A0,Canada,45.652037,-72.568166,26273.553539534223
9359,J0H1R0,Canada,45.646717,-72.761063,33774.26020889027
9360,J0G1E0,Canada,0,0,8672420.421869809
9361,J0G1E0,Canada,0,0,8672420.421869809
9362,J0C1M0,Canada,46.071309,-72.328724,24391.909197477777
9363,J0C1M0,Canada,46.046399,-72.30009,23307.10833132238
9364,J0C1A0,Canada,45.99738,-72.350686,16599.75798552976
9365,J0C1M0,Canada,46.046399,-72.30009,23307.10833132238
9366,J0G1B0,Canada,46.162076,-72.468869,31349.095240171966
9367,J0C1E0,Canada,45.934796,-73.102384,48265.41408427859
9368,J0H1Y0,Canada,45.744379,-72.841994,31640.356701718436
9369,J0C1A0,Canada,46.000231,-72.344121,17165.46811766441
9370,J0C1L0,Canada,45.895127,-72.780037,22984.202046040227
9371,J0B2H0,Canada,45.670998,-72.163219,34140.698312503846
9372,J0C1M0,Canada,46.075391,-72.344183,24230.60603972004
9373,J0G1G0,Canada,0,0,8672420.421869809
9374,J0G1B0,Canada,46.194005,-72.51381,34956.45624671132
9375,J0C1B0,Canada,45.80369,-72.309246,16042.791725446208
9376,J0C1G0,Canada,46.212469,-72.430456,37168.74686974275
9377,J0C1M0,Canada,46.108791,-72.368815,26915.818070146066
9378,J0B1R0,Canada,45.36295,-71.868397,74963.1598631106
9379,J0B1M0,Canada,45.069263,-71.500193,118563.37540033547
9380,J0B1R0,Canada,45.484968,-71.659171,77823.5804074689
9381,J0B2E0,Canada,45.393435,-70.992789,128122.3231866013
9382,J0H2B0,Canada,45.550191,-72.668075,39468.14056605444
9383,J0H1S0,Canada,45.594239,-73.092972,57045.50717809668
9384,j0b3g0,Canada,45.50016,-71.825218,66478.81534462394
9385,J0B1R0,Canada,45.481398,-71.670503,77328.04475900762
9386,J0G1K0,Canada,45.103163,-72.614276,87144.49705520706
9387,J0B2C0,Canada,45.289684,-71.960605,77404.67171152882
9388,J0H1A0,Canada,45.642301,-72.578829,27534.37492438686
9389,J0B3H0,Canada,45.406496,-71.252948,109393.3024513497
9390,J0B1L0,Canada,45.297288,-71.743977,86843.70337147183
9391,J0H2B0,Canada,45.557859,-72.708422,39938.92881666462
9392,J0H2B0,Canada,45.557859,-72.708422,39938.92881666462
9393,J0H2B0,Canada,45.557859,-72.708422,39938.92881666462
9394,J0B2C0,Canada,45.335015,-71.757835,82997.2015421078
9395,J0A1K0,Canada,45.804264,-71.888712,46951.33156093711
9396,J0B2H0,Canada,45.281536,-71.885663,81377.4810718544
9397,J0C1J0,Canada,45.834937,-72.854711,29176.849667301158
9398,J0B2N0,Canada,45.657326,-71.9732,46820.972891344936
9399,J0B2N0,Canada,45.626924,-71.916612,52354.292366101545
9400,J0H1W0,Canada,45.629672,-73.097841,55251.359743142995
9401,J0G1T0,Canada,45.950787,-73.097037,48104.35016059596
9402,J0H1W0,Canada,45.648491,-72.755513,33347.97890883905
9403,J0C1N0,Canada,45.85243,-72.247006,18648.242539028688
9404,J0B1Y0,Canada,45.460935,-71.252537,106588.53408490532
9405,J0B1M0,Canada,45.384907,-71.691699,82767.31034861287
9406,J0C1K0,Canada,45.833026,-72.573738,8739.148724917875
9407,J0H2E0,Canada,45.633627,-72.669866,31053.44408730642
9408,J0H2E0,Canada,45.653469,-72.68363,29658.22670573194
9409,J0H1S0,Canada,45.584813,-73.110649,58774.31578769757
9410,J0A1A0,Canada,45.786229,-72.011819,38112.270412930186
9411,J0H2G0,Canada,45.688927,-73.176506,57830.45373725339
9412,J0G1S0,Canada,46.016897,-73.029864,44879.25875260998
9413,J0H1Z0,Canada,45.685096,-72.587169,23193.090162295706
9414,J0H1A0,Canada,45.645671,-72.56706,26940.01623530612
9415,J0H1L0,Canada,45.566397,-72.850331,45096.95888485835
9416,J0B1A0,Canada,45.440211,-71.783305,73328.57446092828
9417,J0B1M0,Canada,45.332072,-71.758858,83184.15113511424
9418,J0B2P0,Canada,45.453594,-72.074854,57217.84423525882
9419,J0A1A0,Canada,48.102349,-66.112069,543148.1825762668
9420,J0H1W0,Canada,45.494863,-72.885807,53104.32203905376
9421,J0H1H0,Canada,45.614892,-72.418121,30026.5737751716
9422,J0B1L0,Canada,45.246864,-71.830914,87003.41228807537
9423,J0B2B0,Canada,45.33508,-71.757836,82991.83096037613
9424,J0B1L0,Canada,45.247046,-71.833566,86866.13775062622
9425,J0H1W0,Canada,45.482849,-72.816254,51266.43206345546
9426,J0H1L0,Canada,45.565082,-72.851065,45246.74902108658
9427,J0H1Y0,Canada,45.651482,-72.708776,30905.822184819986
9428,J0G1M0,Canada,46.067552,-72.834298,34156.89798555945
9429,J0G1L0,Canada,45.957548,-72.827527,27935.970880649224
9430,J0H1A0,Canada,45.656426,-72.558943,25628.751227349378
9431,J0B1C0,Canada,45.171229,-72.037015,86329.33018898357
9432,J0A1E0,Canada,46.017547,-72.062323,36029.53939209039
9433,J0C1C0,Canada,45.966926,-72.680824,18004.921287954345
9434,J0H1K0,Canada,45.807506,-73.147624,52091.29993204136
9435,J0B2T0,Canada,45.807448,-72.228244,21452.367381955504
9436,J0B1B0,Canada,45.200011,-72.280571,77414.21610440665
9437,J0H1A0,Canada,45.65402,-72.565139,26001.89342467106
9438,J0B1W0,Canada,45.260636,-72.070811,76166.26535110576
9439,J0A1N0,Canada,45.772639,-71.833298,51898.591424505525
9440,J0G2B0,Canada,0,0,8672420.421869809
9441,J0H1R0,Canada,45.648482,-72.760369,33588.33020067747
9442,J0B1P0,Canada,45.035341,-71.768361,109445.89606210632
9443,J0G1L0,Canada,45.965852,-73.087179,47650.13683933655
9444,J0B1K0,Canada,45.326339,-71.206085,117110.00374788795
9445,J0B2C0,Canada,45.347724,-71.892529,75111.14496397879
9446,J0B2V0,Canada,45.537482,-72.044575,51253.99549667751
9447,J0B1R0,Canada,45.487638,-71.663495,77376.89391785217
9448,J0A1N0,Canada,45.772639,-71.833298,51898.591424505525
9449,J0A3A0,Canada,0,0,8672420.421869809
9450,J0B1Y0,Canada,45.403163,-71.253601,109530.85261592855
9451,J0H1J0,Canada,49.515301,-98.006705,1944568.4514265605
9452,J0B2C0,Canada,45.770634,-74.641256,167775.01070104382
9453,J0B1M0,Canada,45.419271,-71.634817,83701.81440565363
9454,J0H1M0,Canada,45.749305,-72.74792,25153.01575559891
9455,J0G1S0,Canada,46.016897,-73.029864,44879.25875260998
9456,J0G1S0,Canada,46.016897,-73.029864,44879.25875260998
9457,J0G1S0,Canada,46.016897,-73.029864,44879.25875260998
9458,J0G1P0,Canada,45.917707,-73.148626,51642.357079971334
9459,J0B3B0,Canada,45.523088,-71.276634,101965.97067049022
9460,J0B2R0,Canada,45.228801,-71.661654,96828.60257379858
9461,J0C1M0,Canada,45.91042,-72.257645,17857.60913597521
9462,J0H1J0,Canada,45.213904,-73.594458,114022.71374918582
9463,J0H1R0,Canada,45.651398,-72.7575,33195.92097503729
9464,J0H2B0,Canada,45.557338,-72.686832,39288.79373719465
9465,J0H1E0,Canada,45.574817,-72.521536,34170.30188123713
9466,J0B2R0,Canada,45.228801,-71.661654,96828.60257379858
9467,J0B3G0,Canada,45.397378,-71.889879,70947.56766197814
9468,J0B1P0,Canada,45.05886,-71.731264,108734.75274341706
9469,J0B1A0,Canada,45.442372,-71.799551,72230.19261012936
9470,J0B3B0,Canada,45.476469,-71.842443,67196.66148380858
9471,J0B3B0,Canada,45.476469,-71.842443,67196.66148380858
9472,J0B3B0,Canada,45.476469,-71.842443,67196.66148380858
9473,J0B3B0,Canada,45.476469,-71.842443,67196.66148380858
9474,J0B3B0,Canada,45.476469,-71.842443,67196.66148380858
9475,J0C1K0,Canada,45.845671,-72.569463,7675.976476643151
9476,J0C1K0,Canada,45.842796,-74.470435,154035.3397355667
9477,J0H1G0,Canada,45.740875,-72.931007,38005.40274196274
9478,J0B2V0,Canada,45.531547,-72.030104,52499.12386468117
9479,J0H1S0,Canada,45.586248,-73.11179,58757.99904115407
9480,J0C1S0,Canada,45.712938,-72.481928,18671.739546251603
9481,J0B1N0,Canada,0,0,8672420.421869809
9482,J0H1E0,Canada,45.564874,-72.519088,35258.12349708432
9483,J0H1E0,Canada,45.574817,-72.521536,34170.30188123713
9484,J0G1V0,Canada,48.858969,-72.492812,331544.26265897753
9485,J0C1K0,Canada,43.898301,-81.312096,729906.147321833
9486,J0H2E0,Canada,45.633627,-72.669866,31053.44408730642
9487,J0H1R0,Canada,45.652714,-72.754887,32953.436737443495
9488,J0B2A0,Canada,45.225814,-71.719196,94177.26810367487
9489,J0H1A0,Canada,45.61654,-72.63055,31524.896628576033
9490,J0B1G0,Canada,45.55674,-71.570629,79630.48731761663
9491,J0A1A0,Canada,45.784804,-72.013044,38065.5655117916
9492,J0H1A0,Canada,45.645671,-72.56706,26940.01623530612
9493,J0H1B0,Canada,45.692561,-73.095575,51877.132202251894
9494,J0H1K0,Canada,45.790564,-73.121552,50443.67879620814
9495,J0B2C0,Canada,45.333731,-71.941029,74133.05504332272
9496,J0G1T0,Canada,45.98832,-73.136495,51907.91224899911
9497,J0H1S0,Canada,45.588569,-73.117475,58981.45942131207
9498,J0B1R0,Canada,45.468262,-71.671802,78101.90693956746
9499,J0H1W0,Canada,45.503035,-72.912162,53617.416881867175
9500,J0H1W0,Canada,45.535721,-72.87929,49173.12997024562
9501,J0H1W0,Canada,45.494863,-72.885807,53104.32203905376
9502,J0A1A0,Canada,45.780698,-72.011996,38275.27477796938
9503,J0G1M0,Canada,46.363705,-64.745163,599298.2777885777
9504,J0G1K0,Canada,45.883466,-72.954785,36473.29555934761
9505,J0B1W0,Canada,45.244593,-72.046966,78577.9595927798
9506,J0B1W0,Canada,45.244593,-72.046966,78577.9595927798
9507,J0H1E0,Canada,45.574817,-72.521536,34170.30188123713
9508,J0H1KO,Canada,0,0,8672420.421869809
9509,J0B1W0,Canada,45.25507,-72.100584,75784.12158132077
9510,J0B1W0,Canada,45.25507,-72.100584,75784.12158132077
9511,J0H1W0,Canada,45.529578,-72.862536,48915.86295610965
9512,J0B2C0,Canada,45.309852,-71.916478,77412.32226398637
9513,J0H1Z0,Canada,45.68516,-72.618323,24127.722377159265
9514,J0B3J0,Canada,45.696154,-71.461127,82023.13667883878
9515,J0B3B0,Canada,45.523088,-71.276634,101965.97067049022
9516,J0B3B0,Canada,45.523088,-71.276634,101965.97067049022
9517,J0B3A0,Canada,45.240129,-71.938819,83009.92548539133
9518,J0H1A0,Canada,45.618751,-72.639291,31548.4738525117
9519,J0G1T0,Canada,45.980372,-73.137854,51817.117323053426
9520,J0A1N0,Canada,46.487196,-71.673769,91975.29760235101
9521,J0C1M0,Canada,46.108791,-72.368815,26915.818070146066
9522,J0H1M0,Canada,45.578036,-72.87122,45161.98104352707
9523,J0G1K0,Canada,45.883466,-72.954785,36473.29555934761
9524,J0B1G0,Canada,45.579953,-71.559367,79273.26172065572
9525,J0C1K0,Canada,45.834343,-72.55162,7345.4712093790595
9526,J0b3h0,Canada,45.4059,-71.896038,69913.9010986163
9527,J0H1R0,Canada,45.593759,-73.097261,57352.037526004315
9528,J0H1R0,Canada,45.593759,-73.097261,57352.037526004315
9529,J0B1R0,Canada,45.484968,-71.659171,77823.5804074689
9530,J0H1R0,Canada,45.648482,-72.760369,33588.33020067747
9531,J0G1S0,Canada,45.970401,-72.988428,40306.0381972652
9532,J0H2E0,Canada,45.678218,-72.669602,26743.035759687824
9533,J0C1S0,Canada,45.75447,-72.502239,14117.6350390003
9534,J0C1S0,Canada,45.75447,-72.502239,14117.6350390003
9535,J0H1B0,Canada,52.115967,-106.696491,2566753.2549925833
9536,J0H1R0,Canada,45.648482,-72.760369,33588.33020067747
9537,J0H2B0,Canada,45.564839,-72.716677,39529.952308225984
9538,J0H1W0,Canada,45.506247,-72.911678,53313.47687461541
9539,J0H1T0,Canada,45.844072,-72.869305,30134.946042988253
9540,J0B3H0,Canada,45.407789,-71.879082,70627.40853251035
9541,J0B1C0,Canada,45.170533,-72.045007,86150.64182659179
9542,J0B2C0,Canada,45.274045,-71.972578,78414.27395892766
9543,J0C1K0,Canada,45.829631,-72.514645,6153.414570562074
9544,J0B2C0,Canada,45.350193,-71.890877,74972.81178950971
9545,J0B2C0,Canada,45.350193,-71.890877,74972.81178950971
9546,J0B2C0,Canada,45.350193,-71.890877,74972.81178950971
9547,J0C1M0,Canada,46.105406,-72.369355,26546.68044643638
9548,J0H1W0,Canada,45.59602,-73.088946,56674.69948871603
9549,J0B2P0,Canada,45.4551,-72.076368,57012.776295374424
9550,J0B3H0,Canada,45.275591,-71.884001,81995.91687995517
9551,J0H1S0,Canada,45.594239,-73.092972,57045.50717809668
9552,J0B3G0,Canada,45.50016,-71.825218,66478.81534462394
9553,J0C1M0,Canada,45.854626,-72.417897,5896.256329375348
9554,J0B1R0,Canada,45.488741,-71.648137,78295.88832230137
9555,J0G1K0,Canada,45.883466,-72.954785,36473.29555934761
9556,J0G1P0,Canada,45.892064,-73.147773,51438.89698123773
9557,J0B2P0,Canada,45.456566,-72.078174,56798.78449922685
9558,J0H1C0,Canada,45.827502,-73.062937,45264.09391536792
9559,J0B3G0,Canada,45.40423,-71.882924,70726.00452860534
9560,J0H1R0,Canada,45.64634,-72.760573,33782.48338655777
9561,J0H1N0,Canada,45.783671,-72.780024,25362.643240174963
9562,J0H2E0,Canada,45.62195,-72.654231,31685.592167352323
9563,J0H1A0,Canada,45.642301,-72.578829,27534.37492438686
9564,J0B1P0,Canada,45.060747,-71.780932,106508.40783032266
9565,J0H1B0,Canada,45.67159,-73.050793,49772.20314450622
9566,J0H1W0,Canada,45.596144,-73.088936,56666.29582960571
9567,J0A1E0,Canada,45.923914,-72.191969,23139.610703180206
9568,J0B1R0,Canada,45.488457,-71.658509,77645.32882671095
9569,J0H1N0,Canada,46.363705,-64.745163,599298.2777885777
9570,J0H1R0,Canada,45.648482,-72.760369,33588.33020067747
9571,J0B3H0,Canada,45.275484,-71.893027,81606.77384259498
9572,J0H1L0,Canada,45.663419,-72.341265,26606.539787553695
9573,J0B2Y0,Canada,45.202789,-71.513279,106881.6763733159
9574,J0H1K0,Canada,45.786788,-73.158358,53326.81657043956
9575,J0C1K0,Canada,45.829631,-72.514645,6153.414570562074
9576,J0B2P0,Canada,45.474755,-72.044724,56654.7500870497
9577,J0B3G0,Canada,45.533957,-71.859502,62027.151514144185
9578,J0A1A0,Canada,48.102349,-66.112069,543148.1825762668
9579,J0B3E0,Canada,45.029416,-72.006863,101825.30804512699
9580,J0H1R0,Canada,45.651422,-72.756318,33135.239760014374
9581,J0B1R0,Canada,45.460242,-71.652221,79862.75161579326
9582,J0H1R0,Canada,45.652693,-72.750062,32717.474057008967
9583,J0H1B0,Canada,45.67159,-73.050793,49772.20314450622
9584,J0H1W0,Canada,45.986962,-73.078499,47513.15072894865
9585,J0B3H0,Canada,45.220972,-71.958314,84101.32743210418
9586,J0C1M0,Canada,46.108791,-72.368815,26915.818070146066
9587,J0A1K0,Canada,45.820238,-71.865411,48443.97890789187
9588,J0G1T0,Canada,45.956625,-73.115257,49601.35410575226
9589,J0B1M0,Canada,45.384907,-71.691699,82767.31034861287
9590,J0H1K0,Canada,45.630935,-73.183583,61024.82287457845
9591,J0H1K0,Canada,45.745901,-73.147353,53600.30867316805
9592,J0H2B0,Canada,45.564839,-72.716677,39529.952308225984
9593,J0H1S0,Canada,45.597091,-73.005776,51370.58079372162
9594,J0H1K0,Canada,45.781852,-73.114709,50131.22891122335
9595,J0H1S0,Canada,45.595846,-73.094226,57026.104653734525
9596,J0B2P0,Canada,45.459483,-72.088916,56066.198924598866
9597,J0G1K0,Canada,45.103163,-72.614276,87144.49705520706
9598,J0G1S0,Canada,45.979115,-72.997829,41255.66316578323
9599,J0H1R0,Canada,45.684957,-72.756621,30365.734581418128
9600,J0H1W0,Canada,45.494863,-72.885807,53104.32203905376
9601,J0B2V0,Canada,45.741604,-71.435466,82828.01434763566
9602,J0G1P0,Canada,45.897852,-73.147357,51423.938794549926
9603,J0C1M0,Canada,46.071309,-72.328724,24391.909197477777
9604,J0G1P0,Canada,45.913225,-73.1489,51628.16031033333
9605,J0B1M0,Canada,45.348684,-71.673679,86540.83997041063
9606,J0H1S0,Canada,45.592915,-73.096369,57347.21040823802
9607,J0B1W0,Canada,45.260636,-72.070811,76166.26535110576
9608,J0H1C0,Canada,45.649211,-72.683104,30042.723338941592
9609,J0G1P0,Canada,45.892064,-73.147773,51438.89698123773
9610,J0H1W0,Canada,45.494863,-72.885807,53104.32203905376
9611,J0A1A0,Canada,45.780698,-72.011996,38275.27477796938
9612,J0C1A0,Canada,45.997573,-72.352578,16525.902101684485
9613,J0H1R0,Canada,45.653933,-72.756953,32951.8248811694
9614,J0B2P0,Canada,45.456566,-72.078174,56798.78449922685
9615,J0B2P0,Canada,45.455962,-72.076165,56941.7323786527
9616,J0B2P0,Canada,45.447695,-72.0951,56912.523722267084
9617,J0H1Z0,Canada,45.697897,-72.573449,21493.951377014844
9618,J0H1M0,Canada,45.729713,-72.736186,25785.893772530337
9619,J0B3G0,Canada,45.481796,-71.858816,65853.37650683541
9620,J0H1B0,Canada,45.67159,-73.050793,49772.20314450622
9621,J0G1K0,Canada,45.885615,-72.966702,37398.789245790336
9622,J0H1M0,Canada,45.727726,-72.733746,25788.316637140168
9623,J0H1W0,Canada,45.494863,-72.885807,53104.32203905376
9624,J0B2H0,Canada,45.677479,-72.134078,35358.37504850449
9625,J0B3G0,Canada,45.50016,-71.825218,66478.81534462394
9626,J0B1A0,Canada,45.443966,-71.759023,74469.02956621312
9627,J0H1W0,Canada,45.494863,-72.885807,53104.32203905376
9628,J0H1W0,Canada,45.494863,-72.885807,53104.32203905376
9629,J0H1T0,Canada,45.863471,-72.875884,30423.362605926723
9630,J0B3A0,Canada,45.310177,-71.343413,109213.89375361532
9631,J0H1J0,Canada,45.52238,-73.005481,56863.93616906964
9632,J0H2G0,Canada,45.632709,-73.185145,61042.528625972256
9633,J0H1R0,Canada,45.668512,-72.732336,30481.096206243546
9634,J0H1S0,Canada,45.591255,-73.101892,57807.01344122087
9635,J0B2C0,Canada,45.27428,-71.963976,78734.60224401334
9636,J0B2T0,Canada,45.79213,-71.935427,43682.88156074427
9637,J0H1A0,Canada,45.643386,-72.571819,27277.011975193975
9638,J0H1A0,Canada,45.642301,-72.578829,27534.37492438686
9639,J0B2C0,Canada,45.265036,-71.994342,78442.17626323598
9640,J0B1K0,Canada,45.326339,-71.206085,117110.00374788795
9641,J0B1K0,Canada,45.326339,-71.206085,117110.00374788795
9642,J0H1A0,Canada,51.767699,-104.190843,2393213.2374182264
9643,J0H1R0,Canada,45.654003,-72.760909,33144.21640235356
9644,J0H1R0,Canada,45.648482,-72.760369,33588.33020067747
9645,J0H1W0,Canada,45.494863,-72.885807,53104.32203905376
9646,J0H1L0,Canada,45.572744,-72.861636,45116.27489271162
9647,J0C1S0,Canada,45.756219,-72.493671,13872.652062988484
9648,J0H1R0,Canada,45.652628,-72.756273,33029.5763865082
9649,J0H1R0,Canada,45.652628,-72.756273,33029.5763865082
9650,J0H1J0,Canada,45.517662,-72.978297,55757.95923319951
9651,J0B1B0,Canada,45.247009,-72.243925,72979.98587516016
9652,J0H1Y0,Canada,45.712928,-72.884665,36262.451614617596
9653,J0B1W0,Canada,45.245079,-72.285909,72419.86805453159
9654,J0C1B0,Canada,45.972375,-72.690543,18964.722521461794
9655,J0C1J0,Canada,45.651829,-72.56036,26152.16509391395
9656,J0H1E1,Canada,45.510448,-72.436699,41376.781562052565
9657,J0B3H0,Canada,45.293296,-71.863053,81340.50260719722
9658,J0H1A0,Canada,45.642301,-72.578829,27534.37492438686
9659,J0G1K0,Canada,45.883466,-72.954785,36473.29555934761
9660,J0A1L0,Canada,45.922901,-71.943174,42169.44624780678
9661,J0H1Y0,Canada,45.744379,-72.841994,31640.356701718436
9662,J0H1M0,Canada,45.781242,-72.777924,25332.758416554218
9663,J0H1Y0,Canada,46.05129,-70.369647,164706.02021028913
9664,J0H2B0,Canada,45.557338,-72.686832,39288.79373719465
9665,J0C1M0,Canada,46.108725,-72.384847,26523.75299437008
9666,J0H1P0,Canada,45.794963,-72.998715,41032.39509986095
9667,J0H1G0,Canada,45.21333,-73.595229,114110.26726465579
9668,J0B1W0,Canada,49.534421,-98.547975,1983731.277514752
9669,J0C1M0,Canada,46.110713,-72.366545,27175.96983934232
9670,J0B1M0,Canada,45.240066,-72.255575,73502.24547176302
9671,J0H1E0,Canada,45.647603,-72.56623,26715.75025680729
9672,J0B1L0,Canada,45.246864,-71.830914,87003.41228807537
9673,J0G1M0,Canada,46.065782,-72.828778,33698.68596750855
9674,J0G1T0,Canada,45.948203,-73.087226,47309.26521959994
9675,J0B2A0,Canada,45.279214,-71.718328,89681.30058789338
9676,J0H1W0,Canada,45.494923,-72.905501,54013.98755579512
9677,J0A1M0,Canada,46.063866,-71.947986,46223.22374199923
9678,J0H1Y0,Canada,45.7417,-72.816033,30041.296572757296
9679,J0B2V0,Canada,45.521643,-72.099541,49913.08080514013
9680,J0H2C0,Canada,45.68355,-72.406213,22761.107837024305
9681,J0H2G0,Canada,45.688927,-73.176506,57830.45373725339
9682,J0B2P0,Canada,45.447695,-72.0951,56912.523722267084
9683,J0H1W0,Canada,45.626928,-73.092001,55017.70978949385
9684,J0H1W0,Canada,45.213111,-73.589432,113783.66269493863
9685,J0B1A0,Canada,45.246501,-72.282104,72329.1583020877
9686,J0A1C0,Canada,45.811645,-71.758443,56795.1134434212
9687,J0H1G0,Canada,45.740875,-72.931007,38005.40274196274
9688,J0H1L0,Canada,45.565082,-72.851065,45246.74902108658
9689,J0C2L0,Canada,0,0,8672420.421869809
9690,J0B1L0,Canada,45.239514,-71.822289,88062.22281397872
9691,J0B2B0,Canada,45.659724,-72.182305,33973.604832488556
9692,J0A4N0,Canada,0,0,8672420.421869809
9693,J0B1W0,Canada,45.254245,-72.100926,75858.11339796979
9694,J0B1R0,Canada,45.484968,-71.659171,77823.5804074689
9695,J0H1T3,Canada,0,0,8672420.421869809
9696,J0B1L0,Canada,50.830012,-58.957209,1139834.123270583
9697,J0B2C0,Canada,45.318203,-71.901767,77315.77480264367
9698,J0B1N0,Canada,0,0,8672420.421869809
9699,J0H1M0,Canada,45.749305,-72.74792,25153.01575559891
9700,J0H2B0,Canada,45.558441,-72.708128,39870.6257998556
9701,J0H1B0,Canada,45.765642,-73.003219,42254.50664140764
9702,J0H1LO,Canada,45.401604,-75.846533,267048.4081918262
9703,J0H1R0,Canada,45.648482,-72.760369,33588.33020067747
9704,J0B1R0,Canada,45.36296,-71.868849,74939.80212400058
9705,J0B1M0,Canada,45.426692,-71.668973,81098.90999110273
9706,J0H2B0,Canada,45.557859,-72.708422,39938.92881666462
9707,J0B1A0,Canada,45.443966,-71.759023,74469.02956621312
9708,J0H1H0,Canada,45.637954,-72.383874,28117.937831386454
9709,J0B1R0,Canada,46.015821,-72.07137,35314.41303010788
9710,J0G1K0,Canada,45.883466,-72.954785,36473.29555934761
9711,J0C1N0,Canada,45.85243,-72.247006,18648.242539028688
9712,J0H1J0,Canada,45.52838,-73.021939,57322.303400669174
9713,J0H1R0,Canada,45.650237,-72.766496,33745.216191098625
9714,J0B1M0,Canada,45.389345,-71.483294,95184.29823447864
9715,J0C1N0,Canada,45.85243,-72.247006,18648.242539028688
9716,J0B1M0,Canada,45.411463,-71.623691,84922.57636348253
9717,J0B2A0,Canada,45.293127,-71.719696,88454.29551513799
9718,J0B1A0,Canada,45.438192,-71.814503,71697.04261361748
9719,J0B2X0,Canada,45.270179,-71.507577,102021.5071508952
9720,J0H1K0,Canada,45.745901,-73.147353,53600.30867316805
9721,J0B1E0,Canada,45.266724,-71.523105,101382.88556414518
9722,J0C1M0,Canada,46.108222,-72.371521,26787.307551810976
9723,J0A1N0,Canada,45.737652,-71.808441,54794.48025051712
9724,J0A1N0,Canada,45.737652,-71.808441,54794.48025051712
9725,J0B1R0,Canada,45.3626,-71.869225,74952.02161841618
9726,J0H1P0,Canada,45.773569,-72.989406,40966.53031912457
9727,J0H1Y0,Canada,45.662268,-72.340349,26752.705500555214
9728,J0H1Y0,Canada,45.662268,-72.340349,26752.705500555214
9729,J0B3J0,Canada,45.563594,-71.607148,76753.10184512312
9730,J0B1L0,Canada,46.266901,-64.576691,611915.271052758
9731,J0C1S0,Canada,45.761317,-72.502474,13361.344525952987
9732,J0C1N0,Canada,45.864927,-72.251793,18093.407045446955
9733,J0H1A0,Canada,45.6594,-72.542332,25041.81700854136
9734,J0H1E0,Canada,45.375737,-72.555898,56484.8897152647
9735,J0H1B0,Canada,45.719005,-73.082487,49801.51568114918
9736,J0B3J0,Canada,45.68868,-71.439873,83834.86441167122
9737,J0H1W0,Canada,45.951841,-73.575785,84913.33497681451
9738,J0B2H0,Canada,45.661363,-72.140584,36160.662679663765
9739,J0H1W0,Canada,45.494923,-72.905501,54013.98755579512
9740,J0H1A0,Canada,45.642301,-72.578829,27534.37492438686
9741,J0C1K0,Canada,45.834343,-72.55162,7345.4712093790595
9742,J0A1L0,Canada,45.842299,-71.960058,40851.839768807666
9743,J0H1S0,Canada,45.58338,-73.112369,58974.939605260486
9744,J0H1R0,Canada,45.60646,-72.784483,38420.34973728507
9745,J0B2H0,Canada,45.661363,-72.140584,36160.662679663765
9746,J0G1P0,Canada,48.915171,-123.714009,3801403.772507302
9747,J0B2T0,Canada,45.798014,-72.192969,24383.56863400305
9748,J0H1A0,Canada,45.61919,-72.560075,29698.568521569716
9749,J0H1W0,Canada,45.494863,-72.885807,53104.32203905376
9750,J0A1B0,Canada,45.869639,-72.113594,28744.72300428787
9751,J0H2B0,Canada,45.550332,-72.675596,39669.07155301878
9752,J0H1W0,Canada,45.494863,-72.885807,53104.32203905376
9753,J0H1P0,Canada,45.773569,-72.989406,40966.53031912457
9754,J0H1S0,Canada,45.593413,-73.087565,56749.69161735553
9755,J0H1P0,Canada,45.809607,-72.995938,40467.93356418113
9756,J0H2E0,Canada,45.649513,-72.689644,30278.45373144722
9757,J0H1A0,Canada,45.652008,-72.567417,26262.298423468623
9758,J0B1A0,Canada,45.453617,-71.763766,73486.74638888573
9759,J0A1L0,Canada,45.879906,-71.938596,42277.5677389427
9760,J0H1J0,Canada,45.52838,-73.021939,57322.303400669174
9761,J0H2E0,Canada,45.651345,-72.682929,29832.05567954136
9762,J0H1T0,Canada,45.084191,-73.309772,109605.0902732153
9763,J0B2H0,Canada,45.663263,-72.135888,36288.75898478295
9764,J0B2P0,Canada,45.447695,-72.0951,56912.523722267084
9765,J0B1M0,Canada,45.384907,-71.691699,82767.31034861287
9766,J0H1A0,Canada,45.642301,-72.578829,27534.37492438686
9767,J0B1A0,Canada,45.443966,-71.759023,74469.02956621312
9768,J0H1A0,Canada,51.767699,-104.190843,2393213.2374182264
9769,J0B2A0,Canada,45.28068,-71.690593,91012.86971303343
9770,J0A1K0,Canada,45.806298,-71.891981,46660.51537761996
9771,J0G1T0,Canada,45.980207,-73.137875,51814.84785558168
9772,J0H1L0,Canada,45.602939,-72.832758,41101.385548808
9773,J0B3J0,Canada,45.761677,-71.408771,84469.8355859911
9774,J0H1K0,Canada,45.239873,-73.503796,106789.27678964539
9775,J0H1R0,Canada,45.984298,-73.280694,62741.35923507886
9776,J0H1W0,Canada,45.494863,-72.885807,53104.32203905376
9777,J0B4B0,Canada,45.178929,-71.993073,86997.90701766471
9778,J0H2B0,Canada,45.564839,-72.716677,39529.952308225984
9779,J0H1A0,Canada,45.649492,-72.571435,26611.648248754933
9780,J0H1Z0,Canada,45.69773,-72.545634,20915.85873767467
9781,J0H1S0,Canada,45.594239,-73.092972,57045.50717809668
9782,J0B1M0,Canada,45.384907,-71.691699,82767.31034861287
9783,J0H1Y0,Canada,45.744379,-72.841994,31640.356701718436
9784,J0C1M0,Canada,46.071309,-72.328724,24391.909197477777
9785,J0B2P0,Canada,45.447695,-72.0951,56912.523722267084
9786,J0B1B0,Canada,45.337146,-71.56338,93818.13036325555
9787,J0H1A0,Canada,45.642301,-72.578829,27534.37492438686
9788,J0B3J0,Canada,45.693853,-71.461131,82088.93433140867
9789,J0H1L0,Canada,45.565082,-72.851065,45246.74902108658
9790,J0G1M0,Canada,45.981725,-72.71888,21375.00028936609
9791,J0H1S0,Canada,45.593818,-73.094352,57160.76012928843
9792,J0H2E0,Canada,45.653808,-72.690397,29904.150487833864
9793,J0B2V0,Canada,45.534035,-72.025499,52536.17630078693
9794,J0H1L0,Canada,45.56667,-72.856264,45365.863950766754
9795,J0H1W0,Canada,45.494923,-72.905501,54013.98755579512
9796,J0H2B0,Canada,45.563187,-72.707993,39391.037470830175
9797,J0H1T0,Canada,45.856098,-72.877022,30575.856854841324
9798,J0H1W0,Canada,45.50397,-72.908923,53379.47213860621
9799,J0B1R0,Canada,45.484968,-71.659171,77823.5804074689
9800,J0H1H0,Canada,45.637954,-72.383874,28117.937831386454
9801,J0H2E0,Canada,45.651932,-72.682702,29766.982288497085
9802,J0B1R0,Canada,45.477473,-71.667963,77743.02142926108
9803,J0C1S0,Canada,45.763994,-72.493783,13008.949002729267
9804,J0H1E0,Canada,45.57658,-72.616527,35378.952624883896
9805,J0H1S0,Canada,45.585528,-73.112462,58846.31441166612
9806,J0H1J0,Canada,45.648534,-72.7017,30873.4279743247
9807,J0H1S0,Canada,45.595881,-73.092142,56889.41180514334
9808,J0B2V0,Canada,45.533791,-72.048801,51344.60198443891
9809,J0H1R0,Canada,45.620746,-72.776496,36781.32272118799
9810,J0H1R0,Canada,45.651514,-72.759901,33305.55302444649
9811,J0H1A0,Canada,51.767699,-104.190843,2393213.2374182264
9812,J0B3B0,Canada,45.52428,-71.276681,101909.96036670162
9813,J0B2X0,Canada,45.270179,-71.507577,102021.5071508952
9814,J0B3J0,Canada,45.759303,-71.404974,84804.22174095116
9815,J0H1R0,Canada,45.648482,-72.760369,33588.33020067747
9816,J0H1W0,Canada,45.494863,-72.885807,53104.32203905376
9817,J0B2P0,Canada,45.45873,-72.077358,56633.81709624067
9818,J0B1A0,Canada,45.446133,-71.784729,72804.45021099894
9819,J0H2B0,Canada,45.564846,-72.715157,39475.39428988836
9820,J0H1B0,Canada,45.767568,-72.99983,41938.5225230983
9821,J0H1A0,Canada,45.642301,-72.578829,27534.37492438686
9822,J0H1W0,Canada,45.494863,-72.885807,53104.32203905376
9823,J0A1R6,Canada,0,0,8672420.421869809
9824,J0H1W0,Canada,45.494863,-72.885807,53104.32203905376
9825,J0G1P0,Canada,45.892799,-73.148211,51474.56818539317
9826,J0G1H0,Canada,46.071806,-72.822373,33725.88497730915
9827,J0B3A0,Canada,45.007577,-72.146765,100699.63865827533
9828,J0B2H0,Canada,45.660399,-72.140801,36220.96153686928
9829,J0H1A0,Canada,45.61247,-72.651452,32561.432591748173
9830,J0B1R0,Canada,45.362598,-71.869924,74917.44537961858
9831,J0H1B0,Canada,52.115967,-106.696491,2566753.2549925833
9832,J0H1B0,Canada,52.115967,-106.696491,2566753.2549925833
9833,J0H1W0,Canada,45.484342,-72.820115,51275.12436509032
9834,J0A1A0,Canada,45.754685,-72.06754,35232.42717043795
9835,J0H2G0,Canada,45.688927,-73.176506,57830.45373725339
9836,J0H1N0,Canada,45.732463,-72.734036,25459.786887857936
9837,J0H1N0,Canada,45.732463,-72.734036,25459.786887857936
9838,J0G1M0,Canada,46.363705,-64.745163,599298.2777885777
9839,J0H1E0,Canada,45.574817,-72.521536,34170.30188123713
9840,J0G1P0,Canada,45.837054,-73.13593,50763.19711054477
9841,J0H1J0,Canada,49.515301,-98.006705,1944568.4514265605
9842,J0B1W0,Canada,45.399393,-71.945,68051.19189606607
9843,J0H1A0,Canada,45.649492,-72.571435,26611.648248754933
9844,J0B2P0,Canada,45.456566,-72.078174,56798.78449922685
9845,J0B3H0,Canada,45.407789,-71.879082,70627.40853251035
9846,J0H2B0,Canada,45.577952,-72.741302,39177.10057335762
9847,J0H1S0,Canada,45.439943,-73.200335,74241.28070878208
9848,J0B1P0,Canada,45.038016,-71.749119,109965.83638652734
9849,J0H1C0,Canada,45.821338,-73.069693,45879.68209696264
9850,J0H1S0,Canada,45.589469,-73.101278,57879.15709094193
9851,J0H1N0,Canada,45.791949,-72.855717,30463.639455526845
9852,J0H1C0,Canada,45.821338,-73.069693,45879.68209696264
9853,J0G1J0,Canada,46.117709,-72.833702,37776.05481116689
9854,J0G1J0,Canada,46.117709,-72.833702,37776.05481116689
9855,J0H1A0,Canada,45.6594,-72.542332,25041.81700854136
9856,J0C1J0,Canada,45.834937,-72.854711,29176.849667301158
9857,J0B1M0,Canada,45.366119,-71.810459,77663.39853429754
9858,J0H1W0,Canada,45.494863,-72.885807,53104.32203905376
9859,J0H1A0,Canada,45.6594,-72.542332,25041.81700854136
9860,J0H1RO,Canada,0,0,8672420.421869809
9861,J0H1W0,Canada,45.625951,-73.08821,54821.75493259415
9862,J0B1M0,Canada,45.384907,-71.691699,82767.31034861287
9863,J0H1H0,Canada,45.637954,-72.383874,28117.937831386454
9864,J0B1W0,Canada,45.260636,-72.070811,76166.26535110576
9865,J0H1M0,Canada,45.749305,-72.74792,25153.01575559891
9866,J0G1K0,Canada,45.577545,-72.870551,45168.27981518795
9867,J0B1A0,Canada,45.443966,-71.759023,74469.02956621312
9868,J0H1G0,Canada,45.791576,-72.96386,38504.909643057785
9869,J0B1L0,Canada,45.246864,-71.830914,87003.41228807537
9870,J0B1L0,Canada,45.246864,-71.830914,87003.41228807537
9871,J0H1S0,Canada,45.585273,-73.115606,59065.034651310554
9872,J0B3H0,Canada,45.279262,-71.893579,81234.69574487823
9873,J0B3H0,Canada,45.293296,-71.863053,81340.50260719722
9874,J0H1T0,Canada,45.844072,-72.869305,30134.946042988253
9875,J0H1K0,Canada,45.798965,-73.135063,51293.28455449796
9876,J0B1L0,Canada,45.292676,-71.827777,83059.11193204165
9877,J0H1W0,Canada,45.494863,-72.885807,53104.32203905376
9878,J0H1W0,Canada,45.50724,-72.899726,52651.5057676944
9879,J0A1C0,Canada,45.811645,-71.758443,56795.1134434212
9880,J0B1T0,Canada,45.092783,-72.20182,90431.31078855747
9881,J0H1A0,Canada,45.651286,-72.566972,26331.75117745443
9882,J0C1K0,Canada,46.363234,-64.744264,599365.1366200745
9883,J0G1L0,Canada,45.897687,-72.862575,29383.72235595158
9884,J0G1P0,Canada,45.892064,-73.147773,51438.89698123773
9885,J0B3H0,Canada,45.402019,-71.889526,70573.37597480387
9886,J0B3H0,Canada,45.402019,-71.889526,70573.37597480387
9887,J0H1L0,Canada,45.564049,-72.853659,45463.32409744758
9888,J0B1M0,Canada,45.384907,-71.691699,82767.31034861287
9889,J0B1W0,Canada,45.244593,-72.046966,78577.9595927798
9890,J0B1A0,Canada,45.443966,-71.759023,74469.02956621312
9891,J0B1A0,Canada,45.443966,-71.759023,74469.02956621312
9892,J0H1B0,Canada,45.652539,-73.029656,49390.16839768921
9893,J0H1E0,Canada,45.574817,-72.521536,34170.30188123713
9894,J0H1G0,Canada,45.740004,-72.936004,38399.156818263655
9895,J0H1L0,Canada,45.565082,-72.851065,45246.74902108658
9896,J0H1G0,Canada,45.740875,-72.931007,38005.40274196274
9897,J0C1S0,Canada,45.798241,-72.479076,9183.465069573538
9898,J0H1B0,Canada,45.521726,-73.015686,57482.89044692694
9899,J0C1A0,Canada,46.004966,-72.343026,17629.447588237956
9900,J0B2T0,Canada,45.81436,-72.221968,21627.64128755807
9901,J0B3G0,Canada,45.534241,-71.804862,65386.90196740379
9902,J0H2E0,Canada,45.633627,-72.669866,31053.44408730642
9903,J0H1P0,Canada,45.724243,-73.052808,47442.08250755897
9904,J0B3A0,Canada,45.337684,-71.566336,93603.37971275061
9905,J0H1C0,Canada,45.828402,-73.05926,44968.041915178736
9906,J0C1R0,Canada,46.086495,-72.183502,32646.668944411053
9907,J0B3J0,Canada,45.70566,-71.437847,83513.97130685677
9908,J0B3G0,Canada,45.369661,-71.968414,69626.12120862374
9909,J0H2B0,Canada,45.557338,-72.686832,39288.79373719465
9910,J0H2B0,Canada,45.557338,-72.686832,39288.79373719465
9911,J0H1E0,Canada,46.363705,-64.745163,599298.2777885777
9912,J0H1A0,Canada,45.642301,-72.578829,27534.37492438686
9913,J0H1P0,Canada,45.794963,-72.998715,41032.39509986095
9914,J0H1V0,Canada,46.011421,-73.366066,69799.17569735776
9915,J0H1V0,Canada,45.73875,-72.621838,19071.548481293343
9916,J0H1Y0,Canada,46.05129,-70.369647,164706.02021028913
9917,J0H1B0,Canada,45.660482,-73.043221,49853.28048332344
9918,J0G1K0,Canada,46.38294,-73.508519,96804.15649142388
9919,J0B2W0,Canada,45.080248,-71.672009,109347.59461742562
9920,J0H1H0,Canada,45.585917,-72.378831,33815.78316876983
9921,J0B2R0,Canada,45.194084,-71.641513,100786.89228407182
9922,J0B2P0,Canada,45.447695,-72.0951,56912.523722267084
9923,J0H1G0,Canada,45.740875,-72.931007,38005.40274196274
9924,J0B2P0,Canada,45.447695,-72.0951,56912.523722267084
9925,J0B3J0,Canada,45.746162,-71.428798,83240.28284944211
9926,J0H1J0,Canada,45.532637,-72.999277,55718.69594473539
9927,J0H1S0,Canada,45.591648,-73.094216,57288.06973070364
9928,J0H1W0,Canada,45.483985,-72.81866,51251.83236199983
9929,J0B1M0,Canada,46.719569,-79.096673,516898.9696305985
9930,J0H1A0,Canada,45.642301,-72.578829,27534.37492438686
9931,J0G1K0,Canada,46.031016,-73.322141,66978.0940925843
9932,J0B2Z0,Canada,45.627167,-71.365451,91357.49542638498
9933,J0C1M0,Canada,46.046804,-72.300977,23300.969328003215